BeatmapID,TotalWeightedPP,AppearanceCount,Placements,Title,DifficultyName
1475722,1872.5097,2,"1,85",Crystalia,Meal's Ultra
4917965,2552.4718,4,"2,62,6,25",The Edge Of Glory,lady gaga motorcycle
5027876,6047.8683,15,"3,18,31,16,15,72,4,33,18,92,22,73,92,83,6",Sweets Holic (Cut Ver.),Lemaire's Ex
4792613,1751.8841,6,"4,88,70,34,81,82",Zetsubou plantation (Cut Ver.),-AzuMi's Extreme
1724319,2046.424,3,"5,21,34",Anoneanoneanoneanoneanoneanoneanoneanone Kouji ga Okureteruno,Anone
4786514,3060.4691,17,"6,86,74,14,28,31,91,80,81,18,15,82,85,33,89,64,90",Zetsubou plantation (Cut Ver.),Despair
5544732,66284.1285,99,"7,22,1,2,1,6,9,1,19,1,2,1,2,2,73,10,1,2,15,2,74,2,41,1,1,19,1,2,1,2,5,8,13,10,11,25,36,79,11,1,25,5,6,12,30,3,10,11,9,13,13,33,84,1,1,1,1,27,1,1,33,1,1,1,8,26,5,4,9,4,79,26,7,9,25,15,3,9,7,28,30,3,1,8,2,35,5,24,58,8,10,10,72,6,87,2,1,47,9",overture,omni's hometown
5124997,3198.923,10,"8,8,20,95,57,64,11,55,37,12",Oroka na Ketsumatsu,Ideology
1811527,8227.6348,27,"9,73,55,1,97,7,2,83,9,12,38,33,33,80,5,16,84,91,85,89,98,67,100,55,100,55,50",Save Me,Nightmare
4860513,7631.6456,22,"10,32,4,27,6,30,12,47,9,97,8,86,38,8,52,93,14,62,64,30,49,75",Polar 240,Blizzard
4808501,8565.0619,24,"11,47,41,21,11,4,8,86,84,1,14,25,89,5,86,23,89,89,28,21,69,25,22,41",Zetsubou plantation (Cut Ver.),Plasma's Extreme
4967007,1875.4514,8,"12,48,35,88,5,84,65,96",Temptation (feat. Rebecca) (Nightcore Mix),Tylerderp's Extreme
5211256,872.5475,2,"13,84",Nail Gun,fumo
4921872,2153.8478,12,"14,92,18,80,93,96,79,100,37,15,38,22",Title Screen,The Game of Video Quick Draw
5774158,12038.1097,23,"15,4,10,94,12,4,5,2,9,25,2,1,21,15,70,11,11,34,51,65,88,5,11",The Eye Of Eternity,Greater than Gods
5047713,1418.9247,5,"16,22,21,84,78",Songs Compilation VI,Marathon
5047712,2306.3371,8,"17,33,8,100,32,29,84,65",Songs Compilation VI,Collab Extra
5423181,33921.0472,100,"18,89,33,68,35,13,3,43,23,79,2,43,12,61,14,31,8,59,30,100,11,30,2,46,2,3,26,35,82,61,19,84,5,48,9,4,12,11,58,20,19,95,4,47,27,3,3,92,10,56,25,55,27,14,38,40,27,52,3,9,82,18,17,52,13,21,7,97,87,7,74,61,42,18,75,16,6,7,56,51,6,28,56,2,4,5,16,26,15,36,2,61,39,12,62,39,2,23,44,32",Presenter* (Cut Ver.),Merry Christmas!!
1909555,2350.5913,13,"19,63,15,37,89,31,92,7,84,72,74,49,94",Walk This Way!,Ultra
5416765,29342.0356,62,"20,33,45,3,1,89,32,77,11,4,2,3,81,1,1,6,14,7,20,42,5,23,76,8,4,8,12,57,7,22,20,79,46,9,96,3,21,84,30,53,7,13,11,18,40,13,28,1,24,54,87,1,42,8,3,77,10,28,1,53,7,44",Christmas Slop,Nymphe's Ultra+
1256809,17251.1655,47,"21,24,19,8,61,72,36,6,3,10,38,38,1,52,3,5,6,1,46,55,28,70,41,15,33,17,54,5,2,18,48,1,94,94,4,90,33,74,72,70,74,76,23,72,59,47,72",Save Me,Tragedy
4810017,10292.0406,42,"22,61,95,37,3,71,58,20,10,88,82,40,39,18,42,54,82,35,45,4,18,67,26,32,89,13,96,14,5,7,63,22,15,67,43,33,35,61,87,54,13,27",Zetsubou plantation (Cut Ver.),Kuki's Extreme
5577996,716.3738,2,"23,24",Souzou no Idea,Eternity
5043510,830.2472,6,"24,91,34,62,37,43",Kyouki Chinden (TV Size),Ultra
4925156,16492.9948,54,"25,65,82,17,29,49,10,58,14,17,33,69,28,91,11,49,17,30,7,12,15,33,59,1,2,31,72,4,5,21,59,31,95,85,15,12,82,66,32,38,90,25,20,55,31,70,1,9,4,26,28,11,98,93",Time to Say Goodbye (TV Size),Reform's Extreme
4829379,7962.3043,28,"26,34,16,5,48,40,31,5,48,34,43,57,29,64,1,62,57,45,44,22,6,17,43,61,62,9,65,38",Zetsubou plantation (Cut Ver.),Extreme
5097762,7735.9601,40,"27,78,21,13,48,18,49,80,21,41,56,72,81,7,38,71,62,24,25,18,46,14,46,47,72,43,98,74,19,8,46,53,16,54,48,53,57,14,48,35",Temptation (feat. Rebecca) (Nightcore Mix),Parad0xa & -AzuMi's Extreme
4874327,8139.5024,36,"28,49,51,98,43,20,17,31,15,42,3,29,96,61,61,78,95,100,51,27,7,6,38,13,76,100,26,31,75,17,70,13,72,97,22,8",Time to Say Goodbye (TV Size),No Return
4926909,7963.2303,23,"29,46,59,7,31,8,14,18,6,68,33,7,14,23,48,2,42,85,23,73,88,92,27",Title Screen,Ultra
5416768,29002.251,85,"30,70,13,46,19,22,7,88,33,11,39,6,34,26,7,69,57,53,27,4,24,5,12,96,8,10,43,65,11,6,3,20,47,1,71,55,10,87,9,75,28,20,16,38,74,80,18,78,1,41,69,93,12,11,41,25,15,55,24,53,7,2,22,50,94,2,1,8,13,13,44,49,13,3,29,16,29,6,99,88,25,38,94,26,20",Christmas Slop,Ram's Ultra
1711326,1485.8578,4,"31,36,3,85",Owari Tsumugishi Mono,Lasse's Extra
4896590,1118.8271,5,"32,63,11,66,79",Crystalia,Plasma's Extreme
5284834,5731.0817,12,"33,5,1,78,7,89,38,6,46,3,10,54",Ai no Shoumei,"Shattered Feelings, Hopeful Love, and You"
2069969,12010.9653,47,"34,38,57,31,50,42,79,35,21,49,3,14,42,19,9,62,55,72,35,7,54,57,6,81,54,40,59,23,15,17,19,12,28,23,38,4,83,29,12,30,23,21,25,71,54,92,8",Rat Race,TheMefisto's EXTRA
1185036,307.1752,4,"35,86,71,71",Inai Sekai,Regret
5322879,4248.3174,19,"36,16,7,96,12,6,42,26,15,79,73,95,25,88,71,90,96,67,53",ESSE CARA!,TOMA TOMA!
4775095,693.8138,9,"37,64,26,55,81,87,67,80,95",Spider Dance,Plasma's Genocide
5496736,825.8977,7,"38,26,41,81,87,61,58",Hell Above (Cut Ver.),Wasteland
5049011,37373.3379,75,"39,20,4,22,9,1,5,82,4,9,97,13,6,11,3,35,3,9,37,59,87,2,8,28,30,2,4,4,17,64,8,27,27,47,6,12,11,58,22,10,46,87,20,8,9,1,4,98,23,5,30,4,6,92,2,35,16,35,14,31,3,3,31,41,2,4,38,5,1,70,27,3,12,10,2",Sweets Holic (Cut Ver.),Kumocha's Extreme
4708805,588.9353,10,"40,93,68,78,42,49,84,67,90,31",Bang Bang,Plasma's Expert
4763600,528.6252,5,"41,41,96,34,72",Inai Sekai,Extreme
901854,873.2343,12,"42,96,89,40,24,64,84,53,65,93,67,58",Sendan Life,Nostalgia
5731825,4085.6875,17,"43,25,25,95,66,25,78,50,74,5,34,22,17,13,71,40,3",RuLe (Cut Ver.),ANARCHY
4867605,11047.8162,40,"44,36,27,24,61,36,22,62,86,13,35,48,100,3,29,19,63,31,12,28,36,83,1,70,11,77,3,57,21,22,9,1,12,75,14,49,71,31,27,67",RuLe,ByE
2590221,483.0149,3,"45,25,78",Doro no Bunzai de Watashi dake no Taisetsu o Ubaouda nante,Shallowness
5416771,5662.2077,17,"46,30,29,37,9,2,19,7,67,100,28,42,72,2,67,69,26",Christmas Slop,Sloppy Gift
4867167,9084.0683,49,"47,90,80,21,98,39,18,16,57,13,63,26,53,4,50,72,31,1,30,28,44,56,13,64,75,35,28,37,8,54,50,65,29,100,48,50,29,84,19,32,24,41,43,52,47,28,74,26,34",R U 4 Me? (Cut Ver.),i feel so far from the people who are nearest
3871989,127.3012,1,48,Vicinity Of Obscenity,Isomir's Extreme
915210,2625.477,21,"49,13,99,85,60,87,21,95,17,59,59,46,98,92,57,50,28,23,48,23,45",quaver,Crescendo
5236530,4252.3555,19,"50,45,76,56,97,93,10,79,19,79,12,75,29,3,38,3,96,82,30",Eu Li Na Biblia (Sped Up & Cut Ver.),"Dance, dance, dance"
4791387,22964.2531,96,"51,34,61,62,65,81,7,57,28,10,8,55,30,9,12,57,99,62,22,8,7,41,60,35,9,43,6,88,56,33,28,37,23,53,67,29,35,3,32,4,5,17,51,16,26,81,27,20,73,21,71,64,47,55,18,67,90,5,42,28,100,50,98,25,40,41,78,43,82,8,16,20,7,4,45,5,4,68,12,94,16,74,80,35,70,29,34,90,50,70,59,7,73,21,68,50",Song That Might Play When You Fight Sans,Genocide
4883679,17859.8552,72,"52,60,28,8,3,47,82,3,24,54,78,15,32,12,76,30,31,86,20,44,7,18,77,49,68,49,89,20,26,81,1,41,79,71,2,95,37,18,56,61,22,61,19,63,31,75,81,39,14,46,15,98,46,93,20,64,6,3,83,84,9,3,53,66,24,6,42,51,52,21,5,92",Unstoppable,Gotta Go Fast!!
5064356,97.0922,1,53,WINTER ARC (CUT VER.),WRATH
4715827,92.233,1,54,Bang Bang,Luscent's Extreme
4793476,33899.8343,108,"55,64,23,43,2,31,2,4,10,1,28,82,66,32,35,44,55,36,34,60,24,27,15,17,63,43,45,39,16,5,83,45,18,16,13,26,29,94,76,64,13,52,2,63,36,33,2,61,14,8,39,10,10,1,50,56,58,78,8,2,30,16,100,47,62,5,36,36,6,72,12,2,42,27,38,6,84,96,83,38,32,1,1,5,2,35,13,15,53,61,32,81,2,10,61,6,47,16,70,53,56,18,76,46,87,22,4,64",Zetsubou plantation (Cut Ver.),PikA's Extra
1995061,368.5348,10,"56,95,48,87,82,96,30,98,68,81",Packet Hero,Sotarks' Yowasa
4789151,79.0437,1,57,"Hana ni Ame o, Kimi ni Uta o",shoyeu's Colorless World
5240469,1764.2473,7,"58,61,8,51,7,92,35",Wing my Way (Game Ver.),Path of Hope
2534559,706.3632,3,"59,24,17","FLYING OUT TO THE SKY (covered by Nanahira, moimoi, Nana Takahashi)",browiec & Kuki's EXTRA
4630407,22577.0593,102,"60,51,100,26,65,91,12,16,10,33,39,6,69,44,20,2,66,33,34,20,61,78,17,1,59,92,26,70,27,79,38,17,12,22,69,39,11,75,19,65,94,58,4,30,87,50,52,41,18,79,40,51,2,46,82,6,15,77,30,9,13,44,44,25,96,77,45,25,12,22,65,4,93,57,66,52,19,85,50,19,37,22,39,84,75,46,65,94,23,86,39,8,19,10,44,36,5,13,12,77,10,92",Bike Chase,Plasma's Extra
1925409,19148.8847,68,"61,64,41,51,26,45,31,12,6,50,83,51,12,36,40,90,66,50,4,68,11,15,78,100,8,88,42,91,3,69,19,91,29,59,79,59,5,67,42,16,3,18,3,3,45,19,40,10,5,4,53,14,8,57,24,1,54,81,3,32,23,23,71,96,40,19,21,5",Shitteru? Madousho wa Donki ni mo Naru no yo,shitteru?
1371599,100.4531,4,"62,98,62,94",Umiyuri Kaiteitan,Kaitei
4852514,7525.2081,26,"63,86,23,7,21,3,24,89,58,58,48,26,44,97,33,69,25,56,15,5,3,83,1,81,56,56",Kuusou Mesorogiwi (TV Size),Decree
1170505,767.5527,11,"64,30,87,88,96,70,58,83,40,22,79",Uta,Redemption
912167,51.724,1,65,Apoptosis Queen,Doom Desire
4839949,18685.0186,82,"66,74,38,80,40,72,12,36,7,35,23,58,24,11,85,52,46,23,36,3,28,63,35,65,84,10,31,7,24,78,87,2,23,81,18,35,37,32,44,21,17,3,80,6,23,85,38,77,29,39,67,11,87,56,26,26,10,5,29,6,74,96,71,64,83,12,86,12,95,34,60,83,29,14,66,82,85,28,22,2,87,48",Zetsubou plantation (Cut Ver.),Not DT Farmer's Extra
5556876,8130.9023,20,"67,26,5,8,12,37,8,2,30,36,21,30,73,4,1,89,35,7,33,13",And He Shut His Eyes in Anguish,O'Evil King Ekthelion
4788529,55.9205,2,"68,86",Break Free,The Moment of Happiness and Comfort
5623311,87.3388,3,"69,75,74",Mind Craft (Cut Ver.),Akitoshi's Beginning
1391631,75.5006,2,"70,66",Seijouki no Pierrot ~ The MadPiero Laughs,Extra Stage
5500905,2686.6662,13,"71,95,73,8,28,72,49,9,8,91,61,76,97",Sakura no Zenya (Nightcore Mix),Mutual Promise
4470172,351.1796,6,"72,78,28,77,67,83",dorchadas,htonrahS
3045622,70.134,2,"73,69",Taking you out,Akitoshi's Extreme
2240526,37.5183,2,"74,95",Anoyo-iki no Bus ni Notte Saraba.,Yandere
5364895,5548.419,31,"75,87,89,66,89,64,41,69,79,33,51,87,15,60,9,45,59,4,61,39,61,34,4,98,85,17,11,7,3,43,69",Mind Craft,Start from Here!
880321,161.9989,2,"76,34",Packet Hero,Ruthless
1909554,5631.3957,21,"77,48,16,1,5,53,16,75,17,82,34,18,92,40,65,98,13,54,23,68,77",Walk This Way!,Extreme
5589237,1095.9177,2,"78,4",down,Pro!
644971,1380.8996,10,"79,99,81,13,65,16,49,34,72,95",MariannE,Collab
4960484,2032.6983,13,"80,100,64,33,90,69,91,86,4,82,45,39,7",A little bit,Tenderness
412288,389.6184,4,"81,28,30,77",Sentimental Skyscraper,Myouren Hijiri
3745820,50.0049,3,"82,79,74",Brazil,Atomic Scope
5727768,4660.6318,19,"83,91,14,90,2,93,12,71,59,4,90,21,60,13,96,16,24,73,64",MONTAGEM BATCHI,JOGA ACELERA
1645523,3859.0836,28,"84,16,91,29,1,41,79,81,68,69,57,93,32,90,33,59,72,37,83,26,47,96,52,15,49,51,18,98",Seijouki no Pierrot ~ The MadPiero Laughs,Stage 5
1788628,193.8825,4,"85,41,64,60",1HOPE SNIPER,Resolve
4757557,2519.6023,15,"86,42,61,82,46,75,20,11,20,8,55,97,39,63,96",Noise (English Ver.),Polarity
3242187,1958.1842,6,"87,6,63,10,100,50",5150,Reflection
4852491,8422.2054,36,"88,42,2,9,65,29,54,41,46,81,65,5,49,60,90,47,34,27,20,55,68,2,25,21,17,29,41,59,43,22,63,34,3,77,54,58",Sentou! Battle Tower,Challenge!
1549739,1168.5861,3,"89,55,2",Crystalia,Xenok Sakaki's Extreme
4852494,436.6426,8,"90,81,36,50,46,74,85,53",Sentou! Battle Tower,Plasma's Extreme
5516642,56.3402,4,"91,78,74,73",#WE <3 YURI,Share's Extra feat. craxtz
3489230,12.3525,1,92,Kizuitara Shunkashuutou (Cut Ver.),Akitoshi's Extreme
4913599,2218.9669,26,"93,67,36,48,49,38,31,37,48,88,19,52,62,69,64,51,76,27,31,48,66,56,91,44,85,66",Time to Say Goodbye (TV Size),Plasma's Extreme
1672204,549.1381,11,"94,54,80,39,79,79,88,71,49,30,37",Pure Furies ~ Vengeance is Mine,Extra Stage
4726119,1728.2537,15,"95,20,45,47,67,39,54,21,81,19,95,49,58,78,57",L9,Extreme
2328679,470.0563,5,"96,54,100,23,68",ChuChu Lovely MuniMuni MuraMura PrinPrin Boron Nururu ReroRero (Chiptune Cover),Malding Bunny
4572837,5692.3613,12,"97,16,32,6,4,15,15,58,9,58,10,12",Necrofantasia ~ Remix,Youkai of Boundaries
4224032,58579.9882,105,"98,1,1,79,23,1,2,2,41,32,46,3,98,6,36,2,5,18,3,7,24,5,68,1,1,7,1,1,31,8,67,3,4,79,13,18,20,14,10,10,9,1,44,4,57,6,64,55,2,20,83,7,5,68,1,4,13,1,1,3,7,1,46,2,5,1,35,29,4,6,1,6,36,7,1,5,6,77,28,20,24,2,7,21,2,13,8,2,2,16,3,1,43,4,17,1,3,56,1,14,83,1,38,8,5",Bam Bam,Dom vs. Ciyus Miapah : Rastafara Trip Flavor
5457470,748.0923,14,"99,96,76,44,100,28,89,60,37,83,67,49,38,98",clarity rmx (hayakou bootleg) (cut ver.),hayakou's bootleg
4521745,4683.0567,10,"100,3,3,12,75,40,10,20,58,63",L'erisia (Primary Logic),sstari's Extreme
5704969,7733.8206,13,"1,4,2,6,3,60,60,91,42,49,7,75,73",Cellar of Ghosts,shoyeu's Faint Whisper
5258382,33048.8101,80,"2,5,2,1,1,95,1,5,10,3,3,2,1,2,4,6,14,86,1,1,76,85,73,10,94,42,5,53,42,15,39,91,7,69,34,60,28,2,51,53,44,69,16,54,56,37,30,66,21,46,10,21,15,36,51,18,23,17,45,29,55,46,75,31,14,60,38,11,30,24,31,11,32,37,23,35,16,13,59,13",Power of the Dragonflame,Uri's Extreme
5218580,4451.1042,5,"3,4,72,7,2",Over the Fullereneshift,mizto's Extreme
5119288,26600.8763,42,"4,15,2,15,5,7,47,2,20,51,1,11,41,1,1,2,1,3,4,1,3,20,9,11,8,45,4,13,56,16,98,82,45,8,10,5,7,31,75,15,91,85",Humiliation Supreme,Extreme
4746232,13925.0245,47,"5,1,8,2,16,5,74,5,12,55,9,63,3,32,78,7,26,1,23,84,87,87,96,83,100,85,64,99,39,29,91,58,72,75,56,45,87,73,74,62,10,100,77,33,65,91,48",Sidetracked Day,Distraction
5329312,25665.6711,79,"6,4,94,74,78,10,82,90,32,38,53,41,47,37,61,51,30,24,28,26,29,21,28,8,75,24,43,32,18,25,15,16,18,18,33,30,17,11,41,15,11,18,13,4,44,19,10,50,13,9,14,24,9,7,11,10,48,25,92,15,15,8,14,5,9,37,8,15,26,33,4,9,5,6,78,8,5,27,35",Humiliation Supreme,Dignity
4894158,54426.3624,112,"7,43,32,32,80,8,18,13,25,18,76,7,3,40,7,30,6,19,51,10,8,6,53,8,24,5,33,2,37,3,11,7,59,5,4,1,6,1,1,6,10,14,12,4,1,11,2,32,12,9,2,28,2,16,12,13,4,86,48,7,13,26,2,84,69,7,8,14,1,7,1,1,1,2,3,3,58,6,17,16,92,1,2,36,1,19,40,69,21,54,53,22,59,30,1,47,1,78,2,68,27,55,57,1,3,46,46,6,1,1,16,5",Higan Kikou ~ View of The River Styx,River Mist: Distance Becomes Strange
5206807,2954.1719,18,"8,54,22,29,34,24,71,13,57,83,81,82,86,78,85,62,72,49",Sidetracked Day,Distraction
5620511,4545.9812,24,"9,49,45,24,16,8,42,77,37,76,68,59,10,31,36,39,57,48,14,39,82,35,29,94",Cellar of Ghosts,Perfect Silence
5211120,6805.4169,16,"10,40,15,5,3,81,85,7,9,11,99,12,43,62,49,92",Sidetracked Day,PixelGlory's Elegy
5780519,1247.4113,2,"11,29",Lein,ekstreemne
5206808,11481.6629,44,"12,59,77,21,79,56,67,61,28,2,23,49,33,90,38,38,92,28,27,2,68,31,23,15,41,12,19,12,13,18,62,13,17,21,19,17,16,84,32,33,15,10,23,9",Sidetracked Day,Maaadbot's Sidetracked Week
5671885,4477.1466,30,"13,20,53,5,22,88,45,30,100,95,41,88,41,39,49,38,95,36,77,51,38,27,61,45,42,35,52,44,27,80",Heartless (Cut Ver.),Indifference
5207891,785.6359,3,"14,75,96",Over the Fullereneshift,Fourth Impact
5186856,16679.8862,32,"15,50,18,14,13,12,35,9,68,79,25,18,16,23,29,1,2,40,8,10,2,12,44,1,42,6,9,4,2,6,34,3",Sidetracked Day,shoyeu's Extra
116128,7692.1924,15,"16,75,4,42,12,63,27,4,7,19,20,2,11,7,5",rog-unlimitation,AngelHoney
5211222,30270.9304,48,"17,2,20,7,13,11,2,32,6,1,42,10,6,13,12,2,2,2,1,4,19,43,1,21,6,17,21,96,1,14,10,12,10,34,8,13,45,1,5,54,3,34,71,6,1,2,9,35",Power of the Dragonflame,shoyeu's Expert
5141310,12307.9786,48,"18,12,9,26,56,34,4,5,7,53,92,63,63,29,4,92,33,100,38,14,22,78,30,42,65,48,3,31,38,38,39,87,74,25,9,27,38,19,64,18,49,30,19,43,44,20,66,26",Sidetracked Day (Short Ver.),-Tynamo's Resolution
5699094,6414.1811,14,"19,67,18,26,44,1,3,12,1,54,1,9,85,88",Lein,ekstra
4704022,40779.4101,54,"20,14,13,5,10,5,23,3,5,4,28,8,64,4,1,51,3,3,3,4,1,4,1,4,75,2,18,1,8,2,1,1,72,43,1,32,83,7,5,2,66,9,4,11,7,7,3,15,2,1,1,24,2,4",Age of Tyranny,shoyeu's Extra
5145068,15788.9897,54,"21,8,14,40,32,32,28,19,14,50,7,27,41,49,15,5,57,28,29,54,68,2,9,31,13,41,49,5,73,33,91,92,54,82,89,29,59,28,29,25,20,8,6,32,40,68,37,3,15,15,10,60,68,36",NNRT,Extra
5134784,1574.6643,10,"22,72,23,30,41,49,31,47,87,98",NNRT,Extreme
5521635,1583.006,10,"23,48,37,76,6,69,78,70,85,51","Motto, Nee Motto (TV Size)",Fanservice
4628575,8941.4532,30,"24,31,56,20,29,29,9,98,16,32,13,7,23,52,11,23,82,1,25,32,80,57,60,34,74,17,19,69,28,30",Snow Goose,Sytho's Extra
5682464,23972.9123,56,"25,9,61,39,38,21,15,50,7,28,84,19,9,11,9,7,12,8,24,41,6,15,2,61,35,74,6,87,26,1,2,91,49,18,28,4,1,67,100,7,45,9,8,15,2,78,22,3,35,4,62,43,6,19,7,9",Heartless (Cut Ver.),Uri's Extra
5675454,3931.9457,11,"26,25,15,1,62,75,22,17,30,23,81",Heartless (Cut Ver.),Maaadbot's Extreme
5743097,3663.5382,14,"27,17,51,20,62,26,24,4,51,98,38,29,24,3",Valley Of The Vale,Maaadbot's Extreme
5062956,11524.4644,32,"28,81,33,22,11,31,27,19,12,39,41,55,4,24,40,31,48,6,5,29,3,1,6,59,100,2,87,10,31,21,31,6",Thine King Weeps for Mercy,Astronic's Extra
4343206,23620.4924,74,"29,75,99,50,38,62,58,60,17,37,51,69,19,15,24,48,19,24,39,14,45,65,10,12,17,20,17,4,14,11,84,92,15,59,19,16,52,6,6,50,12,2,33,1,66,3,2,49,12,14,2,79,100,16,8,63,34,2,52,97,39,13,16,6,14,33,97,2,49,95,4,56,11,29",over the top,uri's extra
5298466,2583.6747,11,"30,54,16,22,33,19,38,73,75,22,10",hopeless quiet,dixaway & wavewy's expert
4667123,17568.8413,39,"31,32,10,23,29,88,15,15,31,8,15,18,6,15,3,56,3,94,24,7,29,3,93,94,95,5,2,1,93,29,29,90,28,1,2,17,25,1,2",Sidetracked Day,evth's Inside Extreme
5192354,6789.8004,25,"32,57,63,35,28,21,99,12,89,36,8,16,18,14,17,27,2,81,1,31,14,60,45,44,57",Sidetracked Day,velamy's Hyperactivity
3963421,8651.2957,23,"33,49,25,39,48,2,54,5,8,21,26,1,37,48,1,9,52,28,90,11,24,17,22",10 Things I Hate About Ai no Sukima,Mommy's Radiance
5285756,13163.9127,31,"34,58,5,7,44,42,6,10,37,6,13,44,26,13,15,5,83,82,3,5,28,13,15,7,8,6,9,55,22,48,18",Os-Uchuujin (Asterisk Makina Remix),Kitto anata shika jushin dekinai no
5186857,3293.5877,6,"35,7,8,14,17,6",Sidetracked Day,-Tynamo's Infinity & Beyond
4886597,18056.3462,109,"36,52,1,71,95,38,72,85,76,37,79,66,92,42,39,50,58,61,31,99,24,23,54,39,69,73,78,67,50,29,42,57,37,68,86,93,31,75,15,36,31,34,79,46,71,24,50,51,23,31,92,21,33,27,63,22,22,20,66,80,54,99,31,59,82,19,49,39,19,30,20,16,17,21,26,13,5,13,21,90,33,25,19,73,18,69,29,11,13,70,13,14,28,91,15,39,13,20,13,30,75,94,34,55,31,9,20,65,14",Age of Tyranny,PixelGlory's Extreme
3131107,1248.4546,5,"37,7,91,69,79",Elements & Tale of Fire,Descendants of Flame
4425486,4982.1092,23,"38,11,3,90,41,57,13,14,35,55,89,59,6,67,55,92,55,93,89,69,91,46,25",slishkom pozdno,deprived of your presence I regress into nothingness
5192351,5378.9263,19,"39,58,45,37,21,29,64,18,53,4,9,51,18,43,61,4,5,89,14",Sidetracked Day,Astronic's Extreme
675734,5119.1517,19,"40,27,48,81,77,96,25,35,9,31,64,28,48,36,16,44,25,1,2",Valley of the Damned,Apocalypse
3962022,3909.8114,31,"41,49,92,68,80,22,55,44,36,40,60,31,27,25,52,8,70,76,25,97,42,34,71,26,8,99,53,71,87,55,55",10 Things I Hate About Ai no Sukima,1 - I Hate The Fact You Made Sytho Map Too
4975644,8624.5972,30,"42,12,17,20,30,1,49,4,20,13,2,9,30,86,87,31,49,98,78,96,9,95,69,99,69,71,51,82,75,71",Higan Kikou ~ View of The River Styx,Extra Stage
111680,641.3118,8,"43,100,25,40,91,63,88,57",Ascension to Heaven,Death
5389812,1223.7522,5,"44,9,99,79,92","Jashin no Konrei, Gi wa Ai to Shiru.",Our Shared Lament
4000950,3530.0179,17,"45,22,47,22,53,54,24,66,20,35,37,79,14,19,20,63,87",Valley of the Vale,Nymphuwua's Expert Collab
4337667,1286.4195,12,"46,66,54,76,11,45,52,45,94,79,93,90",over the top,expert
5109853,47065.0722,85,"47,46,15,28,65,77,27,37,24,36,16,26,20,14,48,24,10,12,20,8,13,16,20,2,79,8,11,6,3,6,7,6,9,29,5,64,16,10,7,12,3,7,10,3,20,20,2,5,1,31,1,3,10,13,1,1,35,3,11,1,14,38,5,5,1,2,4,88,40,4,30,2,2,1,59,1,8,1,2,19,1,5,4,5,18",Humiliation Supreme,Extra
5132508,1202.7468,6,"48,64,23,34,22,68",The Frozen Land,Preserved Anguish
4943355,4302.5163,15,"49,19,11,27,52,92,58,59,16,8,12,51,12,89,87",Sidetracked Day (Short Ver.),Lost
5474226,17473.5557,51,"50,42,80,96,35,52,65,31,16,94,56,19,16,38,18,20,7,22,37,11,60,40,5,39,28,3,9,11,52,15,16,3,15,5,39,5,4,10,1,2,11,10,9,78,10,14,15,63,50,7,39","prygay, dura!",nyxrti's Extra
3967160,12001.7584,52,"51,59,56,98,59,62,48,34,95,38,23,95,89,32,24,58,9,37,17,12,32,82,10,19,84,16,7,56,35,39,34,13,40,11,24,24,52,73,9,55,2,70,65,4,50,9,8,17,16,10,19,34",10 Things I Hate About Ai no Sukima,2 - Years Of Your Beatmaps I Can't Undo
2423981,9398.9635,19,"52,12,55,49,24,2,31,12,13,2,16,6,78,5,5,11,49,8,82",Embraced by the Flame,Extra
5377422,1614.0709,8,"53,44,14,13,43,82,95,35",BPM210 no Shanghai Alice (Instrumental),HYPERPIGEON'S EXTRA
4511021,3863.7882,10,"54,6,18,31,28,29,17,6,43,92",Ascension to Heaven,Climax
1754777,3116.3654,24,"55,17,27,47,51,22,4,86,75,61,17,93,56,63,72,68,64,100,56,54,74,90,85,88",Sidetracked Day,Infinity Inside
4994500,6203.1231,14,"56,4,1,3,12,6,56,97,83,92,68,40,62,32",Prismatix,kowari's Extreme
4551189,348.5949,9,"57,38,76,67,97,54,97,79,86",Snow Goose,nebuwua's Hibernal Embrace
1241370,5077.3251,50,"58,51,80,53,85,85,85,72,54,77,90,82,52,38,77,61,57,63,46,26,45,62,42,42,65,94,79,38,45,37,23,79,38,97,48,12,25,79,21,43,84,11,16,7,89,99,26,85,12,47",HONESTY,DISHONEST
5061151,10061.0794,27,"59,7,35,35,71,25,16,59,10,10,14,39,91,5,20,1,7,67,12,41,13,15,5,63,31,69,48",Green Greens,Mekadon's Super Ability
5298015,142.2268,4,"60,66,78,62",End Time,Epilogue
5225100,2527.265,10,"61,29,4,14,34,65,60,72,87,66",A Voice In The Dark,Redemption
5281371,6685.0083,14,"62,7,24,56,8,3,9,10,46,27,22,13,2,23",Noah Fence,Blockbuster
2615748,8777.2588,63,"63,100,91,99,70,80,93,61,51,46,50,96,57,20,83,100,32,38,23,26,75,19,68,29,44,12,36,35,39,39,16,56,97,51,18,34,44,16,3,26,78,94,50,50,9,20,82,52,83,19,63,66,39,67,38,81,91,14,81,53,91,1,42",Xevel,Extreme
5684273,3965.2164,26,"64,98,42,33,38,21,51,45,57,5,3,61,44,38,76,36,75,82,69,23,45,100,66,14,84,77",Heartless (Cut Ver.),shoyeu's Extreme
5080973,32377.4896,63,"65,35,29,11,19,43,2,31,18,60,8,2,89,5,1,6,21,4,3,26,36,1,18,25,24,3,10,10,30,3,2,10,7,3,13,3,72,7,1,18,22,4,2,85,82,1,17,58,41,1,16,13,11,77,4,26,100,29,39,31,5,45,6",look at me tenderly,(>///<)
4638446,1079.7951,6,"66,20,64,22,70,25",Sidetracked Day,Extra (2024)
4019123,16865.6186,45,"67,17,46,38,83,38,21,12,87,29,11,22,73,14,76,24,7,12,14,9,50,8,9,77,2,16,1,14,30,6,68,43,14,12,2,57,16,10,2,3,24,50,11,50,28",Bubblegum Bitch (Nightcore Mix),Steal Me With a Kiss
4381212,7877.2548,44,"68,44,89,75,75,38,77,44,7,68,38,29,82,43,37,59,41,29,92,33,34,27,18,35,27,78,48,17,18,42,4,18,38,9,15,3,73,18,72,67,27,49,100,70",Sentou de Pinch!,-Tynamo's Extra
5226286,745.8513,6,"69,33,55,100,61,20",Power of the Dragonflame,sytho's Dragonflame of the Vale Expert
1907933,1194.1695,7,"70,27,87,72,9,99,79",FREEDOM DiVE [METAL DIMENSIONS],Extra
5357401,57.2751,3,"71,84,85",BPM210 no Shanghai Alice (Instrumental),FIR'S EXTRA
5065131,3090.9802,8,"72,9,10,6,84,27,44,96",Valley of the Damned,Breaking Skies
4698324,57.9933,3,"73,70,84",Reign of Fear,VII
4700151,1726.8577,6,"74,40,8,49,13,54",NE PLACH',sh4rq_'s extreme
5187401,1528.3118,8,"75,15,98,32,87,22,13,60",Xeno Phantasm,mizto's Extra
4641263,2774.5743,14,"76,95,64,17,40,65,94,69,39,5,5,85,80,33",Blue Goose,Sytho's Expert
2111505,11108.0912,66,"77,97,70,21,72,83,45,69,49,46,52,64,23,60,7,65,67,17,41,51,66,15,56,12,92,14,15,50,13,82,74,22,18,71,8,79,50,47,67,68,57,44,13,28,6,55,100,89,13,9,73,35,21,43,90,7,3,52,50,46,72,38,31,59,56,11",Sidetracked Day,Sojourn Collab
5038991,21.8799,1,78,Stop Saying We Sound Like Dragonforce,Not Roupus' Legend
5421091,1044.3543,4,"79,21,17,63",Braking Down,Melancholic
5341644,2100.348,8,"80,74,9,64,11,7,84,26",Sidetracked Day,Fatfan's Squarestream Extreme
4459494,10195.5718,41,"81,100,86,42,19,25,54,77,74,47,8,43,41,80,87,15,26,9,50,9,94,12,3,21,33,10,20,4,81,17,81,6,50,13,8,88,62,42,22,25,7",Blue Goose,Extra
4874839,1922.5104,9,"82,18,56,34,19,95,15,66,29",Sei Juuji Gakuen,Resolute
4944784,5768.8212,26,"83,79,43,70,24,21,6,77,56,78,83,26,24,10,60,21,5,56,43,30,50,33,9,87,39,25",Sidetracked Day (Short Ver.),Nlxus's Extreme
5181607,28.9522,2,"84,72",Sidetracked Day,Sh4rq_'s Extra
5067912,14.5619,1,85,First Storm (KonranP's Japanese Ver.),kowari's mikumiku
1621319,1107.5174,25,"86,37,99,74,28,79,51,80,48,36,62,56,87,42,79,54,99,78,81,94,62,83,45,40,57",Sidetracked Day (Short Ver.),Deflected Journey
5294787,188.7861,4,"87,60,44,64",End Time,-Tynamo's Extra
2833172,6368.0662,26,"88,83,76,27,50,17,10,30,64,32,41,35,61,15,53,11,26,8,16,18,89,23,83,3,89,92",Ascension to Heaven,BoshyMan's Extra
4787837,1069.5996,12,"89,91,42,97,57,50,44,68,12,23,90,42",NE PLACH',uri's extra
5136936,29213.6103,102,"90,82,27,71,71,51,34,99,72,37,31,71,20,33,36,49,37,73,56,21,64,38,46,78,14,15,18,46,6,14,19,19,35,14,15,15,53,10,30,71,77,13,9,28,40,22,20,10,41,6,31,63,12,6,5,54,7,30,5,21,19,15,32,60,9,11,13,2,97,15,26,22,16,52,5,49,53,2,4,18,17,29,34,49,16,33,12,5,9,74,54,5,84,17,97,16,14,10,4,90,4,20",NNRT,Expert
5610793,10.6063,1,91,"The Sun, The Moon, The Star","The Magician, by ravensong"
4731665,1209.6798,11,"92,73,37,29,38,42,25,42,80,84,20",3y3s,-Tynamo's Extra
75359,129.4643,3,"93,37,93",Snow Goose,Sharon's
4946438,28.0967,2,"94,81",-ELIS-,Isolation
4247753,9662.7347,55,"95,96,30,53,89,68,69,44,48,66,45,24,36,20,51,92,53,63,32,46,57,98,52,26,6,36,15,80,29,4,52,46,40,38,67,28,9,29,23,5,59,7,3,46,53,31,7,61,8,39,82,36,72,95,34",F.I,Expert
5353417,447.6173,2,"96,23","Jashin no Konrei, Gi wa Ai to Shiru.",Inks & Sayuka's Extra
861180,516.5969,5,"97,24,49,71,89",March of War / Axe of Judgement,Relentless Brutality
2249015,1373.4915,3,"98,8,25",Exile of the Floating World,Gabdu09's Extra
2358414,391.4278,2,"99,25",Destruction,Extreme
5633072,3713.2931,8,"100,3,3,70,48,5,51,61",Broken Illusion,Mirror of Kalandra
2496721,1862.0848,6,"1,74,73,62,89,98",The Violation,pishi's Extra
4567074,4091.4265,14,"2,86,5,1,89,44,90,97,23,53,35,68,43,74",L'erisia (Primary Logic),Roll_Pan's SPECIAL
5588362,2347.9036,3,"5,34,4",Anemone,riana
2843416,3289.244,22,"6,86,56,97,21,37,42,83,27,22,90,63,97,17,96,76,95,26,29,76,83,24",Embraced by the Flame,Extreme
4419503,2165.0183,3,"7,16,17",L'erisia (Primary Logic),Elcheer's Expert feat. Luscent
5406011,983.6617,2,"10,100",The Limit Does Not Exist,an3's Singularity
4866300,918.0254,1,11,Icyxis,Uri's Expert
4862035,880.5877,5,"13,90,84,58,86",MEGALOMANIA,KK'S EXTREME
1432041,1099.2658,9,"15,96,75,95,91,66,74,17,91",Sky of Twilight,Stairway To Heaven
2502889,786.076,3,"16,79,39",The Deceit,pishi's Extra
2039543,622.4139,1,17,Shinbatsu o Tadori Kyoukotsu ni Itaru,Extreme
1528368,791.6811,2,"19,23",FUCK YOU!,Ultra
4704307,918.015,10,"28,70,86,43,72,97,87,57,30,36",Gekiai No Yobigoe Ga Dekiai No Sakebigoe Wo Kurau,ratarok & danissima's Extra
4907863,1476.2667,3,"31,13,13",Symphony of a Dying Star,Sh4rglory's Extra
5430024,270.0685,1,32,The Limit Does Not Exist,Astronic & -Tynamo's Factorial
1218337,850.0031,19,"35,99,91,99,41,75,69,98,71,86,79,67,100,86,74,46,18,98,73","Yomi yori Kikoyu, Koukoku no Tou to Honoo no Shoujo.",Reverberation
4693567,348.6184,4,"37,57,38,89",NE PLACH',mithew's extreme
5769340,4929.8432,18,"39,27,27,58,4,58,9,90,10,57,72,84,5,47,15,48,11,79",MONTAGEM BATCHI,KUKI'S EXTREME
5715082,162.6296,1,41,Japanese Transformation,HyperPigeon's Extreme
552068,156.1354,2,"43,82",Everything will freeze,Extra
4836714,5539.1732,38,"44,46,32,22,60,20,66,32,76,82,57,66,7,79,21,35,46,71,49,18,47,50,60,77,92,92,8,15,63,41,37,76,7,89,50,91,89,35",my love life needs a lobotomy,BLOODY RED
4878950,406.2457,2,"45,23",IMAGE -MATERIAL- <Version 0>,Extra
4864065,757.4097,5,"48,55,15,92,66",It's a Monster House!,Summon Trap
547598,2393.4002,11,"50,89,73,25,37,14,45,15,11,14,100",Skrillex Circulation,Rekt!
5098651,5073.1042,29,"53,96,9,62,63,38,39,28,70,77,30,20,27,57,65,18,61,42,19,84,8,80,74,30,41,13,93,26,60",ANTIDOTE,SMOKE'S ANTIDOTE
4871419,283.9329,5,"56,70,100,44,35",AKARI BEAM CANNON LAST BOSS,MEGAFAN'S MASTER
4791385,24557.9245,87,"57,90,47,50,46,55,18,46,76,18,39,37,63,23,47,17,50,19,76,10,13,96,63,97,3,5,26,83,5,97,1,49,5,99,2,30,7,16,6,36,31,18,50,19,29,13,53,26,53,27,27,8,25,97,23,60,89,35,1,73,38,10,14,9,43,21,1,26,52,39,5,46,40,1,56,15,84,22,14,87,38,22,49,49,96,1,45",Song That Might Play When You Fight Sans,browiec's Extreme
4919168,11829.91,49,"58,47,95,38,2,23,95,35,54,73,41,85,32,17,73,47,7,29,36,58,63,34,40,15,86,13,13,41,56,69,60,8,6,30,10,44,3,43,10,34,35,30,65,10,73,3,33,14,42",R U 4 Me? (Cut Ver.),Aakki's Extreme
4914437,2566.1882,20,"59,83,37,40,19,50,9,84,27,16,71,26,93,85,96,36,45,92,71,78",R U 4 Me? (Cut Ver.),Together Forever
5727651,28182.3847,57,"62,6,33,2,43,98,2,40,9,2,1,10,13,15,6,6,11,7,64,35,85,47,49,1,33,68,10,1,21,8,27,3,16,2,73,6,7,2,4,23,72,8,55,3,10,9,50,48,65,2,4,1,3,7,67,14,93",MONTAGEM BATCHI,EXTREME
5637653,14276.6295,47,"68,6,10,90,33,4,45,94,18,23,6,38,41,4,11,23,11,23,8,72,60,92,66,93,75,71,8,19,19,51,36,24,8,2,73,27,27,99,9,7,43,14,55,3,32,65,70",overture,cycles
4855807,9538.7865,55,"71,18,18,34,72,50,87,19,10,41,82,37,98,42,3,95,77,80,20,58,36,71,67,59,49,43,80,22,51,57,24,73,12,22,20,11,11,31,17,70,93,41,46,12,10,85,93,79,44,68,62,83,26,20,72",Sentou! Battle Tower,Fiery's Extreme
4876550,19844.6731,84,"72,20,18,15,63,9,38,19,27,93,29,26,16,38,78,76,22,66,68,48,26,17,37,7,41,99,70,9,16,90,8,15,12,13,38,70,19,23,88,94,30,40,34,17,86,56,5,38,88,66,39,22,66,72,86,14,10,44,20,22,94,91,21,1,1,11,37,42,11,59,59,48,32,36,30,23,76,11,4,63,59,20,72,73",Time to Say Goodbye (TV Size),PikA's Extreme
2328680,7113.6654,39,"73,82,76,45,9,45,13,69,76,21,31,27,17,17,84,92,93,90,14,24,87,16,11,66,54,16,68,46,55,71,13,91,12,8,97,47,48,41,80",ChuChu Lovely MuniMuni MuraMura PrinPrin Boron Nururu ReroRero (Chiptune Cover),Reform's Extreme
5388574,1136.9637,5,"74,29,10,18,60","Jashin no Konrei, Gi wa Ai to Shiru.",shoyeu's Extra
1614500,233.5766,2,"76,28",Jikininki,mithew's Extra
5064278,1197.7406,8,"77,34,98,77,44,28,36,16",American Girls (Juztan Remix),-AzuMi's Broken Heart
752980,1857.1402,9,"79,38,50,7,17,96,15,39,85",Hall of the Mountain King,VII
4864435,1274.4499,12,"80,66,63,40,70,64,12,72,34,45,36,82",It's a Monster House!,Sotarks' Warp Trap
5068889,18.1304,1,82,Thine King Weeps for Mercy,h6zy's Extreme
4651524,1085.2623,5,"83,19,11,36,89",toromi hearts 2,dancefloor clearer
4924798,18125.375,85,"87,76,14,60,23,56,35,16,55,11,46,12,57,24,27,33,43,78,69,67,37,60,13,19,22,22,14,33,43,77,58,1,15,41,9,32,28,9,14,10,72,26,23,32,81,37,17,80,49,12,22,32,59,22,49,38,39,28,58,90,3,27,9,94,16,92,46,6,39,63,55,68,41,21,22,96,74,72,36,95,32,33,64,8,60",Time to Say Goodbye (TV Size),A r M i N's Extreme
4761012,260.6998,3,"88,36,45",FREEDOM DiVE,sstari's Another
784791,38.5998,4,"93,100,91,70",Ooi [Game Edit],Game Over
5711955,645.105,6,"94,62,32,31,90,28",ESSE CARA!,SPECIAL!
970048,485.9164,11,"97,47,84,57,86,68,90,52,73,22,84",Gimme chocolate!!,BLACK CHOCOLATE!!
2281078,138.7068,6,"98,95,54,75,54,91",When It Falls (feat. Casey Lee Williams) (TV Size),Misery
3606973,20.4656,2,"99,78","Seishin no Kairi no, Sakebi to Nageki.",Extreme.
4538488,6.8816,1,100,The silent world (Instrumental Ver.),Daycore's Extra
803828,4077.9524,13,"7,6,13,48,26,70,84,26,24,100,78,95,26",Reign of Fear,VI
5275552,1190.6747,2,"10,28",Infernus Ad Astra / Rise Of The Chaos Wizards,tacoyaki5's Legend
5064561,21448.7902,83,"14,71,48,73,61,39,84,50,58,31,24,43,23,40,33,15,39,43,20,84,36,85,21,74,29,51,23,21,35,40,39,58,32,70,21,23,18,6,40,30,16,44,13,94,3,19,61,66,18,9,34,19,59,38,13,8,43,63,17,4,3,5,13,10,36,30,17,30,1,41,91,13,8,11,18,4,5,9,56,36,7,22,8",Epitaph,Remembrance
1942387,5090.2511,19,"23,65,9,51,55,46,98,11,7,12,42,13,11,55,60,68,41,68,38",-ELIS-,Extreme
2670759,406.2656,2,"26,62",Shoujo Kisoukyoku ~ Speed Battle,Extra Stage
5054371,1008.0534,12,"28,59,52,80,66,77,51,35,39,42,71,83",Green Greens,-Tynamo's Sparkle
4684761,1510.1072,7,"30,46,44,29,12,47,74",Save Me,Vile World
5108662,460.3962,5,"32,53,48,65,88",Hishin Matara ~ Four seasons where Starless disappeared.,Extra Stage
2673453,5382.7525,26,"34,14,21,55,94,73,47,40,73,88,69,8,86,23,25,50,93,68,37,59,23,91,13,11,35,4",Mou Ii kai?,Nevo's Rain
3884667,29569.0424,101,"36,46,72,35,56,34,60,55,64,18,31,2,40,9,39,36,59,100,8,32,7,97,3,49,57,33,99,8,95,32,25,62,8,23,9,43,4,13,32,3,76,39,49,3,60,75,54,32,28,2,95,96,77,77,29,3,75,15,37,30,31,3,1,90,7,9,5,17,53,91,46,7,66,71,33,20,43,17,3,3,17,22,87,15,14,55,6,20,48,24,46,60,80,8,73,1,58,34,24,8,60",Guitar to Kodoku to Aoi Hoshi,Akitoshi's Extreme
3675267,2021.3306,7,"37,30,38,18,7,77,83",Azul Remix,IOException's Extreme
1695382,5536.4096,24,"38,17,60,93,62,83,42,48,49,20,10,63,26,7,19,78,13,81,36,36,14,31,91,8",Mou Ii kai?,Rain
2496720,15264.2124,46,"39,81,75,21,77,5,64,7,20,82,9,2,1,18,3,11,1,3,57,18,84,67,5,75,6,51,12,89,8,32,24,73,52,57,11,64,76,14,66,56,89,78,28,21,47,15",The Violation,Skull Fracturing Nightmare
4973572,6225.1019,14,"40,41,21,8,55,14,4,3,17,35,1,95,4,97",tam,let's meet again somewhere at the edge of the world
5240739,322.2032,3,"41,37,74",Marunouchi surviver,Extra
2126752,1513.2655,10,"42,58,9,69,54,30,81,59,76,94",Twilight Skies,Born to Conquer the Universe
3770735,1513.105,6,"43,24,70,32,29,8",Herald of Aegir,Extra
3468687,7827.5196,45,"44,16,92,98,89,29,56,45,67,32,47,62,38,44,31,28,41,16,41,25,32,82,17,26,21,59,12,85,83,11,15,40,87,40,32,95,9,6,93,80,19,44,1,70,93",Night of Winterlight,"The Alluring Sea of Stars, so Beguiling in the Night Sky"
4307891,128.1827,1,45,Tsuioku no Kuroki Makenshi,"Wielder of Magic Swords, Keeper of Memories"
1001682,8119.1314,27,"47,34,5,93,45,73,87,67,5,25,4,17,65,88,10,89,47,11,6,45,89,37,96,57,4,99,10",Through the Fire and Flames,Myth
4859464,757.4864,5,"48,70,18,47,67",Hold Up Your Hearts (Again),AnedeuwuAAa's Extreme Collab
4815899,1351.7674,7,"49,42,54,9,92,27,58",Ange du Blanc Pur,Saint
4647289,1239.8938,6,"51,22,16,47,62,66",Aragami (Short Ver.),Transcend
1557181,87.9768,1,52,Excalibur ~Revived resolution~,LEGENDARY SWORD
4165290,699.4655,6,"53,42,40,35,26,39",Fly With Me,Reaching Destiny
793845,2102.3655,7,"56,7,83,2,89,76,83",Dreadnought,Final Destination
2872154,2347.0765,9,"59,73,30,4,83,5,53,75,50",Lionheart,Extreme
930249,40145.0089,101,"60,92,39,82,79,55,5,73,3,34,1,52,48,3,47,2,4,26,56,26,42,7,6,65,6,88,13,10,33,10,37,73,32,23,20,1,29,6,1,49,23,1,2,1,80,59,65,20,6,1,29,53,55,2,1,17,12,22,43,9,38,15,74,77,55,13,78,80,63,53,74,6,20,10,31,70,13,52,34,87,10,1,22,1,13,22,25,4,1,4,80,22,48,23,2,6,3,5,3,18,52",Asu no Yozora Shoukaihan,Sky Arrow
2581610,437.9171,5,"61,28,73,65,73",Song I am.,I am Song.
5363579,398.6054,3,"62,24,97",Youyou Bakko ~ Who done it!!!,Phantasm Stage
4232907,4024.3126,16,"63,59,91,74,12,6,23,72,73,27,99,28,21,20,63,1",Ningensikkaku,Astronic x -Tynamo's Extra
1343792,3905.5162,25,"65,68,9,61,30,99,60,82,75,55,62,65,86,1,14,37,70,34,19,94,47,74,39,47,22",I Bet You'll Forget That Even If You Noticed That,Akitoshi's Extreme
2982835,1880.718,14,"67,93,85,98,20,55,77,5,36,37,64,58,74,33",Tokyo Teddy Bear,Extreme
4193498,7283.4966,15,"68,4,44,40,26,3,11,51,28,20,4,14,10,24,7",To The Terminus,Extreme
1860991,1278.7278,9,"69,32,39,89,66,84,36,9,30",Reizouko Mitara Pudding ga Nai,Extreme
2659369,10435.3262,55,"71,78,100,65,63,41,22,76,48,60,48,34,40,55,23,37,56,24,23,86,18,12,19,59,13,9,55,97,11,46,80,52,39,8,61,47,7,12,17,51,96,36,41,31,90,33,92,27,15,12,73,2,22,26,80",Juvenile,Extra
4111695,192.2034,5,"72,94,100,65,33",JAMMER,Collab Extra
5338869,158.4399,2,"74,34",Noah Fence,Fir's Extreme
3010178,9338.3526,28,"76,48,75,24,20,43,2,94,7,9,17,60,48,5,72,18,18,14,69,14,5,43,44,3,15,66,14,22",ReI,Reflection
1738018,2055.6375,15,"77,16,84,34,27,61,52,50,18,64,36,54,46,22,89",Flower,Sakura
1710847,1957.0711,13,"78,42,87,65,44,44,14,50,92,34,47,6,61",encounter,Kotori's Extreme
609843,21.1695,1,79,Oceanus,Divinity
1962374,1134.8109,10,"80,83,90,48,5,98,36,68,73,56",Kaishin no Ichigeki!,Sentiment
4137259,2402.9198,14,"82,41,14,94,25,21,14,41,61,50,54,17,72,69",Tower Of Heaven (You Are Slaves) (Cut Ver.),Acme
4139244,272.5879,3,"84,81,22",Heart For Yearning Journey,Neverending Adventure
4313217,90.6924,3,"85,49,100",First Storm (KonranP's Japanese Version),Mutual Promise
884664,3513.9304,15,"86,95,34,98,77,36,59,23,15,3,51,31,32,31,4",New World,Illusion
5138461,2069.1954,10,"87,33,26,37,69,64,32,78,5,23",Vibrant Springs,Tranquility
1706834,5659.8972,37,"88,57,35,92,99,30,25,37,80,25,55,90,30,13,9,39,74,70,66,41,45,15,66,8,45,29,96,50,88,38,19,13,24,35,79,59,79",Mou Ii kai?,A r M i N's Extreme
4403746,27225.3246,100,"89,83,69,61,58,66,22,24,24,30,95,32,92,55,73,39,37,28,27,17,14,38,97,48,15,16,12,29,15,9,19,41,11,59,4,11,22,26,90,12,8,39,36,40,2,66,4,13,11,37,6,32,15,2,38,34,16,58,51,8,17,17,55,30,34,6,67,26,60,46,3,68,10,1,79,74,10,79,13,21,56,63,67,6,41,64,20,92,78,70,11,9,49,39,9,6,13,51,63,36",Valley of the Vale,Dcs' Extra
5380388,36.6021,2,"90,71",* Crow Solace *,Knowledge's Four Dimensions
870839,533.6484,5,"91,61,22,74,27",115,Extreme
3849893,680.4493,4,"92,22,22,82",Kanjou no Matenrou ~ World's End,Marathon
4993832,18.4805,2,"93,96",Galactic Astro Domination,Fir's Extreme
4236616,431.1915,5,"94,63,65,93,16",Hanatachi ni Kibou o,"Here I wish, let there be light"
3055878,9.1087,1,95,CHOIR JAIL (TV Size),FATE
2935781,3551.1124,19,"96,34,12,71,34,18,67,5,76,36,37,27,18,61,80,21,99,98,85",KIZUNA MUSIC,Trust
2045906,350.4048,4,"97,68,27,52",Verflucht,Another
5648740,2558.018,12,"98,11,56,14,63,1,100,74,85,44,62,59",snow storm -euphoria-,acquiescence
5254251,7.0024,1,100,the wind's final wish,a promise fading in silence
4599213,2459.041,12,"10,46,83,57,86,50,64,16,34,40,13,59",Tenkai e no Kippu,Our Ascension to Heaven
4020786,731.0532,1,13,Crystallite Dream,In Heartache's Profound Love
3666536,1967.4684,39,"21,56,89,97,86,88,78,64,85,73,96,97,58,53,23,92,58,69,51,92,74,55,65,35,67,78,55,90,31,51,75,64,64,55,53,25,72,76,84",Glory Days,AnedeuwuAAa's Extreme Collab
4064320,5629.7597,84,"26,50,68,21,8,19,84,83,88,83,81,74,88,74,88,86,63,62,71,99,66,91,90,63,83,7,49,97,60,51,81,40,51,63,80,89,54,97,40,47,95,83,72,61,98,47,56,40,83,59,61,86,43,54,91,37,63,50,25,60,34,51,96,90,71,74,24,46,50,63,64,57,61,41,39,49,60,48,75,41,78,53,85,46",Slider,FREEDOM DiVE
1860169,13082.4281,76,"31,36,52,31,30,22,21,62,18,9,25,10,99,31,34,26,83,73,39,47,62,4,33,70,39,94,97,68,31,13,5,12,66,32,4,100,67,71,57,14,56,83,44,40,45,29,79,79,54,81,33,21,91,28,67,38,32,7,82,64,1,60,32,16,41,79,79,7,70,63,55,36,66,62,36,55",RAISE MY SWORD,A THOUSAND FLAMES
3665005,32696.7164,114,"35,98,85,26,47,33,40,68,58,19,22,73,23,33,25,17,1,8,16,51,36,13,27,40,77,12,5,92,28,29,17,37,24,98,35,10,57,32,47,63,6,17,14,8,6,73,11,11,6,41,33,23,22,41,11,24,75,4,57,6,18,17,63,64,30,2,13,40,10,94,51,88,3,96,29,2,33,55,26,94,50,87,29,4,77,9,24,38,22,25,5,23,19,9,9,60,41,14,5,55,20,18,9,54,30,38,5,57,22,95,64,43,15,2",Glory Days,Maki's Extra
2604568,259.372,5,"36,59,96,81,84",Mynarco,Expert
5209251,3818.2,18,"37,96,88,71,49,41,55,64,55,68,25,26,32,40,38,3,3,3",Sentou de Pinch!,Sytho's Extra
4978112,3234.4742,10,"38,74,91,16,19,46,88,3,4,38",Sidetracked Day (Short Ver.),Astronic's Extreme
5145185,1169.208,4,"39,11,26,65",Pesn' 8,From Heaven I Fell
4722420,6703.304,39,"40,92,80,48,79,88,19,75,82,47,48,50,12,23,94,22,97,50,20,66,35,56,14,69,82,55,53,5,8,10,39,64,4,27,58,75,37,18,30",Sentou de Pinch!,nebuwua's LOW HEALTH EXTREME!
4847819,3517.1771,15,"43,25,66,65,11,32,94,51,11,25,16,3,86,94,88",Sukitte 100-kai Itte (feat. Hatsune Miku),sukisukisukisukisukisukisukisukisukisuki
4961220,4541.892,14,"45,44,78,5,11,61,32,15,5,19,58,22,82,12",Pure Ruby (Game Ver.),Collab Another
796161,545.6583,12,"50,100,47,81,64,45,58,99,89,45,32,92",Martyr of the Free Word,Wrath
788088,3316.2494,11,"51,66,14,4,5,71,92,21,54,17,39",Reign of Fear,V
4853009,7275.5397,63,"52,72,92,99,89,63,67,94,63,43,59,58,48,28,49,62,76,96,25,29,59,94,58,82,63,38,61,78,27,43,92,36,23,58,64,21,94,55,28,51,99,56,45,9,7,67,97,17,71,25,29,68,22,43,13,60,68,7,18,33,19,93,41",Sukitte 100-kai Itte (feat. Hatsune Miku),Astronic's Extra
5035978,714.1924,6,"54,60,89,29,19,83",Symphony of the Night,Collab Extra
3645570,5979.2919,25,"57,52,84,10,82,41,56,19,52,11,50,60,22,47,2,63,14,34,27,3,63,14,80,19,80",The Empress,Bloodhunt
4728625,588.5667,8,"60,56,33,76,31,100,72,94",Aragami (Short Ver.),-Tynamo's Extra
1872812,7158.5941,32,"62,42,77,35,29,3,86,76,24,72,6,87,29,31,70,46,2,52,60,90,1,71,35,48,64,17,3,62,80,12,81,74",Rubik's Cube,Chaos's Expert
4892236,1358.4813,25,"63,63,64,22,77,70,98,73,62,58,87,46,77,48,44,73,47,99,48,22,59,51,72,74,67",Ange du Blanc Pur,BMD's Absolution
4440275,3475.6546,8,"64,9,17,7,10,13,53,26",slishkom pozdno,extreme
526757,47.6291,2,"65,100",Aragami,Death
5103177,6291.5945,31,"66,85,28,4,53,1,82,96,32,29,59,74,95,46,88,77,7,34,78,52,73,39,8,34,78,4,37,33,68,56,18",Stop Saying We Sound Like Dragonforce,Not shoyeu's Extra
4487659,74.14,4,"67,95,93,72",Snowflakes,Endless Winter
5206607,835.6768,6,"68,88,31,22,40,36",Sentou de Pinch!,Rare & Mythical Extreme
3063865,46.2583,3,"69,96,89",Kagayaku Hari no Kobitozoku ~ Little Princess,Lunatic Oni: Shinmyoumaru Sukuna
1650859,267.4332,2,"71,30",Hold the Sword,Katana
4614397,10865.5952,69,"74,78,87,80,93,1,89,94,31,88,81,47,75,77,85,87,42,86,51,31,55,50,43,48,100,50,35,21,76,57,27,54,40,86,13,66,37,98,19,20,92,10,61,16,57,90,56,18,32,14,17,36,92,81,79,9,18,11,9,4,10,66,35,100,27,53,95,9,60",Flight of the Bumblebee (RST Classic),Luscent's Extra
5114204,3579.5287,13,"75,14,18,27,30,25,39,5,15,35,43,100,34",Pesn' 8,From Hell I Rose
4862037,596.2862,9,"77,67,62,37,46,33,46,75,97",MEGALOMANIA,MAAADBOT'S TRILLION PROJECTILES
4672134,55.9869,2,"78,63",ARE WE FLOATING IN SPACE,EXPERT
5394201,18025.1391,58,"80,58,68,94,64,42,69,55,74,12,17,27,16,37,38,32,30,28,26,15,3,33,9,33,68,17,38,7,64,35,65,3,16,99,5,5,5,22,66,47,8,6,37,13,49,1,12,4,12,7,7,44,14,32,35,10,24,4",Take me home,Homecoming
2245529,65.9022,4,"81,79,71,71",Come With Me To The Other Side (feat. Liv Kristine),Eternal Light
3963090,2843.152,15,"82,64,66,92,2,40,85,21,23,82,98,33,4,78,48",Avoxtur af rotnu tre / Eldhjarta,Kedjur Innri Domgreindar
1766008,55.5403,2,"84,60",Lemuria,Elcheer's Extra
4972340,9620.6691,71,"85,43,69,61,96,98,79,54,67,49,51,28,49,54,47,41,69,58,43,47,39,26,75,16,88,84,92,11,37,46,43,95,19,15,23,45,47,35,68,47,97,83,19,56,29,34,34,31,18,58,27,49,22,44,93,18,50,18,13,4,10,4,92,31,21,81,51,58,31,58,67",Sidetracked Day (Short Ver.),HyperPigeon's Extra
4816640,11203.121,38,"87,79,51,23,18,62,42,9,6,34,37,3,18,91,47,97,10,2,1,14,18,38,23,5,49,93,33,11,11,65,53,83,31,73,80,3,9,91",Ange du Blanc Pur,Extra
179070,736.116,5,"88,62,24,56,20",neu,Platinum
718156,165.4017,9,"89,93,96,62,70,58,64,67,82",Defenders,Legend
2944063,239.1926,4,"90,65,69,34",Hatsune Miku no Bunretsu -> Hakai (2018Remake),Expert
4572920,12307.1306,57,"91,46,10,30,95,80,83,82,15,38,55,81,9,39,10,57,64,39,76,78,48,62,25,66,81,20,37,23,17,46,2,12,72,59,28,6,7,13,50,19,94,27,62,34,32,21,18,15,4,7,56,47,21,66,11,33,66",Ningensikkaku,Expert
3204084,119.0647,2,"93,43",Destruction,PaRaFlame's Extra
2983479,53683.5195,152,"94,41,88,92,83,49,48,82,52,30,53,24,42,39,83,53,26,27,31,75,44,57,34,41,10,9,58,71,30,51,45,4,60,10,14,9,3,42,2,76,14,23,6,74,3,3,5,10,45,8,36,7,84,14,2,19,70,21,50,5,2,18,5,10,80,68,1,2,7,5,20,51,45,2,2,4,21,67,5,9,90,30,13,4,18,26,51,12,11,60,54,21,41,2,33,6,1,12,100,52,19,10,8,7,31,26,3,3,19,72,9,16,5,89,12,17,4,50,53,86,10,15,86,2,3,35,10,83,25,7,65,10,36,5,81,10,36,4,11,5,19,1,45,71,41,53,12,20,24,95,44,20",Lionheart,Expert
4033854,6819.0684,26,"96,67,99,62,36,74,34,13,24,6,17,41,33,17,56,99,3,54,9,4,32,47,26,64,44,4",Dawn of the Dragonstar,Maki's Expert
5040092,5445.1448,20,"97,57,95,36,78,40,49,57,55,25,6,8,85,11,10,70,16,84,11,2",Green Greens,Poyo!
4977917,8536.0749,24,"98,95,69,53,29,24,43,42,5,7,5,49,2,7,25,12,4,6,23,25,81,11,12,47",tam,extreme
4968396,14014.5,57,"99,63,80,49,68,47,69,30,57,36,16,36,22,9,43,13,10,93,78,7,33,73,16,4,52,67,73,5,10,31,14,32,7,26,33,1,3,48,25,96,7,39,64,80,78,48,74,18,23,56,5,12,25,46,59,50,79",Pure Ruby (Game Ver.),Extreme
425761,3546.885,16,"12,25,16,20,78,99,2,54,79,34,39,43,13,76,65,57",Rave-up Tonight,Extra
2520049,977.5652,6,"16,33,67,45,89,40",First Storm -Japanese Version-,thanks for singing Brother
946082,495.227,1,19,Shiroi Yuki no Princess wa,Snow White
1494828,3756.4828,15,"21,33,70,37,6,20,67,26,31,80,2,93,97,98,82",Bluenation,Grace
2280910,363.5457,2,"25,79",brave climber,courage
5474430,335.9077,1,26,ERASE (TV SIZE),CATHARSIS
771496,925.4412,2,"27,10",Asymmetry,cRyo[Skystar]'s Farewell
4905088,3122.3346,15,"29,20,64,64,26,44,34,40,54,22,79,52,13,81,5",SKILLAWAKE,Ultimate
1554312,1921.8633,5,"30,13,8,11,67",runaway (Halozy Mix),Lunatic
1899764,4646.4654,14,"35,8,45,52,11,9,97,41,2,32,25,34,91,12",Nippon Manju,"Anime, noodles, idols, icons!"
4585097,607.2775,2,"37,13",little secret magic,symphony
1128531,2053.5826,8,"40,32,26,21,15,71,6,71",Kuusou Ressha,Expert
3762927,133.7472,1,43,KIZUNA MUSIC,Music of Bonds!
3221529,2323.8091,13,"46,42,75,86,22,73,22,44,10,36,38,13,67",Atashi no Nokori Zenbu Ageru,Daydream
4874355,17848.561,90,"47,35,69,99,13,6,18,29,8,100,95,68,39,46,88,15,66,52,39,29,74,78,70,82,16,91,62,37,84,15,25,74,33,74,46,42,44,13,4,24,22,32,47,59,97,45,69,6,60,2,23,10,42,65,73,22,89,22,51,5,18,78,68,5,97,31,11,1,51,62,32,40,57,76,80,12,84,42,68,69,19,6,78,80,19,2,24,26,42,45",Time to Say Goodbye (TV Size),Tylerderp's Extra
1474795,1186.5412,9,"49,75,19,93,39,46,75,21,27",First Storm feat. Hatsune Miku,my Drops of Tears I'll turn to Sparks of Fire
2684033,13880.8872,66,"50,78,59,80,32,79,28,25,81,72,6,6,63,71,85,62,14,63,97,34,26,66,64,39,82,92,34,5,88,47,33,98,57,58,97,69,47,25,45,67,80,82,48,6,15,16,82,33,29,17,26,16,11,1,2,15,14,2,14,19,30,24,10,100,21,43",Dear Brave,Valor
1289926,1336.452,10,"51,97,50,13,41,98,20,47,96,68","Daisuki, Evolution",Extreme
2232950,93.1342,2,"52,80",Hitoribocchi no Monologue (nenpulse bootleg remix),Can We Be Friends?!
3658332,696.931,3,"53,100,8",brave climber,believe
151229,301.0374,3,"54,80,28",Mythologia's End,Myth0108ia
3885119,3256.6408,20,"55,78,35,99,83,38,19,99,22,47,87,11,33,48,36,13,69,7,76,75","Pain Remains II: After All I've Done, I'll Disappear",In a Sea of Fire
3619070,4858.4543,15,"58,56,36,2,12,13,21,33,11,8,42,18,49,96,92",Sesshoku,Reflection
3014649,2564.8022,40,"60,68,74,47,97,53,83,60,86,79,61,35,92,94,97,69,34,98,44,56,45,34,41,83,62,48,60,66,18,52,27,54,97,31,85,39,82,74,23,25",Heart Realize,Eternity
4410462,45.0431,1,63,I,Phantasm
1710926,42.7538,1,64,Eternal,New World
4558862,1977.2093,11,"66,87,11,15,29,22,99,66,30,86,44",Flower,Reflection
1702172,4028.7524,28,"67,44,95,95,21,87,27,4,97,83,57,15,54,5,81,59,72,54,50,44,48,57,87,21,17,41,67,66",Mou Ii kai?,NiVo's Extra
5394206,8038.2869,57,"68,75,100,41,32,28,90,70,49,79,31,76,46,53,57,29,71,21,62,39,74,58,57,23,97,28,14,18,15,24,58,31,31,9,63,94,95,7,73,47,22,96,23,94,58,99,82,5,13,73,94,46,71,7,12,40,62",Cherry Pop (Cut Ver.),che
4859658,175.8241,2,"69,42",NO GIRL NO CRY,"Stay Strong, Keep Fighting, Tears Won't Stop Us From Shining"
5083496,1034.1924,5,"70,95,56,44,2",oyasumination,the most incomprehensible thing about the world is that it is comprehensible
4657212,152.9365,3,"71,44,84",ANTIDOTE,EXTREME
4705585,6520.753,28,"72,24,88,25,48,9,61,25,26,5,56,4,5,97,1,95,99,86,31,70,74,27,41,54,94,48,30,91",ANTIDOTE,Reform's EXTRA
4680969,601.7673,6,"75,80,21,28,47,89",Decided (TV Size),PikA's Extreme
5019869,13792.2222,85,"77,94,24,100,62,73,80,83,60,92,53,40,55,29,34,52,64,45,37,61,18,87,8,36,17,5,67,17,97,38,26,16,9,68,78,46,34,61,36,31,62,43,70,43,36,39,85,4,24,50,67,74,72,42,19,28,7,38,60,45,30,94,70,28,28,39,12,3,25,44,80,51,57,59,9,30,64,15,63,63,12,48,25,3,92",erase u (sped up & cut ver.),PikA's Extra
2139556,55.7798,3,"78,71,72",Back to the gate,Leave from the solitude
4960628,25697.2923,70,"79,61,48,44,15,34,77,4,8,17,31,15,48,6,20,61,100,3,63,58,69,35,14,61,47,4,2,19,85,99,1,34,79,39,18,11,22,8,20,52,4,52,7,98,19,12,62,15,8,39,4,98,5,6,11,11,1,1,2,31,6,1,22,11,27,17,19,9,7,4",Symbol I : Fire (Cityyy Remix),Immolate
495633,374.5492,7,"80,50,57,75,40,46,73",IMAGINARY LIKE THE JUSTICE,captin's Legend
3969284,28.0142,2,"83,86",chrono diver -fragment-,Distant Memories
583343,14.6365,1,84,Prism Sympathy(Asterisk Remix),Kaleid Liner
2335100,1105.0371,19,"85,43,79,83,39,53,90,48,60,11,86,88,63,82,90,75,73,62,73",utopia,Feelings
4184839,13.1915,1,86,Decided (TV Size),The Power to Conquer
882812,728.7823,4,"87,70,88,5",enn,Starry Sky of Small Desires
3983866,130.9975,3,"88,45,81",Okurina -Inochi o Aoku Mimamori Nemurina-,Winter & Irisu's Eien no Ai
1726994,1370.8425,11,"90,62,9,77,21,82,53,67,78,31,53",Mynarco,Withdrawals
817929,35.5211,2,"91,69",caramel heaven,Skystar's Caramel
1289927,19.2791,3,"92,93,98","Daisuki, Evolution",Xexxar's Best... Girl?!
5370968,8.6496,1,94,Heikousen,Meg's Taboo
1083470,94.7955,2,"97,47",The Promethean Kings,The Merciless
793846,6.994,1,98,Towa yori Towa ni,Eternal
1487213,6051.0669,29,"99,27,42,75,33,14,83,32,99,86,93,100,46,65,53,27,19,23,48,5,62,7,2,3,35,84,28,91,17",Noise (English ver.),Extreme
5589466,1107.1999,3,"6,62,96",Flower,Petals
5237989,903.5012,2,"10,47",GIRLS' LEGEND U,Victory!
5610489,784.5849,1,11,I thought I was an angel,Fallen
4946098,2428.3803,13,"12,52,45,21,91,56,37,58,39,34,18,27,59",Reach For The Stars (Short Ver.),buddon's Extra
628755,662.5214,2,"14,94",To The Terminus,Skystar's Extra
5029046,907.4518,3,"15,94,19","Thrill, Risk, Heartless (Game Ver.)",Relentless
5147066,591.963,3,"18,72,53",Guilty All The Same (feat. Rakim),Full Of Regret & Shame
4712869,497.7532,1,19,HIBANA feat. Hatsune Miku,Lock In
1649525,421.1147,1,22,Legend of Millennium,Extreme
2510779,398.4089,1,23,Kuuchuu Bunkai (Pandemic ver.),Stride
1051486,355.2484,1,25,Mikasa,Expert
1554602,532.7639,8,"26,84,65,61,70,56,55,69",Shirayuki,Saitei
888010,578.8634,5,"27,45,48,70,56",If You Can't Hang,Bearizm's Extreme
4446044,474.1998,4,"28,44,60,73",Pro Tanto Quid Retribuamus,Extreme
5586964,320.1669,3,"31,86,50",Over the Fullereneshift,kowari's Extreme
3056765,1265.1736,9,"32,82,92,70,22,85,84,16,18",Yumeuta - Tokubetsu na Futari no Uta,Stellar
1663107,418.8054,2,"35,24",Black Swallowtail (TV Size),Catastrophe
3963430,1308.0621,6,"36,71,53,2,97,70",EVERYBODY DO THE FLOP,WhiteFloppable
1828346,1671.1928,8,"37,6,32,48,98,24,60,66",Kimi no Bouken (TV Size),Your Adventure!
2839123,2015.2704,7,"39,17,55,39,2,60,35",Gogatsu wa Hana Rokushou no Madobe kara,Omoidase!
4858283,805.3898,3,"41,12,94",Ai o Chikaishi Hime Kazari,Kumocha's Extra
3873669,1354.316,5,"45,87,7,12,58",Thoughtcrime,GlazeE's Extra
2715370,109.6975,1,47,Sakebe,Outcry
4835258,119.136,3,"51,65,94",Unravel Sky,Share & Kuki's Final Ammunition
1289675,84.3095,1,52,Chase Me,Nightmare
4528587,6631.4145,23,"53,8,40,40,17,77,72,82,21,53,11,21,4,56,84,27,22,8,12,14,17,35,15",666 Flags,Pharmaceutical Extra
5326802,71.9784,1,55,Bukiyou na Otoko,I don't want to die
4947374,560.6862,3,"57,74,11",Kawaki no Rinkaku,Enchanting
5148478,182.8849,3,"58,53,51",Kimeta yo Hand in Hand,SkyFlame's Unity
4880186,263.8088,5,"59,32,98,100,70",Nevermind (feat. Justin Magnaye) (Nightcore Mix),Drunk Texts
2694184,49.5089,1,62,Kimi no Tonari de,Precious
1115737,390.823,15,"65,90,97,92,69,83,58,72,42,82,59,63,75,54,61",From Under Cover (Caught Up In A Love Song),I've Stopped Time and Everything is at My Mercy
1064909,626.6031,4,"66,98,59,9",EDEN,Hectic
1100265,119.1215,2,"67,44",The Self Surrendered,Forever
5235349,122.8312,3,"68,91,45",Cherry Pop feat. Hatsune Miku,Explosive
1660602,34.0873,1,69,Legend of Millennium,BMD's Expert
5050134,32.3737,1,70,Fist Bump,Omekyu's Extreme
991733,1637.8588,12,"71,82,21,58,66,89,17,17,71,28,54,86",From Under Cover (Caught Up In A Love Song),Akitoshi's Extreme
1451282,3122.1105,41,"72,63,90,59,28,88,83,99,87,14,99,93,55,22,69,83,69,84,17,19,100,79,13,76,68,57,46,48,27,83,54,84,41,78,96,55,80,31,63,65,78",HOPE,SURVIVOR
4874151,26.2766,1,74,Shuumatsu no Mythologia,Eschatology
3048435,24.9358,1,75,GIRLS' LEGEND U,Special
759192,906.435,10,"76,48,56,59,15,69,54,55,40,62","Fairytale,",Promise
4691035,22.4735,1,77,Songs Compilation,Dreams
4221214,21.3306,1,78,utopia,Eternal Paradise
4590685,263.2343,2,"79,23",I'm invincible,Powerful
2140939,25.6257,2,"80,91",Nevereverland,Relentless
4710077,78.445,4,"81,89,99,59",ROLLING GIRL (feat. Evil Neuro),Castie & Sayuka's Extreme
2330438,36.162,3,"83,84,83",Namikare,Withering Tears
1377957,5365.4225,56,"84,89,13,94,91,100,13,70,85,44,77,31,55,45,66,59,86,32,45,93,90,51,29,61,10,7,41,74,100,95,89,90,41,4,52,52,64,61,16,82,92,68,95,70,77,59,88,67,58,100,44,65,20,42,72,81",Victims of Contingency,Remorse
4887711,2583.6247,13,"85,21,20,45,85,47,16,30,58,12,78,14,82",Vertex Beta,mithew's GAMMA
1635233,26.2177,2,"86,80","Fairytale,",Eternal Love
1084742,32.176,2,"88,75",Paradisus-Paradoxum,Tragic Love
3586535,2970.4766,16,"89,71,66,95,70,31,28,90,2,76,18,46,66,1,35,52",KIZUNA MUSIC,A SONG OF ETERNITY
2659368,4241.3589,32,"90,100,80,80,56,52,42,82,32,66,9,7,79,19,82,84,27,26,45,14,86,54,85,27,42,6,28,68,91,42,98,75",Juvenile,Ataraxis
1219094,1929.7234,9,"91,28,28,70,27,51,3,80,28",Yume no Tsubomi,Promise
5020168,168.5792,2,"92,36",We without Wings,Pure white Sky
1707113,52.9987,3,"94,71,69",Sora ni Utaeba,Aeon
1770368,16795.6535,74,"97,25,54,87,36,92,43,69,19,78,5,11,99,72,76,33,42,4,38,70,49,48,1,46,42,11,96,9,11,19,88,35,46,72,31,4,74,72,92,56,14,22,24,55,33,4,37,76,42,57,5,98,65,11,24,92,4,71,80,32,16,30,27,51,8,8,80,5,21,72,91,80,48,80",ReI,Rain
4832435,7.5299,1,98,Fake out,Kuki's Extreme
5129350,17036.9186,50,"8,30,57,27,19,9,22,9,7,43,17,7,17,72,9,47,40,30,31,37,39,3,3,9,33,80,42,17,87,60,32,99,18,22,12,98,5,1,18,5,17,56,21,14,8,8,27,15,13,4",Pure Furies ~ Vengeance is Mine,The pristine spiritual force that rejects life and death.
5825199,694.3513,1,12,Valley Of The Vale,Sh4rq_'s Extra
5152854,192.8444,1,34,Symphony of the Night,Sorrow
4934522,1718.98,10,"38,19,94,8,41,36,81,79,58,75",Aragami (Short Ver.),sytho's Extra
4862040,1054.5277,3,"39,5,100",MEGALOMANIA,AGNI SHINE HIGH LEVEL
1045757,28686.1944,93,"66,54,39,79,15,92,9,16,6,91,88,11,30,10,40,82,11,3,3,5,8,18,45,100,38,7,44,34,52,18,95,60,96,63,34,86,16,65,67,5,89,2,44,10,22,7,2,1,36,29,90,61,84,3,100,7,37,6,14,36,54,35,86,7,15,47,9,9,27,5,63,4,79,42,51,24,42,84,11,8,70,56,6,5,78,92,22,1,74,8,3,23,87",Kimi no Kioku (Aethral Remix),Remembrance
2861267,699.9052,6,"68,27,95,62,35,23",DROPOUT!?,GO TO THE WORLD!?
3852942,26.1391,1,71,Yami no Mahou Shoujo,Maruk's Lunatic
1209189,2111.6312,26,"73,90,55,33,37,89,17,30,62,60,63,91,64,70,89,32,45,59,40,42,98,81,49,16,81,81",Alice,in Wonderland
4478624,1278.0132,12,"75,98,42,90,95,72,81,31,6,38,59,87",Pixel Princess,Extra
3928577,15820.3989,63,"79,87,74,83,22,57,54,58,64,67,89,60,31,6,8,18,28,23,3,54,58,20,45,36,15,38,45,47,34,8,9,40,67,4,13,42,27,85,1,18,63,44,5,98,4,18,11,7,58,11,53,58,44,5,51,89,58,72,7,26,14,28,50",Life Sux (Sped Up Ver.),Mommy Sucks
2036340,16.1314,1,80,With Fire and Sword (2013),Heroes of Might and Magic
3853713,19708.4711,95,"82,59,84,68,36,64,42,60,27,53,49,32,67,54,26,92,23,16,69,73,68,53,54,80,14,25,29,39,28,2,11,13,16,52,57,41,38,43,6,5,20,56,42,14,61,67,8,16,41,86,6,3,99,67,70,45,53,63,31,4,80,29,9,56,24,88,11,16,52,8,67,53,29,66,1,39,27,71,18,67,17,96,61,81,70,8,77,31,7,59,68,46,9,67,59",Yami no Mahou Shoujo,Extra
5715080,2473.8118,13,"83,29,31,66,28,5,97,74,93,23,49,4,66",Japanese Transformation,Tanoshi Torture
2330482,190.2819,3,"84,36,92",DROPOUT!?,Curse
2360394,5641.5457,33,"85,66,47,59,86,22,23,21,84,86,6,32,58,60,64,22,18,14,13,5,30,63,12,70,85,20,63,19,66,90,36,68,35",Mynarco Addiction,Fated Despair
5052608,13069.443,50,"86,69,50,26,7,45,30,77,7,22,68,62,39,65,5,97,18,40,33,20,17,1,7,25,40,10,23,59,23,37,35,69,21,6,57,17,40,11,4,79,86,60,40,5,99,31,92,19,4,8",Shinbatsu o Tadori Kyoukotsu ni Itaru,mithew's Himei
3970329,35118.8806,109,"87,78,23,28,93,81,70,41,16,8,5,12,20,7,49,39,50,87,10,2,20,2,1,36,33,13,61,10,91,17,11,40,66,6,80,27,57,6,65,16,1,38,4,2,3,55,21,71,24,82,68,12,28,56,23,63,49,58,9,85,61,5,7,37,84,49,53,10,28,7,5,25,26,1,69,88,3,81,3,98,17,1,3,10,5,43,48,15,42,38,1,2,94,66,58,2,25,21,29,13,53,91,81,65,40,5,21,25,34","Jashin no Konrei, Gi wa Ai to Shiru.",Zetsubou no Hana
2826730,402.9616,4,"89,41,43,37",Juvenile,Extreme
2766688,533.2292,9,"90,29,84,42,76,50,99,38,63",Genryuu Kaiko,Nostalgia
3648544,13963.8659,75,"92,65,75,71,64,60,17,31,27,54,79,55,95,22,63,64,37,23,100,12,73,15,6,45,47,11,16,89,4,5,6,62,45,25,53,27,54,59,62,5,20,34,97,15,82,18,33,14,24,90,2,7,54,32,60,96,50,74,86,49,2,2,93,97,94,83,15,96,60,21,73,89,100,46,49",Glory Days,Relentless Heartache
1842043,8176.2943,54,"94,62,80,89,45,40,72,47,45,93,46,59,66,58,92,92,68,99,61,7,38,21,66,23,34,12,38,50,35,90,27,22,74,39,60,8,57,1,91,64,46,76,78,40,55,59,3,32,11,1,76,71,76,64",Chikyuu Saigo no Kokuhaku o,Longing
3919008,8408.8919,52,"96,88,96,86,62,30,95,91,34,36,23,27,46,15,29,93,57,28,40,27,43,15,27,71,36,10,46,18,67,35,34,14,19,59,23,47,17,59,74,8,52,43,68,45,77,98,66,28,71,11,19,4",Twinkle Twinkle (Sped Up & Cut Ver.),Mommy's Basement
721995,4460.7987,27,"98,48,27,70,45,78,30,64,88,38,12,94,18,74,13,44,73,4,22,18,19,69,73,70,73,74,28",2010 (feat. Dave Lombardo),Extreme
5012130,135.6765,3,"100,49,61",over the top,MAAADBOT'S EXTREME
5192353,1283.0365,6,"38,7,26,77,95,95",Sidetracked Day,Fir's Extreme
1150882,4047.9444,12,"42,39,47,79,6,1,15,3,39,19,38,63",Victims of Contingency,Extra
3718236,7788.0097,39,"46,89,23,86,17,96,83,80,58,45,93,52,27,18,33,30,19,44,29,62,15,84,19,98,31,36,51,12,2,30,20,10,3,27,23,28,83,23,25",Snow Goose,Extra
126645,53.3848,1,58,FREEDOM DiVE,Another
5538199,6745.413,20,"60,63,76,56,42,25,26,11,4,24,11,98,44,4,7,6,21,12,3,19",BPM210 no Shanghai Alice (Instrumental),KILLIAN'S EXPERT
2920787,512.3616,4,"61,74,62,16",FAITH,EXTRA
1029562,127.9186,3,"67,97,39",Inferno,Tortured Soul Extra
4278984,1199.8169,12,"73,49,68,70,26,30,58,14,48,45,81,50",Kamui,Luscent's Another
4929709,10205.145,38,"81,9,68,54,82,65,87,52,33,22,6,17,35,79,32,72,59,18,5,88,64,17,16,35,32,47,28,3,38,42,8,41,67,4,1,7,12,37",SKILLAWAKE,Extreme
3844651,4196.773,30,"89,54,53,90,43,85,49,66,14,26,15,24,98,15,73,96,94,48,65,52,50,58,87,2,44,43,74,42,18,30",Mighty Morphin Power Rangers,Go Go Power Rangers!
1030374,1000.3507,7,"93,67,28,61,12,62,38",Inferno,Tragic Death Extra
4862041,44909.7894,126,"97,52,93,35,10,81,25,31,74,38,23,50,26,7,68,50,9,2,31,99,38,81,4,42,20,17,29,15,9,16,42,43,59,4,21,3,13,23,3,8,1,34,39,4,6,11,85,90,7,22,3,2,13,22,5,1,22,57,21,16,58,97,20,80,45,23,26,18,9,94,1,19,23,75,5,18,14,3,25,66,1,10,55,11,1,70,20,18,1,30,51,3,4,7,14,11,7,18,12,3,34,22,23,12,5,88,79,5,3,32,69,44,8,33,98,7,15,43,18,2,85,18,28,54,14,44",MEGALOMANIA,YUMERIOS' ULTRA
4947078,1532.1195,7,"5,96,23,86,43,83,62",Kokou no Sousei (Cut Ver.),Anarchy
5514993,28149.6144,80,"10,7,57,100,90,67,29,13,46,44,7,6,21,11,69,1,74,54,19,5,6,8,16,9,10,8,58,82,3,20,64,26,12,97,61,1,15,85,38,2,66,8,51,10,7,18,77,100,6,7,63,37,97,1,5,65,95,44,16,5,9,36,52,10,27,22,45,27,43,22,19,79,25,86,13,53,4,33,13,3",ESSE CARA!,EXTREME!
4905829,27498.5105,107,"15,82,4,17,67,48,26,4,24,24,78,88,84,21,73,19,98,16,37,88,13,15,89,10,53,97,37,27,27,44,59,90,11,26,10,3,40,58,4,30,67,7,15,7,67,48,69,10,42,83,19,2,25,57,42,93,55,77,40,3,44,20,12,59,91,1,17,83,7,57,13,56,7,21,46,12,7,12,37,36,48,38,68,34,27,45,8,14,13,62,41,20,93,8,75,58,52,22,36,28,54,96,8,79,30,16,47",Time to Say Goodbye (TV Size),Nymphe's Extreme
4921971,27624.1128,105,"19,28,16,88,74,13,47,50,29,30,39,43,16,24,92,1,10,91,22,14,3,48,19,82,2,2,20,49,65,51,22,26,23,4,45,61,29,70,2,66,41,23,87,2,93,84,58,15,24,4,50,88,46,7,85,25,30,75,82,29,36,16,21,47,91,93,31,69,67,42,94,5,85,2,72,3,6,89,49,31,14,98,57,31,13,6,2,25,81,13,20,33,57,11,60,91,36,23,16,58,31,76,5,22,41",Title Screen,Extreme
2314614,366.8712,3,"24,91,94",Boss Bitch,Shine Like Gloss
5075617,35134.2416,101,"25,39,6,8,99,80,93,22,24,26,21,23,15,34,26,10,11,67,3,84,16,33,29,49,44,18,19,6,9,31,51,76,13,10,26,70,16,2,61,24,62,50,2,84,83,23,1,23,48,36,15,4,28,21,14,36,33,2,18,93,71,18,1,27,4,52,19,35,15,12,10,18,65,28,4,9,10,8,17,26,1,39,36,1,5,16,19,4,37,76,45,30,16,13,5,21,47,55,31,2,7",American Girls (Juztan Remix),Extreme
4812528,4772.4574,26,"30,59,67,67,47,60,43,36,39,58,46,28,50,13,22,48,61,38,42,71,30,96,7,11,8,11",Zetsubou plantation (Cut Ver.),sstari's Extra
5423179,39194.8185,98,"39,52,8,5,13,5,14,33,4,43,68,3,5,6,53,10,41,3,69,24,56,51,8,91,67,3,84,75,59,16,58,31,91,34,4,1,28,57,69,5,5,64,19,9,4,86,4,34,28,19,13,35,46,15,2,8,32,5,15,7,11,12,5,3,39,10,12,12,14,58,2,30,58,17,32,52,31,8,7,15,2,15,8,49,36,9,5,5,1,23,44,66,85,7,1,10,33,19",Presenter* (Cut Ver.),FukA's Extreme
4904114,10879.2084,67,"40,12,61,42,59,29,86,14,27,51,82,40,84,50,43,40,68,74,41,83,18,19,85,34,11,48,42,54,5,21,55,45,40,79,27,59,83,96,45,38,50,42,78,51,34,46,70,85,49,69,29,88,34,12,18,43,11,38,2,18,37,35,13,35,23,17,66",Time to Say Goodbye (TV Size),kolman's Extra
5043505,119.4925,1,44,Kyouki Chinden (TV Size),Extreme
4852517,2960.5673,23,"49,38,76,88,60,80,34,14,76,12,72,82,65,72,63,70,8,83,45,62,25,39,24",Kuusou Mesorogiwi (TV Size),kolman's Extreme
5542713,13939.4413,62,"52,59,46,91,3,48,58,19,27,20,17,66,23,56,44,11,15,37,6,52,29,77,76,9,71,90,33,62,7,23,10,43,6,6,20,9,81,6,49,83,24,87,19,67,63,38,5,71,77,15,23,21,48,82,64,81,83,51,92,41,27,39",overture,nymphe's extreme
4900284,7148.9222,47,"53,30,33,94,30,30,27,71,69,11,23,66,77,30,5,93,67,62,22,85,49,32,24,97,15,64,31,35,40,39,23,73,15,69,99,55,57,76,19,83,99,38,11,79,83,34,65",Time to Say Goodbye (TV Size),Kuki's Extreme
4853702,122.2412,4,"54,69,76,87",Sentou! Battle Tower,Ermi's Extreme
4885549,17709.9353,71,"56,23,75,82,17,19,46,9,90,81,91,52,83,97,24,34,27,40,27,29,39,17,100,51,57,54,50,6,13,4,27,15,15,52,13,62,36,7,8,54,38,51,6,24,71,60,8,9,11,10,100,93,29,14,19,46,83,56,29,12,17,10,2,22,6,56,12,7,49,99,56",Polar 240,Plasma's Extra
5002973,113.1743,2,"57,54",adrenaline!!! (TV Size),Nii-san
4844447,7442.3585,45,"58,70,39,52,37,60,96,66,33,86,54,49,9,100,63,27,95,30,58,59,14,62,73,49,11,71,86,100,25,4,19,13,98,41,16,26,9,57,50,27,80,4,55,25,33",Favorite Liar (Cut Ver.),Kuroame's Favorite Liar
4899325,6888.2796,52,"59,87,77,83,74,83,71,89,92,23,88,71,53,59,33,9,9,61,88,81,78,42,40,89,74,90,2,98,46,35,16,57,35,74,12,30,26,76,65,53,3,82,87,33,73,66,18,75,71,75,6,54",Time to Say Goodbye (TV Size),Smoke's Extreme
676172,5717.4361,26,"60,23,31,75,21,89,8,47,55,5,80,33,79,17,34,24,46,56,64,7,31,42,74,5,66,46",Dark Flight Dreamer,Dreamer
4947080,2323.8623,23,"61,36,91,94,41,93,48,53,62,72,50,62,21,13,76,74,89,77,87,2,53,93,77",Kokou no Sousei (Cut Ver.),Kuki's Extreme
5042033,32.7755,1,68,Sendan Life (Cut Ver.),Fiery's Amnesia
4914702,5563.9636,48,"69,90,64,53,54,37,38,59,18,77,89,69,47,85,20,98,55,44,73,18,41,53,60,49,24,52,28,55,28,89,81,55,54,6,38,59,61,59,82,69,14,96,18,19,24,20,68,64",Diamond Happy (TV Size),kolman's Melody
2657557,16792.8551,63,"70,19,50,71,4,33,94,13,92,8,1,81,45,61,6,4,65,4,68,6,15,98,27,39,73,46,19,11,13,39,42,20,86,20,56,32,13,14,40,53,31,45,87,16,86,97,7,2,31,19,5,94,10,87,94,65,6,92,97,55,83,19,57",Hyadain's Jojo Yujo,Korone
5562123,110.238,3,"71,66,52",Ot vinta! (Cut Ver.),Full Throttle!
4905645,9972.2711,70,"74,45,67,77,8,41,37,45,67,56,81,36,23,51,90,80,93,31,52,14,45,44,43,18,28,55,24,5,48,37,19,91,20,76,32,48,28,73,92,39,38,100,82,53,21,14,42,7,44,52,17,2,58,58,35,65,64,40,29,48,92,90,97,43,15,98,16,84,91,41",Time to Say Goodbye (TV Size),Extra
5442786,134.1724,2,"76,39",JoJo Sono Chi no Kioku ~end of THE WORLD~ (TV Size),ZA WARUDO!
5236301,14570.201,59,"78,13,94,78,72,25,87,77,6,33,56,5,87,76,84,97,43,22,9,71,54,37,63,16,39,76,11,85,7,24,84,82,5,9,25,92,9,7,59,3,31,88,46,85,11,53,10,23,88,23,74,3,4,88,11,10,66,14,93",Eu Li Na Biblia (Sped Up & Cut Ver.),"Lute, lute, lute"
5216115,14278.8694,72,"79,23,46,87,71,45,42,79,60,36,28,15,15,56,15,13,70,42,65,12,27,58,30,23,66,33,66,29,46,30,20,6,54,76,17,80,97,45,52,29,19,12,90,10,36,67,28,27,67,7,17,60,89,8,16,68,24,65,54,22,13,43,40,5,31,12,25,41,65,6,68,84",Valour Against All Odds,Tylerderp's Extreme
786867,2031.2974,12,"82,60,53,45,11,34,1,89,36,63,61,75",Ooi [Game Edit],Extreme
4913905,7547.9707,50,"87,87,49,51,60,58,67,44,36,50,73,48,16,21,66,51,69,41,68,13,12,19,58,60,7,85,35,41,81,86,36,82,55,30,82,48,69,20,43,74,5,6,53,4,27,50,42,17,38,96",El Mismo Sol (Cut Ver.),Sunshine
5349959,10.6544,1,89,Helena (2025 Mix),Revenge
1869933,435.8483,18,"98,100,43,80,99,34,73,68,76,84,100,51,91,79,95,93,92,73",Kani*Do-Luck! (TV Size),A I U R A !
4853246,7415.0839,53,"99,84,30,85,41,53,28,59,62,69,83,99,43,21,71,72,100,47,35,61,90,15,3,99,82,81,36,41,64,34,40,35,14,88,44,75,6,25,17,64,27,61,92,89,31,96,66,2,63,12,69,31,31",Sentou! Battle Tower,Log Off Now's Extra
4883762,20070.2229,95,"10,11,43,35,69,20,21,41,25,80,46,68,16,37,26,54,25,12,61,48,33,33,34,81,50,38,63,22,65,26,93,47,85,26,4,16,63,72,59,42,37,51,50,69,73,12,1,13,75,39,16,69,15,73,37,82,53,10,14,23,56,34,1,74,25,44,55,29,36,13,19,26,17,40,75,76,8,26,2,10,7,32,54,59,70,100,6,65,57,45,12,28,15,70,94",Unstoppable,Tylerderp's Extreme
4573964,1592.0168,5,"11,25,23,19,67",Chiisana Koi no Uta,Love Song
4666832,15542.5128,63,"14,17,50,44,44,35,78,11,80,3,16,57,81,22,52,21,25,65,20,31,35,13,38,36,75,14,31,20,55,21,17,8,26,24,7,24,83,33,3,28,43,21,50,82,16,57,32,89,50,9,23,26,60,36,6,65,58,7,65,81,37,83,3",Montage Girl (Cut Ver.),Solitude
1636104,11103.4641,46,"15,87,18,18,13,86,53,97,2,80,3,59,47,64,19,8,29,98,45,9,4,36,35,63,41,20,33,89,30,17,57,40,9,16,10,58,39,97,96,29,61,36,80,41,26,25",Euphorium,The Dream Of White Star.
4867544,1329.0722,4,"19,95,68,4",Kuusou Mesorogiwi (TV Size),browiec's Extreme
2204234,7894.1141,39,"26,89,61,61,48,11,62,46,43,44,31,82,29,23,79,7,96,87,61,18,16,1,82,68,52,26,41,45,21,12,92,63,72,81,34,10,16,43,3",Ray,Extreme
2445438,1483.6064,5,"28,24,66,30,3",RAGE OF DUST (TV Size),ANARCHY
5211347,1273.267,5,"37,88,5,36,32",Worst Regret (Sped Up & Cut Ver.),Tragedy
3471407,276.9086,2,"43,35",Kioku x Hajimari,Affection
2675575,5510.0545,22,"44,85,90,4,79,3,41,39,1,98,36,96,46,70,95,98,16,95,5,7,50,15",Bokura dake no Shudaika,There's no turning back
2444148,4735.8334,49,"48,100,86,89,9,92,70,61,96,100,90,64,68,38,22,43,63,49,23,23,77,47,36,67,56,15,44,59,98,37,77,24,55,99,45,62,13,31,93,32,64,61,76,14,34,74,48,53,83",Imagination (TV Size),Ambition
4961894,2492.331,28,"49,93,60,53,72,49,83,55,30,66,65,48,54,99,74,55,33,60,38,85,18,69,15,75,49,85,10,36",Blue Youth,reminiscence
4842099,4988.8086,39,"50,30,74,73,56,32,65,85,39,3,99,41,36,62,15,69,89,41,83,33,81,47,62,66,2,23,31,62,62,49,53,24,62,91,81,55,22,47,37",my love life needs a lobotomy,JULIET'S EXTREME NEEDS A LOBOTOMY
820737,2231.8174,13,"51,81,56,29,16,20,42,74,15,78,20,51,39",FIRST,Saut's Extra
1627148,1313.9149,25,"52,66,79,99,64,30,89,58,87,54,39,63,76,33,92,90,39,97,79,15,83,63,72,75,64",Make a Move (Speed Up Ver.),Endless Fear
4648692,358.6691,6,"53,42,84,73,68,37",Bleeding Hearts,Extreme
4415584,3447.0364,37,"54,43,90,9,91,29,67,77,52,26,47,90,97,66,97,97,100,80,38,34,96,93,26,3,66,33,92,59,50,86,70,74,100,26,53,87,55",Brazil,Kuki's Extra
1791963,1165.3952,10,"55,38,50,29,37,16,61,50,77,93",Soundscape,Meg's Extra
5416769,10711.508,61,"56,39,25,32,43,51,50,13,7,71,57,52,49,38,24,65,97,35,6,97,43,51,44,30,68,89,60,44,33,14,47,14,93,8,73,27,11,30,89,77,40,27,41,40,66,39,6,87,15,19,55,51,10,69,87,73,51,2,19,71,93",Christmas Slop,Reform's Extreme+
3647151,1707.5146,9,"57,62,46,89,16,2,71,39,45",Bokura dake no Shudaika,Memory
1024480,155.1766,4,"58,98,94,42",Yuudachi no Ribbon,Rain
1588369,5543.2042,32,"61,38,49,83,42,81,76,22,9,4,44,28,51,26,64,50,80,92,16,99,14,24,95,22,48,93,92,11,55,9,58,36",ReI,Ameagari
1041727,228.4537,5,"63,93,87,36,48",Now Loading!!!!,Press SELECT
2201460,4271.5576,52,"66,91,81,65,15,89,97,52,91,82,100,92,79,63,10,50,46,68,43,72,52,30,64,72,29,34,85,51,46,57,88,97,40,60,86,12,92,69,87,31,73,90,66,18,38,98,29,78,51,63,13,47",HIKARI (TV Size),browiec's Wisdom
4913996,2504.6257,32,"67,72,53,39,89,94,98,81,83,72,28,70,52,91,79,55,82,48,35,60,21,57,88,43,96,27,62,22,70,3,56,99",El Mismo Sol (Cut Ver.),Parad0xa's Extra
2484994,2334.5714,24,"69,50,72,93,23,14,96,66,84,76,91,84,61,6,44,100,27,46,82,83,43,98,97,35",Chicago,Sky City
3905716,29.0145,1,71,Keep going,Cycling Kings
1583228,55.566,4,"72,81,92,96",Ringo Uri no Utakata Shoujo,Happy Cursed
3257742,1614.6842,29,"73,94,70,82,45,85,94,55,83,55,86,100,64,39,33,88,39,52,88,97,30,79,93,46,55,26,18,55,100",Happy! Lucky! Dochy! (TV Size),1-2-3
5848202,492.4057,3,"74,17,79","Fairytale,",Starlit Memories
1655981,5994.7515,34,"75,42,6,14,35,88,56,39,5,87,7,74,76,94,18,34,25,16,36,90,23,70,40,97,41,34,37,92,96,20,89,21,98,67",Black Rover (TV Size),Extreme
899732,212.7728,4,"76,33,65,79",Amakakeru Hoshi TV ver.,Masquerade
1191920,46.6318,3,"77,85,79",Inai Sekai,Extra
2069841,78995.3892,194,"78,9,100,35,33,76,20,69,22,20,57,75,37,21,8,65,43,1,8,1,91,27,26,42,1,6,13,55,92,75,1,34,4,5,27,6,94,40,20,4,58,37,44,1,37,7,64,4,7,35,79,20,1,3,6,88,10,2,17,66,1,72,53,39,6,7,10,98,4,5,3,19,9,1,3,5,61,9,31,6,2,20,57,15,57,3,23,19,21,44,18,5,1,1,1,77,1,63,37,11,11,5,29,32,27,36,55,72,98,17,10,41,89,8,7,26,51,3,11,11,42,89,70,24,80,1,25,3,66,1,2,2,64,4,70,71,61,73,77,1,1,45,33,8,50,1,3,13,20,67,7,8,32,64,79,99,14,48,14,64,26,12,1,23,26,7,7,12,44,3,2,33,1,25,36,4,1,17,23,1,8,28,17,18,27,2,6,91,78,22,2,6,2,2",Wizard's Tower,Ultimate Magic
1935389,263.1109,7,"79,71,65,51,44,49,99",Happy End no Intro ga Kikoeru,Brightly
1016701,831.326,5,"81,92,98,44,6",Justability,Amamiya Nathan's Shooting Star
4419660,824.0414,8,"83,31,77,88,95,79,77,9",Gotta Go Fast (TV Size),SPEED OF SOUND
2419085,19340.4363,86,"84,95,46,37,21,93,96,46,12,49,53,67,14,97,17,40,67,81,82,5,72,2,74,49,66,26,7,68,30,89,8,21,62,21,8,2,38,53,62,1,49,81,10,28,61,46,98,26,11,13,49,1,26,30,84,69,1,45,30,94,45,78,10,89,4,49,11,25,18,56,47,75,84,4,32,17,17,25,95,81,19,41,23,45,77,62",Kakurenbo,"Ready, Set, Go!"
1725346,18.6106,2,"85,100",Unhappy End World,kotachi's Happiness
2593620,3537.0761,16,"86,20,13,83,87,27,6,74,32,46,66,7,26,37,12,76",Songs Compilation IV,Marathon
2083439,2577.7158,22,"87,42,58,48,63,16,79,19,91,50,27,52,79,56,47,87,95,15,18,97,85,24",Metal Crusher,It's Showtime!
4475450,569.0889,3,"88,19,26",Kinou no Atashi ni Maketakunai no,Adoration
3069102,2790.6977,23,"89,98,46,95,52,18,95,56,97,70,73,82,95,40,38,13,62,17,25,34,63,22,14",Aoiro Step (Short Ver.),Affection
3994410,132.7894,3,"91,85,39",Bokura dake no Shudaika,Forbidden Flame
2599514,405.5461,6,"92,99,94,68,81,16",Doro no Bunzai de Watashi dake no Taisetsu o Ubaouda nante,Extreme
972691,3389.1683,18,"93,51,36,23,19,10,31,53,51,92,75,34,30,57,89,2,62,17",Sendan Life,Extra
2638888,738.041,6,"94,54,57,29,63,15",Zutto Summer de Koishiteru,Akitoshi's Extreme
4024422,7.825,1,96,Yoru ga Akeru,Extra
3042164,4956.6471,28,"97,97,47,95,88,40,40,75,61,21,13,63,5,88,68,61,84,5,16,42,13,7,92,69,11,86,98,54",Ranbu no Melody (Cut Ver.),Mugetsu
5100148,638.3055,8,"99,53,37,79,52,41,78,25",Break Of A Heartache,Kuki's Extreme
5731827,6546.2314,22,"14,99,53,16,71,7,48,14,57,16,26,61,40,86,23,14,12,21,3,12,57,1",RuLe (Cut Ver.),EXTRA
5474445,11207.1353,61,"20,99,37,20,48,36,19,56,77,34,52,54,18,62,98,66,89,42,99,13,69,12,44,24,44,63,30,44,15,26,28,47,91,64,6,40,45,54,47,95,2,2,91,70,85,34,27,53,47,27,38,85,17,46,6,1,61,4,35,75,83",ESSE CARA!,EXTRA!
5454622,6466.9586,35,"26,97,48,63,59,49,62,4,98,64,4,16,30,20,19,6,79,55,64,49,86,62,65,16,28,67,44,59,12,58,91,49,38,42,19",clarity rmx (hayakou bootleg) (cut ver.),quantumvortex's ultra
5093443,5290.3764,33,"29,92,68,31,31,84,91,25,87,40,79,58,14,46,8,42,20,20,54,86,26,10,44,80,8,34,66,63,23,32,36,46,97",Valour Against All Odds,Nightmare
4921665,3745.6311,40,"32,59,73,21,57,64,92,33,23,93,38,35,72,93,28,75,52,51,30,13,76,76,34,26,64,39,33,43,40,97,56,64,33,52,24,55,81,92,51,83",R U 4 Me? (Cut Ver.),extreme
5109227,2968.9275,21,"34,27,88,65,66,77,96,60,49,93,49,51,35,4,51,81,32,55,7,20,32",NBTSA,Sunken City by The Ocean
4857997,12091.434,86,"41,15,73,40,67,61,78,94,100,95,78,78,25,99,31,40,30,83,78,46,26,58,75,33,19,27,17,78,57,86,77,95,31,78,14,49,77,61,18,19,79,8,22,4,74,73,100,62,80,85,64,35,46,30,72,16,16,74,33,88,15,66,77,64,8,5,59,84,90,57,70,3,55,31,100,13,61,71,94,66,99,53,52,7,1,62",Zetsubou plantation (Cut Ver.),Reform's Extra
4978360,1936.4506,16,"44,51,14,60,42,23,64,44,33,35,82,47,42,26,47,86",Yotsuya-san ni Yoroshiku (Cut Ver.),Hayakou's Extra
4871245,4178.6622,31,"47,77,43,8,35,57,71,84,59,43,75,48,70,88,53,54,86,91,23,47,16,31,24,65,1,12,67,72,46,24,78",Parasite (Cut Ver.),Vermin
5731235,7862.1619,24,"51,50,25,13,22,77,43,20,10,2,35,8,95,79,3,3,5,81,11,18,75,19,95,8",MONTAGEM BATCHI,EXTRA
4919463,1050.8643,10,"55,95,35,29,45,91,25,40,29,90",Nevermind (feat. Justin Magnaye) (Nightcore Mix),Hayakou's Extreme
5127731,15126.8527,76,"56,40,68,44,80,28,36,42,72,67,100,51,80,73,26,89,14,26,38,85,24,14,97,69,28,74,33,63,9,22,3,17,36,73,1,25,49,44,72,36,24,70,26,15,3,35,14,24,60,21,47,11,37,17,26,89,16,99,62,1,6,39,75,95,29,91,25,50,82,25,15,3,15,10,30,66",bbydoll (nightcore & cut ver.),pick me
5073932,3015.8178,26,"57,50,92,47,55,65,40,59,12,29,35,73,14,41,31,31,80,96,67,97,59,45,44,18,63,15",American Girls (Juztan Remix),Share's Extreme
5761998,202.1122,3,"58,91,32",Killer Headache (feat. Pierce Jordan),MITA'S EXTRA
4900540,2621.7643,33,"60,85,75,96,74,73,98,84,80,55,35,48,65,22,97,42,79,56,95,23,14,20,27,85,98,27,57,62,58,29,60,39,81",erase u (sped up & cut ver.),bye!
4867583,3831.8639,33,"62,64,84,65,60,37,72,20,21,37,29,81,78,63,62,41,62,80,99,8,42,70,56,83,43,7,42,12,40,17,55,77,74",For The Love Of The Game (Nightcore & Cut Ver.),Our Lives on the Run
1059776,2836.9679,11,"66,58,90,7,36,4,4,45,83,47,39",Cinderella Romance,Cinderella
4915278,4101.5621,31,"68,88,90,69,73,67,94,55,33,86,66,27,32,90,42,60,25,32,89,58,19,67,1,10,44,54,9,82,30,66,30",Diamond Happy (TV Size),Fuxi's Extreme
5349820,16800.7166,61,"72,70,96,49,34,16,58,16,22,33,61,42,8,22,27,53,93,42,23,45,26,37,2,19,24,4,44,80,52,69,3,3,1,87,36,42,15,62,7,5,5,63,75,4,34,21,61,3,36,2,12,63,63,29,55,25,98,92,14,72,1",Bluenation,Eden
5013480,2799.8134,17,"73,68,53,38,29,13,30,99,22,51,70,20,20,6,63,50,51",CTRL + ALT + DEL (Cut Ver.),Ome to Mirai's Alt + F4
5102505,2405.6341,33,"74,38,51,93,85,68,62,36,59,54,47,56,71,59,62,79,51,83,92,61,37,34,5,58,77,89,37,82,18,42,54,47,92",Valour Against All Odds,Extra
4982315,3137.7091,32,"75,60,62,75,54,47,75,90,84,81,4,32,43,84,85,53,63,51,18,44,97,44,26,21,67,47,28,30,47,65,83,63",Kuusou Mesorogiwi (TV Size),Visionary's Extreme
1502678,25735.9496,118,"77,91,76,75,45,58,75,41,53,60,52,72,52,40,42,34,70,91,66,16,88,95,33,22,87,50,44,8,15,91,26,13,28,99,7,20,81,37,18,65,17,81,95,11,39,2,16,7,75,20,92,20,39,78,4,39,3,4,1,17,32,73,75,27,23,78,19,16,78,35,6,99,25,89,1,97,82,55,48,38,15,89,1,41,36,28,80,37,91,90,58,6,55,31,65,18,24,6,17,68,30,20,24,78,27,24,52,12,6,67,54,2,28,10,70,3,13,39",Fallen Angel (el poco maro Remix),Heaven's Feel
4889331,16487.0013,90,"78,22,38,78,90,87,23,15,10,30,98,20,56,76,81,85,11,100,10,84,7,54,40,34,45,14,78,82,61,4,66,30,38,45,32,65,84,21,30,33,83,50,70,71,28,89,57,29,21,83,87,74,27,5,2,26,91,41,86,86,10,26,19,69,15,19,19,85,32,70,28,56,40,57,11,58,19,35,44,1,53,37,22,17,41,31,19,14,46,12",Polar 240,Tylerderp's Extra
5271748,11189.1931,74,"79,90,87,8,83,68,40,30,83,83,29,83,36,93,48,33,52,71,17,16,43,56,10,89,82,90,26,38,27,31,21,69,95,30,29,54,24,64,26,32,54,39,10,17,86,65,48,23,44,31,22,69,46,55,77,16,30,83,18,79,9,93,77,33,46,21,20,2,15,67,13,43,52,75",Of Our Time (osu! Edit),PikA's Extreme
5271749,4854.1981,29,"80,21,24,66,45,92,75,82,86,77,18,29,58,2,64,85,85,22,35,39,67,17,40,39,24,3,23,83,18",Of Our Time (osu! Edit),Ram's Extreme
5088528,7051.7519,55,"82,41,57,90,22,28,73,38,19,23,75,25,28,6,21,85,88,60,32,34,42,23,95,49,44,75,70,20,19,52,73,77,8,38,60,59,79,10,56,48,93,72,72,24,20,51,48,18,85,80,74,81,63,82,82",Valour Against All Odds,Extreme
5533081,11075.635,51,"85,100,71,45,65,70,48,17,78,63,50,12,10,23,60,85,66,48,32,7,18,66,5,37,76,98,37,58,14,8,11,43,14,8,21,37,6,54,67,42,40,24,18,81,7,9,1,72,39,18,66",Why Worry (Nightcore & Cut Ver.),Stand Up
4834695,2274.6269,41,"86,79,67,76,44,74,93,98,92,30,90,54,47,46,97,76,72,78,59,76,18,71,79,49,37,12,58,47,90,78,56,52,57,72,57,80,65,46,50,71,63",Favorite Liar (Cut Ver.),My Favorite Liar
4979260,120.4672,4,"88,63,48,88",Break Of A Heartache,Don't Ruin My Life
3980889,75.6855,3,"89,73,54",EVERYBODY DO THE FLOP,kowari's Extreme
5271750,3459.1341,19,"90,72,89,43,32,67,92,47,22,41,82,10,43,1,82,71,41,3,21",Of Our Time (osu! Edit),Reform's Painted Skies
4836716,6483.7319,43,"91,70,83,32,15,84,63,93,1,82,11,55,88,42,50,8,53,21,43,14,71,32,36,35,73,16,57,52,59,62,43,41,94,67,90,12,38,62,88,76,77,14,33",my love life needs a lobotomy,MY EXTRA NEEDS A LOBOTOMY
4850780,7380.722,66,"92,66,55,74,57,61,54,25,47,95,59,92,86,79,64,33,23,33,31,94,46,37,58,48,83,14,81,80,64,37,65,98,28,39,58,1,82,58,11,70,50,64,26,45,25,52,73,1,72,43,50,42,75,46,60,95,59,27,98,38,54,21,64,51,12,48","Chug Jug With You, but i can't anymore",PikA's Extra
4852495,5049.9246,36,"93,65,62,26,25,34,34,8,89,64,46,22,87,85,52,1,77,25,5,87,73,95,55,89,63,24,87,65,61,43,72,81,82,36,12,46",Sentou! Battle Tower,Reform's Extra
4833931,7825.5442,42,"95,28,79,61,91,49,15,36,43,17,56,97,90,58,16,18,2,90,20,3,32,58,45,42,61,50,45,9,64,71,77,18,80,22,18,1,49,52,42,66,68,36","Chug Jug With You, but i can't anymore",Chug Jug With Me
5100152,1025.4093,8,"96,67,76,14,45,25,60,26",i like the way you kiss me (DETHVEDA Frenchcore Edit),</3
5212632,678.9741,11,"97,84,94,77,21,58,89,56,100,30,50",GIRLS' LEGEND U (Game Ver.),Victorious
5288368,3236.2609,24,"99,93,28,9,43,67,53,60,23,79,46,43,78,73,11,90,90,84,19,49,17,89,18,39",Heart Attack (Rock Ver.) (Nightcore & Cut Ver.),Broken Love
4824244,2065.0232,7,"12,72,12,32,12,50,75",Die,Uri's Expert
4889080,5924.7807,14,"13,17,8,8,82,11,92,85,25,2,52,8,62,1",Shuumatsu no Mythologia,Expert
550235,3676.596,16,"15,70,50,92,31,69,52,10,38,33,34,37,18,2,93,19",United (L.A.O.S Remix),Infinity
767203,1685.6809,5,"17,13,21,37,41",Kuuchuu ni Shizumu Kishinjou ~ Counter-Clock World,Extra Stage
2902017,17369.8588,65,"18,57,27,60,34,16,49,85,8,73,46,33,52,16,13,89,35,33,4,74,28,19,34,15,17,84,65,10,8,40,30,80,32,12,29,1,76,3,47,71,3,29,51,99,42,68,10,40,70,28,23,20,62,4,5,2,100,54,37,24,95,82,16,50,6",DROPOUT!?,Kowari's Extra
3217085,3973.844,16,"19,36,21,67,11,63,28,21,36,12,17,59,15,80,94,30",Hatsukoi no Ehon feat. Aida Miou (CV: Toyosaki Aki),Extra
4571942,3793.2852,12,"20,23,46,15,11,78,14,85,35,4,38,29",Get Your Wish (Sewerslvt Remix),evth's extra
1228616,4481.087,23,"25,71,35,86,98,99,93,79,62,5,41,4,79,72,61,24,14,74,6,13,66,14,65",Huan Xiang Xiang Di Yi Tao Guang Bo Ti Cao,Sway!!
718679,8344.558,30,"26,8,75,41,54,55,64,19,30,16,26,78,8,9,46,13,75,2,96,31,31,11,3,36,47,82,35,42,6,41",Mynarco Addiction,Ex
4943353,5691.616,24,"28,47,23,56,28,22,32,10,22,27,35,36,80,72,44,24,31,4,47,9,33,15,25,65",Sidetracked Day (Short Ver.),Extreme
5225963,14741.0805,46,"30,50,11,36,68,32,11,21,9,7,27,1,85,7,35,17,20,30,5,70,13,14,10,97,65,64,3,16,87,5,18,26,95,1,37,1,17,3,39,85,70,81,96,56,27,61",Power of the Dragonflame,Roupus' Extra
966576,332.1558,2,"31,40",Yakimochi no Kotae -another story-,Jealousy
5426129,3773.866,27,"33,98,27,88,41,24,98,71,33,91,13,52,46,62,7,30,63,67,37,58,59,53,61,99,69,25,10",Pacific girls,jumpstream
5301282,831.7522,4,"39,12,47,44",Halcyon (Long Ver.),Extra
4170444,3338.6058,15,"40,33,33,51,62,23,32,50,30,9,18,15,91,56,5",To The Terminus,Extra
2663986,24585.8571,107,"41,66,43,55,31,29,45,40,45,99,38,44,21,99,18,31,15,91,41,53,37,23,37,40,3,61,16,46,31,11,23,45,20,27,5,34,14,100,61,10,84,6,4,89,34,16,8,8,11,79,50,100,29,56,9,17,84,23,86,7,99,41,13,39,46,20,54,95,28,32,3,64,45,3,12,20,54,39,5,31,72,10,34,66,7,24,75,67,54,77,14,52,25,97,59,22,90,36,13,14,76,100,18,98,2,88,12",Prima Stella,Caged
831443,146.8542,2,"43,72",Escape With The Clouds,No Escape
658994,2462.2476,14,"44,96,49,76,91,90,14,55,45,25,81,10,14,13",perthed again (yambabom remix),ktgster's Extra
1506912,109.0724,1,45,Fortuna Redux,Extreme
687303,8593.4472,45,"49,59,23,11,20,8,44,84,56,22,85,10,46,29,58,36,55,47,75,61,21,2,97,50,29,48,46,26,45,4,8,43,51,72,45,32,23,32,31,85,71,35,38,21,38",Epiphany (feat. Veela),Revelation
5752621,10713.6628,32,"51,50,65,14,23,17,35,6,18,39,4,29,5,85,8,25,82,65,27,5,31,74,3,33,43,62,3,41,19,1,6,20",Valley Of The Vale,shoyeu's Expert
4447996,7462.1807,34,"53,41,53,33,86,64,50,29,40,28,11,9,17,94,87,64,41,10,20,48,4,32,61,42,12,35,7,97,26,6,13,52,71,47",slishkom pozdno,extra
5036420,2249.0429,15,"57,32,75,86,72,25,43,54,84,7,29,76,24,23,21",CYBER INDUCTANCE,EXTRA
5812272,2715.4611,11,"58,44,28,48,20,35,2,31,59,28,14",snow storm -euphoria-,shoyeu's vivid
4758850,21048.885,70,"59,44,65,81,35,10,20,56,50,62,56,9,78,85,14,55,61,28,4,20,19,18,6,46,1,86,3,51,73,58,3,33,22,4,10,19,4,2,44,98,3,32,66,71,80,8,54,34,37,12,40,32,4,71,12,3,98,84,11,82,45,62,11,25,15,74,19,2,16,38",Sentou! Champion Iris,Dragon Queen
809469,2636.0978,12,"60,14,95,23,24,50,45,36,64,28,5,28",Waldschrein,Mein Land
5462590,1125.6945,5,"63,33,10,60,24",Cosmic Dewdrops,Expert
191805,62.3357,3,"65,83,79",Chikyuu Saigo no Kokuhaku o,Collab
5682373,4013.8971,17,"67,53,53,18,43,19,43,62,11,15,11,40,13,62,19,23,37",Heartless (Cut Ver.),Zabrid's Expert
827803,7676.1474,49,"68,12,68,65,30,36,47,35,36,72,96,44,89,72,60,50,54,18,44,8,73,13,89,75,29,22,35,35,24,23,75,68,33,6,33,90,70,68,29,47,44,94,12,47,37,55,51,67,1",SANTA SAN,X-Mas
811127,310.9149,3,"69,24,83",Shoujo Satori ~ Innumerable Eyes,Extra
2060211,1497.4475,12,"72,70,67,82,55,13,8,66,59,32,85,97",Light Delight,The One I'd like to Be Beside.
1506561,34.1263,2,"75,84",High Free Spirits (nenpulse bootleg remix),Horizon~
5553693,988.8604,4,"76,98,16,11",Ai no Shoumei,Collab Affection
4859467,7095.5494,35,"78,66,87,27,68,45,11,64,3,79,5,57,54,94,29,68,70,22,50,67,70,25,78,36,6,1,27,36,97,13,16,41,28,39,25",Hold Up Your Hearts (Again),Uri's Extra (feat. Maki)
5635263,914.0111,11,"82,84,79,78,59,44,21,26,74,82,28",Fallen Angel (el poco maro Remix),Recidivist
4724034,28741.3188,108,"84,65,46,70,45,47,81,61,39,64,31,19,35,39,72,38,23,30,45,39,65,25,4,16,10,6,16,15,31,63,54,45,21,67,14,83,14,47,70,9,12,94,10,24,19,77,64,25,29,5,19,18,25,1,36,30,9,59,52,25,77,44,75,14,35,32,9,5,12,81,21,72,63,27,22,46,7,31,100,31,34,45,53,12,98,62,1,6,28,2,68,3,5,28,57,16,33,10,30,7,28,9,41,18,3,4,97,2",Unwelcome School,Sotarks' Classroom Disorder
4833713,4515.2509,28,"85,59,73,76,74,36,27,18,18,99,58,24,93,85,56,68,14,25,19,14,36,33,57,56,1,42,52,89",on & on,on and on and on and on and on and on and on and on
5067244,77.767,2,"86,48",Epitaph,Expert
3895710,761.0621,7,"88,69,22,49,30,91,30",MERRY MERRY MERRY MENU... ne!,Celebration
5691804,12552.4446,42,"92,77,43,34,28,34,90,23,72,11,23,18,11,34,7,46,28,4,8,33,91,17,89,32,28,48,7,6,1,85,15,6,5,2,23,67,9,24,20,28,26,54",stresstest,towerofheaven's extra
985875,54.4318,4,"93,70,81,88",Ring My Bell,Ring Ring Ring
1686476,1715.208,14,"94,33,19,29,46,86,76,28,64,39,61,29,23,72",Paranoid Lost,Dream of Autumn Colors
1808741,1285.4947,9,"95,95,85,78,36,2,76,30,49",Itazura Fiction,Chaos
2068783,7.3232,1,96,"Papa, Ne Pey!",Dendy's Special
888015,2106.3762,15,"99,62,68,80,46,15,32,13,64,11,42,59,94,60,33",If You Can't Hang,Fort's Extreme
5107738,65183.8065,129,"3,63,4,2,40,1,7,1,5,73,26,22,34,28,28,26,1,19,1,92,4,9,5,9,25,5,34,22,19,59,19,17,42,16,58,8,66,11,34,2,7,38,3,86,21,51,8,2,5,69,17,7,12,5,1,3,7,9,5,6,32,13,73,8,5,5,6,18,3,64,5,20,68,25,6,3,15,58,5,1,19,43,4,29,5,29,3,8,16,75,44,4,1,6,10,30,15,2,81,69,2,1,3,14,3,3,9,3,5,4,36,14,2,3,17,7,5,2,3,61,2,10,2,3,4,2,45,7,11",Stop Saying We Sound Like Dragonforce,Not Maaadbot's Legendary
3623106,7431.0012,31,"5,38,96,48,13,63,14,7,67,18,47,29,30,41,75,60,100,70,91,10,22,93,13,17,4,59,95,31,51,4,39",Yggdrasil,Relentlessness
4124721,6057.6761,13,"6,9,6,72,3,20,16,27,4,2,33,98,67",Trifecta of Horrors,Bound By Horrors Old And Gone
4313254,4732.7852,23,"7,37,42,6,51,80,40,68,59,14,19,68,50,20,15,17,76,45,30,29,23,80,41","The Sun, The Moon, The Star",Anguished Desolation
5472661,22300.4578,51,"8,2,3,8,69,87,88,1,80,54,31,27,66,3,15,13,3,30,80,6,9,2,10,29,3,1,32,48,75,2,1,1,58,47,85,19,3,55,1,56,4,34,4,88,26,25,17,11,50,15,19",FAITH,NAPIII'S SACRILEGE
4904540,11488.9104,29,"10,16,95,7,31,6,56,13,10,30,1,4,57,28,3,4,39,4,14,77,71,35,20,54,19,68,10,57,19",FREEDOM DiVE,Arles
5640431,1525.8879,6,"11,16,91,31,31,73",In Putris Stagnum,Mirage
4821023,12575.5108,38,"12,71,33,14,47,9,6,6,40,89,6,61,26,33,17,15,56,8,25,51,5,10,84,1,8,15,25,24,9,56,4,35,73,39,31,8,56,57",Cosmic Warfare,Ancient Stars Collide
3700073,20905.6158,60,"13,3,73,32,22,23,16,45,20,82,16,63,12,13,27,8,10,30,9,63,10,49,3,36,6,49,2,33,36,19,48,15,77,5,69,73,29,50,6,30,2,12,28,97,54,22,30,2,24,8,96,8,63,3,25,26,5,76,3,6",Cellar of Ghosts,Remnants
1413113,4787.0299,9,"14,5,2,61,65,19,1,4,76",Hello!My World!!,Sotarks' Melancholy
5423979,46328.818,99,"15,26,18,5,3,4,28,4,4,41,45,1,25,7,22,6,73,17,79,63,4,31,98,2,39,11,4,2,49,22,79,16,17,13,15,8,2,25,4,7,3,16,79,1,10,1,20,10,4,57,80,14,3,85,8,95,14,22,96,20,4,77,8,42,2,3,9,4,36,6,57,16,9,8,35,4,4,4,24,4,36,6,7,11,5,20,21,16,75,6,7,5,3,3,5,55,2,17,4",Rokujuu-nen Me no Shinsoku Saiban ~ Rapidity is a justice,Last Judgement
5653824,1465.2111,5,"16,31,7,82,80",The Ophidian Form,Fleshcoil
3954641,42172.2228,96,"17,17,24,1,9,3,3,9,54,23,2,2,4,25,2,75,63,11,68,10,25,11,32,25,8,2,10,22,97,3,2,48,11,76,5,18,6,33,1,19,44,68,27,9,42,27,2,10,19,1,13,13,12,42,3,3,13,8,49,20,62,16,43,19,1,90,4,13,67,51,2,4,12,34,1,21,22,4,90,73,10,68,7,24,70,34,4,20,54,29,49,8,1,16,47,1",Astral Empire,Break of Dawn
4846148,22335.1417,89,"18,6,18,65,11,27,49,31,73,24,23,78,16,14,71,29,21,23,12,40,13,92,64,89,25,12,45,97,61,70,12,8,52,49,69,68,27,54,44,58,40,70,55,17,90,9,3,4,56,17,10,46,13,20,55,56,11,18,39,84,9,20,13,33,58,37,18,1,9,2,65,61,42,31,19,70,9,29,27,13,89,3,93,80,4,26,68,29,92",Alice In Wonderland (feat. UX),Nevermore
4026393,36604.5499,93,"19,23,9,17,27,48,17,5,7,57,2,10,8,64,46,42,84,8,51,27,52,28,1,70,22,24,8,39,25,2,3,93,32,43,41,25,12,11,6,29,44,21,22,9,17,7,17,17,8,55,15,82,10,5,2,3,7,13,11,8,9,17,32,4,10,36,33,13,4,25,5,17,66,37,10,17,12,19,40,6,7,29,5,31,1,4,30,34,5,3,4,62,8",Arkadia,For Your Dream
5609597,7131.8777,32,"20,10,61,20,26,27,81,45,45,37,39,44,31,47,100,21,13,18,89,17,27,26,57,11,11,79,44,6,37,39,6,35",Road of Resistance,Return of the Ancients
4704020,13157.9125,71,"21,26,63,100,6,44,68,66,82,30,52,26,84,59,24,55,28,13,73,19,28,15,39,38,27,52,67,95,31,41,28,81,100,24,19,96,86,20,32,33,8,70,86,41,26,54,31,22,15,92,98,21,29,32,13,12,24,15,16,66,12,13,14,14,52,38,69,90,13,43,9",Age of Tyranny,Revolt
5272081,27044.2853,77,"22,7,16,43,14,5,37,13,24,26,75,23,15,9,19,7,80,1,28,38,18,9,12,7,15,55,2,5,27,39,21,17,8,19,13,27,45,17,54,11,36,32,18,4,28,9,26,7,2,3,6,3,24,43,34,49,18,96,60,12,21,10,52,77,22,44,37,4,17,14,98,12,35,22,14,55,42",My spirit lives on,Freedom & Peace
5146528,12021.6745,51,"23,80,59,53,66,31,21,19,75,69,35,54,17,42,15,12,50,91,12,35,33,61,29,4,57,6,73,6,81,16,58,47,26,26,9,30,2,30,14,10,47,37,99,23,13,84,11,24,69,22,2",As Promised...,Fatebound
3881559,88264.6335,204,"24,24,56,98,6,5,7,11,100,44,7,56,14,2,6,69,75,4,5,1,3,2,3,12,4,14,16,79,82,14,23,96,4,26,97,2,40,3,3,2,31,85,42,1,5,1,3,3,8,57,29,50,1,1,32,1,3,76,55,1,4,9,14,2,85,70,8,82,3,44,44,71,73,3,4,35,46,20,5,18,66,6,14,1,4,1,77,17,33,89,8,79,2,52,91,29,36,14,1,57,52,1,15,5,2,76,3,2,60,56,1,29,71,34,12,20,37,46,2,27,1,1,54,72,25,43,86,68,6,1,52,5,14,53,93,2,13,6,6,1,10,2,33,45,1,1,44,52,12,1,9,26,3,2,16,52,76,36,30,34,55,41,20,6,53,1,43,1,7,91,66,7,42,53,23,66,32,8,1,51,2,9,29,6,20,42,2,61,23,1,26,10,7,2,20,10,35,43,30,1,1,15,3,35",Epitaph,Elegy
5492346,3680.8939,22,"25,34,14,45,43,68,67,24,99,43,57,83,12,6,88,70,64,40,43,10,29,100",the wind's final wish,Crescendo
1031991,24488.2285,94,"27,55,17,20,47,85,79,62,50,7,75,28,99,33,65,90,5,80,89,5,23,60,27,58,42,4,20,57,29,43,17,20,64,48,11,12,12,20,25,83,16,90,69,39,12,7,82,97,9,2,18,21,74,8,38,54,94,23,54,35,4,84,3,87,5,57,71,24,17,61,67,7,94,9,89,11,78,83,9,96,3,86,3,88,31,36,74,9,2,11,7,16,69,8","Yomi yori Kikoyu, Koukoku no Tou to Honoo no Shoujo.",Kyouaku
5052048,1148.9733,10,"28,95,65,55,36,25,91,48,14,83",Seed of the Night,One Thousand Open Doors
4318971,28471.6232,108,"29,11,21,32,44,1,96,2,69,24,40,50,13,26,37,67,39,49,18,48,35,58,6,37,31,42,30,68,5,5,35,95,7,43,25,70,30,26,28,72,29,55,23,7,23,5,43,15,21,22,56,99,70,12,6,13,27,14,60,15,13,39,34,20,21,71,9,42,8,81,1,61,31,3,23,8,54,16,17,28,26,8,10,71,65,74,88,78,5,88,4,14,71,9,12,62,12,44,76,17,44,28,29,28,15,81,6,50",The Whisper Of Ancient Rocks,The Winterstorm Here Is a Landscape That You'll Never See
3206205,729.909,4,"30,31,72,20",Shinkou wa Hakanaki Ningen no Tame ni ~ Jehovah's YaHVeH,Collab Extra Stage
5162842,231.4557,1,31,As Icicles Fall,"Pillars of Monolith and Ice, Laced with Lightning"
2648218,853.9323,8,"32,31,98,58,16,82,72,70","Devour Me, Colossus (Part I): Blackholes","Flesh to Flowers, Blood to Rivers"
4606556,6662.2954,47,"33,19,60,10,40,35,92,67,63,92,38,70,53,81,32,61,48,29,63,27,49,30,35,16,34,20,94,38,42,75,28,32,44,65,15,20,22,25,28,15,47,32,21,66,27,41,57",The Fires Ignite,Ardent Conflagration
3513235,632.3445,6,"34,61,84,76,18,93",My spirit lives on,Vermasium vs. Agent5d: The Fight For Freedom
3465034,15816.5061,105,"35,23,56,18,65,5,64,56,22,68,78,86,88,15,15,78,53,39,19,14,97,92,49,96,43,19,83,38,14,7,79,8,27,92,61,12,44,49,60,66,56,79,26,48,59,17,47,64,78,59,41,35,47,11,36,87,29,45,57,74,52,31,77,60,27,19,18,66,40,92,46,28,22,91,35,50,62,40,41,31,89,28,100,29,78,9,35,40,28,29,52,27,25,36,30,95,24,77,23,35,6,18,26,27,18",Arkadia,Atarashii Mirai
5688541,4132.4045,20,"36,63,37,12,76,9,54,36,13,89,7,45,50,10,10,69,51,86,91,97",A Dream Of Stars,Destiny
774965,45053.4041,209,"37,99,84,76,84,59,51,57,92,78,85,53,67,3,65,59,44,35,55,43,36,23,62,91,16,53,51,65,61,69,17,99,32,78,85,88,17,25,59,12,68,38,32,73,14,42,60,88,52,49,84,68,8,28,94,39,69,13,27,47,15,20,34,18,94,20,19,16,89,27,3,53,40,24,90,74,16,23,53,21,26,59,4,41,10,27,72,20,26,48,79,53,83,5,11,36,37,54,15,16,55,36,40,11,83,49,90,41,12,42,63,14,68,78,5,18,31,77,29,55,76,18,28,71,75,36,6,17,10,19,35,68,6,59,24,43,6,21,92,72,13,11,6,31,25,66,51,27,18,8,50,4,5,8,84,86,17,2,22,6,13,39,4,5,86,67,3,40,81,13,8,30,25,28,59,69,16,7,59,93,31,65,51,4,6,32,98,9,79,53,9,3,12,71,39,14,32,93,86,89,19,8,3,2,50,27,68,28,18",Remote Control,Max Control!
5053842,6962.2973,36,"38,14,59,31,61,51,25,33,46,69,33,24,76,31,22,25,29,16,39,22,72,25,71,73,12,18,33,29,15,98,8,8,14,77,39,42",Stop Saying We Sound Like Dragonforce,Not Gay Girl's Legendest
4720294,24628.1794,93,"39,92,15,30,13,35,40,9,4,17,1,50,22,3,57,11,26,6,90,80,10,30,1,56,48,5,32,4,13,66,73,47,11,11,98,2,81,55,5,29,6,2,16,68,79,32,61,97,43,91,90,64,21,59,93,77,2,16,50,71,16,79,2,13,97,39,81,59,23,43,60,79,78,92,44,75,14,53,9,63,3,48,47,71,60,26,41,21,29,2,13,10,51",Aragami (Short Ver.),Wilderness
4653517,691.5091,7,"40,19,54,36,74,97,56",Ascension to Heaven,Fallen Angel
3113645,3185.3238,31,"42,53,30,23,91,88,29,83,13,30,30,69,52,28,48,53,70,37,59,49,34,88,65,32,38,64,86,88,27,26,50",Shikkoku no Shogun Regius,"The Corrupted Fate of a Saint, Burning Rain Washing Away the Decaying Souls"
4753901,307.4174,6,"44,64,97,89,34,74",FREEDOM DiVE,nihil's FOUR DIMENSIONS
5817419,706.2363,6,"45,28,42,26,49,92",Astral Empire,Reaching Into Infinity
4941216,1228.4534,15,"47,65,73,43,16,61,27,65,32,62,84,65,68,89,38",Uragiri no Yuria,"God, Wherefore Must This Miserable Spirit Be Ravaged by the Mirage of Darkness?"
3624414,7679.1862,44,"49,81,12,24,14,5,24,16,65,13,90,12,55,41,89,70,90,72,69,76,41,30,28,61,47,96,71,45,25,71,25,28,70,19,44,66,21,55,4,56,76,18,12,25",Seijouki no Pierrot ~ The MadPiero Laughs,Hellish Paradise
3704366,5572.6794,22,"50,20,63,50,20,17,17,10,56,58,45,2,90,88,42,56,65,1,60,99,1,23",March of War / Axe of Judgement,Ruthless Execution
1822108,13121.5693,63,"51,64,27,29,96,28,13,42,20,56,39,52,38,57,91,50,30,68,51,7,11,53,4,29,17,79,18,95,33,94,60,47,8,18,28,14,54,63,58,97,1,4,2,50,39,2,24,56,19,65,13,2,77,52,51,61,86,34,43,38,51,61,83",Cry Thunder,Unholy Darkness
1872396,15179.2392,98,"52,70,79,86,85,49,40,41,34,63,21,83,84,76,83,87,34,9,80,35,93,40,84,51,22,53,29,63,42,46,17,91,71,91,86,58,65,100,77,65,89,31,25,21,42,32,87,41,92,51,6,45,9,12,94,79,43,94,5,85,17,22,8,31,64,13,6,56,100,1,27,57,77,94,16,56,49,54,37,2,31,60,42,32,50,20,5,74,22,38,32,62,69,43,20,28,24,16",Tsukinami,Nostalgia
1032054,152.3347,3,"53,50,95",LOVER (el Poco Maro Remix),Love Story
2874408,16161.4798,66,"55,31,57,46,32,41,2,34,97,18,49,14,16,65,31,14,6,43,33,6,42,32,58,33,25,29,70,7,55,4,3,25,19,86,13,96,36,1,34,2,93,57,52,24,91,70,71,34,29,12,79,73,37,12,12,60,4,62,84,13,55,21,47,47,15,72",Chronostasis,A Brilliant Petal Frozen in an Everlasting Moment
4610839,61.1574,1,56,Burning Heart,A Million Stars
4017986,152.3321,2,"57,39",The Spiritual Relief,Drowning In Rejuvenation
1949106,11586.319,76,"58,40,92,57,69,31,35,35,52,90,87,94,59,100,27,44,20,92,67,60,59,72,72,60,97,35,51,18,54,54,74,96,27,88,70,43,51,11,44,55,19,42,86,42,22,96,85,7,78,87,41,20,6,21,15,52,9,24,14,13,25,94,73,16,13,90,23,10,93,14,17,87,7,23,16,56","The Sun, The Moon, The Star",Mourning Those Things I've Long Left Behind
3704352,728.4641,8,"59,99,25,89,95,16,59,78",The Left Hand Path,O' Sordid Denigration of Thy Holy Name
4181770,13590.7941,94,"61,66,52,98,21,8,80,33,49,38,52,62,54,48,22,58,99,8,10,60,69,58,90,64,41,17,34,37,84,83,68,40,6,44,90,64,34,55,72,9,76,31,60,92,23,67,38,14,64,35,51,24,63,71,45,91,7,79,5,51,40,31,22,23,52,58,54,21,21,34,43,72,22,71,94,99,52,67,43,49,64,28,66,58,36,10,40,37,15,15,9,14,37,36",Sayonara,Last Goodbye
5500241,4959.7131,23,"62,51,17,24,26,67,11,45,14,11,69,81,34,79,43,47,12,10,52,38,85,35,7",Gnosis,Search for Enlightenment
4099971,13359.0728,84,"64,15,76,23,9,51,54,64,55,35,31,41,19,15,40,35,48,37,10,53,87,95,45,40,72,18,45,99,24,15,72,9,7,30,31,66,10,50,84,71,49,94,79,9,85,43,10,34,33,27,32,6,71,34,63,44,23,30,16,74,38,87,55,21,76,61,85,63,39,52,43,29,32,35,22,36,61,5,38,72,85,98,70,64",JAMMER,Isolation
2128030,21470.5954,49,"65,19,5,100,3,71,70,8,21,3,24,63,29,17,5,84,7,10,9,84,20,2,12,94,8,33,1,1,3,12,21,43,31,6,2,2,86,9,37,88,15,10,43,7,64,2,9,5,14",Happppy song,i am a blessing to the world.
5319472,17075.0025,51,"66,13,10,70,100,30,25,32,2,17,68,11,2,10,9,23,33,10,48,2,39,27,26,13,8,56,56,95,81,18,98,16,15,5,70,16,18,13,31,35,16,14,10,20,4,12,20,34,5,6,33",My Heart Will Go On,Maaadbot's Remembrance
3645144,8861.9458,53,"68,68,55,17,11,37,53,70,34,84,98,6,84,32,51,45,47,90,71,67,73,11,63,100,62,24,92,38,89,24,43,25,69,17,26,9,25,25,51,82,62,59,25,69,46,69,12,19,26,9,24,56,1",Arkadia,Fighting on the Road of Arkadia's Tragic Tale
1024742,64.6363,2,"69,62",Deconstruction Star,Constellation
4785448,882.1457,6,"70,94,98,26,8,46",Symphony of a Dying Star,Dreadful Nightmare
5576887,17612.4841,59,"73,12,4,26,72,20,46,38,37,89,20,6,43,44,27,12,32,3,95,60,20,22,13,61,31,7,5,60,12,10,86,20,8,27,24,14,37,81,24,79,53,21,17,53,16,8,3,97,6,91,83,22,3,8,13,34,3,11,100",Power of the Dragonflame,Tharos' Requiem of Sanguine Fury
4443814,11735.3114,40,"74,9,38,17,55,100,45,64,69,29,18,16,24,15,58,86,55,17,28,89,54,33,94,82,5,11,34,3,7,74,26,4,8,4,13,7,16,2,10,52",Snow-Sleep,Darkness
5159087,138.9716,3,"76,91,37",Dreamin' attraction!! (Extended Ver.),Beyond the Universe!!
2192267,27615.2832,94,"77,64,42,63,24,18,28,44,26,28,96,75,38,40,32,29,27,12,56,23,2,56,32,20,1,83,4,27,26,25,100,7,32,61,10,4,7,9,18,13,53,10,55,37,3,95,4,80,2,22,7,75,44,40,6,2,17,27,43,23,45,31,16,19,8,83,73,2,78,7,85,2,30,22,52,15,64,52,7,34,45,32,6,38,10,21,4,19,51,41,57,33,74,30",Finest Sky,Albireo Princess
5115566,31.5912,2,"79,80",Vector to the Heavens (Xion) (Cityyy Remix),"In the Ethereal Silence Between Passion & Serenity, We Shatter"
3737197,9055.4516,53,"80,33,69,24,32,31,15,55,11,34,28,61,38,51,63,22,8,44,58,15,19,20,82,40,47,58,66,8,27,66,30,58,66,34,55,63,39,30,66,9,44,5,36,41,26,72,25,6,72,88,46,83,29",RAISE MY SWORD,A THOUSAND SWORDS
1600415,2912.4747,29,"81,49,98,88,53,62,90,27,45,92,32,50,59,78,43,33,46,41,39,79,49,87,40,7,22,65,12,36,39",FREEDOM DiVE,ENDLESS EXEMPTiON
5016429,5760.8835,27,"82,21,40,75,9,44,26,3,13,52,52,32,46,12,72,8,31,65,56,29,31,30,33,77,10,57,58",Stop Saying We Sound Like Dragonforce,Not Gangsta Collab
3623807,5789.0755,50,"83,44,70,22,13,81,67,63,62,68,55,66,31,55,76,22,80,80,96,41,85,88,59,53,47,53,78,47,48,45,19,63,57,20,50,30,70,32,23,51,10,38,51,17,34,23,26,75,13,20",Snow-Sleep,Cyclical Feelings
4329626,13.95,1,84,Intra Venus,Euphoric Suffering
4866895,13.2468,1,85,Ayakashibana to Yumeutsutsu,Don't forget your way home.
839711,12.5804,1,86,LET'S JUMP,Year 2316
4626371,9407.8408,49,"89,30,55,12,73,23,30,37,25,75,16,59,38,15,74,21,40,11,28,39,27,89,25,12,77,36,88,8,89,23,20,14,68,73,6,3,64,53,8,19,55,47,72,31,84,84,14,59,73",snows ~Soshite Kiseki~,Last Regrets
692389,559.4178,6,"91,15,98,90,54,74",Won't You Stay,Forever And A Day
3260996,2752.0314,22,"92,33,22,74,69,79,29,97,26,69,60,39,27,77,28,24,32,8,45,32,75,93","Ingaritsu No Togabito, Kyoukaimen-Jou No Unmei.",Akogare no Unmei
3130993,11777.2629,70,"93,36,50,51,7,10,65,8,5,50,45,18,100,1,96,93,9,58,55,76,51,98,2,23,66,24,20,86,64,59,66,40,67,87,52,17,64,89,85,83,27,56,82,49,38,47,40,15,3,76,59,71,51,30,27,46,57,38,51,65,61,50,42,35,12,42,24,50,26,27",Of Tesseractual Gateways and the Grand Duplicity of Xhul,Attend Unto the Call of Xhul
3466914,18102.9256,74,"94,28,72,100,67,84,31,32,83,67,7,14,80,83,91,21,3,85,85,45,2,9,80,7,100,27,43,39,4,71,56,29,9,29,47,39,82,78,18,78,53,14,36,77,77,2,73,33,28,43,14,23,1,56,5,17,45,55,32,20,6,52,77,55,5,4,16,19,16,5,14,40,79,67",Brand New Theater!,We are all MILLION!!
3946158,26135.4952,115,"95,22,11,24,18,61,87,66,19,36,93,70,2,66,11,48,65,26,53,80,40,70,7,18,19,30,38,5,71,53,20,4,33,63,62,41,21,64,30,37,37,45,37,58,40,58,10,33,35,30,87,16,18,20,24,39,26,9,23,23,28,21,82,41,42,28,31,88,36,9,25,18,25,48,24,23,17,100,11,73,2,17,82,23,53,35,17,25,3,24,12,27,15,42,12,17,12,33,37,59,66,66,18,35,11,20,78,22,15,14,93,14,13,12,24",Valley of the Vale,"Ascending from Fallen Elegance, the Reign of the Kingdom Roams Free Forevermore"
4971630,1814.4761,13,"96,77,60,43,96,71,17,6,62,12,56,31,70",Kamisabita Kosenjou ~ Suwa Foughten Field,Divine Virtues of Wind God
4898892,32033.8789,132,"97,90,89,64,27,44,73,41,15,46,10,25,78,21,16,25,7,66,20,98,63,14,67,25,6,88,32,13,35,10,37,14,69,32,14,97,6,77,22,77,72,42,79,36,6,78,36,4,67,40,8,31,29,20,6,9,3,32,9,100,80,13,25,38,19,35,35,13,30,11,63,21,57,18,4,33,23,63,79,4,11,50,14,40,4,45,66,47,76,59,39,9,92,8,34,1,41,36,57,79,60,86,63,11,10,66,39,23,11,25,38,11,67,52,9,37,15,30,44,36,8,63,15,42,8,6,38,33,27,5,45,21",Prismatix,Angelic Beauty
3449740,3397.9112,32,"98,67,9,51,84,86,36,26,76,56,52,61,52,61,53,48,11,37,73,62,27,44,65,48,18,35,73,59,58,87,74,13",Oak,"Neverafter, Thereafter, Hereafter."
855536,13709.3232,60,"99,71,73,43,31,42,76,49,12,97,36,90,21,49,7,12,67,41,69,91,87,19,72,72,75,11,37,82,81,4,13,75,43,10,4,34,4,3,9,86,92,51,86,34,89,4,91,49,1,56,69,38,4,45,22,23,35,4,56,17",As the wind blows,Storm
1805627,1902.4265,18,"19,40,66,32,25,93,38,73,73,74,40,22,54,88,35,90,38,92",Lonely Go! (TV Size),Jougan
4828490,216.0204,3,"35,71,80",promise (Cut Ver.),betrayal
4834702,15273.9693,90,"41,56,99,54,27,59,31,7,94,98,56,87,78,62,66,81,6,43,76,47,53,32,94,85,9,69,9,50,69,11,93,18,37,52,21,17,11,27,81,94,85,64,10,67,71,26,10,10,90,35,87,33,44,6,93,45,37,33,33,97,54,56,42,82,10,94,51,76,5,20,95,51,22,39,33,60,11,61,56,13,18,87,73,60,52,23,9,5,13,95","Chug Jug With You, but i can't anymore",Kuki's Extra
4852493,6191.8364,38,"52,62,25,93,7,65,41,78,17,80,77,13,35,26,16,76,55,68,17,95,100,55,29,58,67,15,34,53,45,76,43,80,18,58,3,17,85,46",Sentou! Battle Tower,Nymphe's Extreme
4832133,1130.9103,8,"54,76,70,58,32,40,4,61",Walk This Way!,Nymphe's Expert
4457206,6953.4182,42,"65,21,60,88,41,87,9,20,72,91,19,68,72,28,60,2,87,5,76,30,41,51,18,18,49,88,12,54,36,52,76,18,49,73,93,31,29,90,29,98,13,87",Trauma (TV Size),Afterglow
4902123,4388.2168,33,"68,98,50,67,73,73,98,60,47,83,46,63,19,9,61,57,56,21,7,68,87,76,75,58,39,26,10,41,15,31,19,20,43",Johnny Test Theme (TV Size),Air-Breathing Shark
1385398,1502.0507,12,"69,91,17,32,92,65,87,43,17,94,85,17",ILY,Fanteer's Final Level
4803734,4749.4184,71,"73,58,52,86,67,19,97,60,67,38,85,69,78,44,58,86,73,65,76,75,42,85,46,50,58,20,65,60,81,64,78,52,43,61,59,46,28,64,40,45,94,54,97,27,42,33,72,46,64,55,52,60,41,34,14,64,36,51,34,80,76,56,98,75,67,96,18,80,42,27,98",Song That Might Play When You Fight Sans,Reform's Extra
4863000,444.7674,7,"75,33,88,72,27,70,77",It's a Monster House!,Extra
4803733,3916.2912,40,"80,71,88,81,81,58,47,39,36,64,63,26,19,53,46,15,62,96,97,96,38,89,89,68,47,31,80,4,95,40,96,62,64,76,37,91,48,54,5,89",Song That Might Play When You Fight Sans,Plasma's Extra
5002970,775.8607,3,"81,95,7",adrenaline!!! (TV Size),Fuxi's Extreme
4586010,9.4181,1,90,Owarinaki Tsumi no Koukyoukyoku,SupaV's Extra
4675608,98.4797,5,"96,91,61,56,82",Decided (TV Size),Vanquish
5508757,8273.3582,35,"11,5,74,29,52,75,87,50,5,28,61,13,53,46,31,12,10,66,22,42,95,41,33,69,30,24,32,35,25,74,2,48,8,9,56",PRESS START,paradoxa's expert
5542176,903.6166,4,"14,24,85,99",overture,daydream
2177434,3865.1151,16,"21,87,72,71,9,10,76,33,9,18,42,81,62,12,20,58",ONE-MAN CIRCUS,Kowari's EXTRA
2798282,3862.3202,25,"52,84,78,49,54,76,28,54,74,53,71,33,50,20,89,45,28,7,36,85,38,75,82,4,1",M'aider,Wish
5238430,8538.3113,53,"59,39,30,56,41,73,73,88,26,61,11,12,20,56,36,96,77,67,100,68,3,10,76,56,82,27,53,18,89,25,19,20,13,22,8,27,81,72,96,84,73,16,9,17,47,36,27,58,46,58,73,96,95",Eu Li Na Biblia (Sped Up & Cut Ver.),Extra
2196278,787.3748,7,"80,26,67,60,18,40,71",impulse,Akitoshi's Extreme
2850593,14.2549,1,83,Misery Song,Listle's Expert
4637584,346.2386,5,"84,41,61,100,28",Unravel Sky,Final Bullet
5308456,1533.3331,12,"86,72,14,94,93,42,35,84,16,19,61,99",Wing my Way (Game Ver.),My Angel Kuki's Extreme
5114232,18.011,2,"89,90",Los! Los! Los! (TV Size),killian's Extra
1676639,17.4709,2,"91,87",Core of Spark,Dash the Heart
2962819,2000.8282,12,"92,46,30,20,89,78,59,18,55,10,16,64",GHOST,Aerous' Extra
2389623,7665.2773,34,"95,89,69,59,12,38,9,15,71,57,28,93,55,96,88,22,17,10,13,4,74,40,39,36,2,58,47,36,7,20,9,34,29,59",Not For Sale Fossil,Frail
1351114,1235.4626,9,"96,60,45,84,47,66,8,24,47",Cycle Hit,Home Run
1768904,120.5825,7,"97,86,85,64,84,96,49",Monster Effect,Extreme
2083029,1052.3887,2,"9,20",last fortune (pocotan Remix),Extra
898597,548.6265,3,"15,93,85",Feelin Sky,Cloud
795627,18187.6407,101,"17,52,77,77,65,73,59,66,58,99,71,36,22,54,34,51,53,49,86,80,54,58,23,70,97,70,37,27,16,39,95,78,56,41,29,83,56,37,62,16,82,35,85,91,14,70,37,89,79,9,76,38,5,82,17,15,75,37,66,73,25,84,93,8,54,100,48,35,33,38,2,3,8,38,36,6,29,13,35,19,43,28,72,66,44,7,4,17,7,59,7,30,48,37,50,5,74,40,1,83,10",Akatsuki Zukuyo,Taeyang's Extra
2993974,20856.4068,82,"19,85,8,22,63,67,25,75,36,59,5,56,87,71,30,24,2,17,74,6,60,83,38,34,9,24,34,14,27,26,56,18,69,3,32,79,3,55,63,50,24,71,20,7,72,52,3,18,15,7,31,59,68,2,17,2,23,24,72,39,71,31,37,37,36,64,29,79,91,9,69,43,7,53,29,88,5,43,3,83,43,64",Stella-rium (Asterisk MAKINA Remix),Starlight
956825,1537.9802,6,"20,56,89,79,17,4",CLICK (Asterisk DnB Remix),Expert
2004799,379.8409,1,21,Overkill,Eternal Death
4068538,573.7174,5,"22,56,61,46,67","Ame, Kimi o Tsurete",Monochromatic Rainfall
1912693,342.6608,1,23,Watashi no Tame no Monogatari ~My Uncompleted Story~,Shizuku's Expert
1115984,397.7319,2,"26,43",starlights feat. TEA,Labradorite
589969,279.609,2,"29,64",AiAe,Eternal
5589236,42733.6891,128,"32,46,84,32,30,39,51,39,32,17,22,69,55,16,13,13,58,8,12,87,9,17,52,26,10,14,72,8,8,12,7,27,60,100,38,4,41,88,24,67,3,12,46,65,68,7,48,44,6,8,17,33,70,38,1,34,14,30,52,84,51,80,25,5,3,9,2,25,83,43,12,20,3,39,38,82,58,12,38,2,85,6,13,50,27,59,53,45,2,80,7,9,3,23,16,6,24,7,4,8,3,12,31,54,47,1,6,14,22,18,26,6,10,79,19,64,2,2,84,4,8,6,15,7,45,21,71,6",down,noob...
877312,316.8556,4,"33,59,65,49",Akasha,Aether
1243846,192.7175,1,34,Mono Logic,Koiyuki's Extra
635679,2896.8733,15,"37,46,17,87,92,51,50,10,11,31,21,84,51,35,77",BLACK or WHITE?,MASTER
177763,2276.4473,16,"38,77,71,78,72,81,40,43,9,89,27,53,58,10,13,61",reunion <Platinum Long Version>,Another
972034,336.4928,3,"40,50,38",Ripples (DJ Noriken Remix),Shockwave
3601629,2407.4419,16,"41,38,39,97,25,19,21,48,18,95,63,37,20,91,81,30",Zan'ei,Illusion
957468,19110.0752,73,"43,25,76,15,59,38,47,39,27,10,48,28,8,60,22,7,16,22,36,86,15,14,82,63,63,62,96,13,82,13,79,14,12,74,9,55,41,4,99,21,10,30,29,6,88,8,18,68,87,27,9,21,58,10,26,2,95,32,8,79,36,4,67,55,41,5,32,39,13,12,31,32,87","World's End, Girl's Rondo (Asterisk DnB Remix)",Addiction
4393710,117.0815,2,"46,76",Close the World feat. a*ru,Expert
3128518,293.2266,2,"48,26",the pain of relief (we have our vices one and all),aching comfort
1845874,73.7746,1,52,Feelin Sky,Repercussion
1505448,865.1173,4,"53,21,46,19",TRY UNITE! (aran Remix),Vulnerability
767774,4795.4808,19,"55,50,15,12,25,19,24,16,68,13,74,81,11,56,58,16,85,26,10",Get This Right,Extra
412057,59.8755,1,56,I Can't Wait,Impatient
1158221,56.8133,1,57,Future Candy,Sugar Rush
386728,2507.2814,17,"58,91,26,12,53,41,60,33,10,39,54,87,80,36,96,19,74",Super Nuko World,Guy's Extra
918415,1403.6258,4,"61,49,13,6",Feelin Sky,Hollow Sky
740932,41.3848,1,63,Starlog(Asterisk Remix),Celestial
1244293,1300.268,6,"64,48,28,91,10,16",The Pretender,Lince's Deceived
1990449,19844.6502,84,"67,73,19,85,30,17,36,54,14,66,18,28,40,35,42,4,52,14,94,5,15,9,14,89,20,20,25,36,84,21,27,2,44,37,24,49,28,31,47,14,20,4,43,19,3,82,7,25,37,84,53,58,48,86,87,32,97,35,17,29,43,40,38,73,58,46,47,14,16,97,19,26,37,60,5,49,31,84,16,49,10,6,24,47",United (L.A.O.S Remix),Eternity
725026,137.5616,3,"69,81,40",Acid Burst,wa's Extra
5404112,28.7787,1,70,Watercolour,Achromatic
4397861,24.5668,1,73,Yakusoku no Asterism,Dreams
260489,5772.8008,44,"74,86,71,73,81,46,59,53,51,34,23,92,29,41,29,42,45,33,10,62,14,51,70,86,73,73,16,38,55,27,40,14,50,16,11,83,83,63,12,62,59,19,42,35",The Near Distant Future,Lapse
3392275,21.0215,1,76,fine night,nostalgia
2109844,1577.2315,9,"79,20,25,55,6,68,30,94,92",Astral Dogma,Saten's Dogma
845391,943.0507,4,"80,44,44,5",Tower Of Heaven (You Are Slaves),Heaven
2455776,16.1998,1,81,Xevel,MASTER
5093904,14.5814,1,83,Epiphany (feat. Veela),"Bound to Forget, Fated to Remember"
1358210,13.8487,1,84,Star map (Soleily Remix),Constellation
3017375,13.155,1,85,You Can't Explain Anything Without The Word 'Destruction' / Destruction,Extra Stage
1911436,10.137,1,90,Taisetsu no Tsukurikata (Asterisk Remix),Heroine of Tomorrow
973278,8.6654,1,93,Makkuro Flandre S Shuuseiban,Flandre Scarlet
2527018,555.0862,2,"94,9",Children,Nostalgia
2477065,9052.8488,43,"97,54,90,35,82,44,47,32,37,24,69,23,65,29,7,8,73,34,4,28,46,9,6,62,90,7,48,27,32,3,93,50,29,14,39,24,26,40,40,60,74,92,73",Ange du Blanc Pur,Extra
861164,181.3863,6,"100,60,86,73,47,58",Brain Power,INFINITE
5522598,754.1662,4,"19,34,90,34","Motto, Nee Motto (TV Size)",Karcher's Pleasure
657917,290.8599,4,"31,93,88,51",Blue Zenith,ktgster's Extreme
1972186,202.907,1,33,Victims of Contingency,Dereban's Extra
4060642,194.2258,2,"35,77",Bed Bath & Batman Beyond,Barnes & Noble
2023961,91.531,1,47,Go Beyond!!,Nuvolina's Expert!!
703794,137.2401,2,"53,48",Fury of the Storm,Fires of Forever
203861,1622.6686,16,"55,61,75,97,85,29,21,19,28,67,49,74,30,48,69,100",Psychokinesis,Psycho Miku
1512368,216.8488,4,"60,70,78,36",Boss Battle!,Challenge!
5061813,290.6841,5,"69,88,95,90,26",Inferno (9mm Parabellum Bullet Cover),Astronic's Extreme
4885943,1286.7987,11,"70,27,99,48,39,74,84,40,7,87,74",Vertex Beta,Extra
2330357,10132.334,77,"76,55,86,75,90,44,43,59,99,65,82,24,78,84,82,8,23,57,51,52,46,66,12,90,88,23,69,45,82,40,75,94,19,86,41,20,93,85,81,62,9,10,21,16,11,37,95,4,59,36,61,40,62,65,42,70,82,41,6,71,58,42,9,47,41,28,37,51,51,22,52,95,17,19,30,58,49",Colors Power ni Omakasero!,Mitsuboshi Jump!
1012155,17.0174,1,78,Overtime,Extra
4360903,37.3012,2,"79,69",Longinus (Game Ver.),Extra
811925,7658.9677,53,"81,65,78,59,84,60,96,64,59,32,59,50,22,88,34,94,50,27,29,64,47,25,33,78,15,25,81,95,26,62,13,72,28,58,74,20,67,24,16,96,5,71,36,50,68,30,14,12,34,75,16,23,9",Reign of Fear,III
735701,11.7343,1,85,Hanabira (Irus Brutalcore Breaks Remix),The Fall of Petals
3008154,2306.1457,17,"86,88,66,61,39,43,34,89,39,14,49,86,37,65,2,67,27",Hatsune Miku no Gekishou,Riana's Extra
5523381,184.5413,8,"87,92,94,64,83,50,68,52","Motto, Nee Motto (TV Size)",Astronic's Extra
124664,30.6378,2,"88,71",Kamui,SHD
5217480,2315.6185,11,"89,74,28,21,5,57,54,24,13,55,21",Lobelia (Short Ver.),Astronic's Perennial
1632673,8963.5918,81,"93,99,72,53,57,19,99,30,83,21,78,72,20,43,58,81,79,72,14,85,65,61,33,80,94,55,34,82,10,63,31,60,35,68,87,73,42,43,30,19,49,86,83,61,66,63,30,24,39,44,60,62,31,30,42,61,38,84,51,38,100,56,21,37,66,14,7,40,24,50,41,13,25,43,82,42,42,70,18,43,41",Sidetracked Day (Short Ver.),A r M i N's Extra
5000520,5300.6071,36,"95,97,70,83,41,41,66,30,31,47,80,66,31,21,36,41,77,14,95,30,20,95,50,28,7,12,79,25,59,46,17,7,29,34,67,37",Galactic Astro Domination,shoyeu's Expert
908042,371.1636,2,"96,20",Above the Winter Moonlight,Freedom
419551,6.1857,1,97,8 Sides of Nico Nico Douga,Marathon
5546177,1796.0759,6,"4,79,29,46,18,61","prygay, dura!",shoyeu's Extra
3087285,2624.557,17,"8,85,70,66,51,67,33,75,44,65,22,91,95,79,1,34,52",666 Flags,Lasse's Expert
5711382,790.7395,3,"14,36,43",Flight of the Bumblebee (RST Classic),Master
794779,2609.7786,6,"22,97,1,8,19,29",Speed of Link,100 000 000m/s
4528586,145.7705,1,39,666 Flags,Declan's Expert
5461910,317.842,5,"51,71,66,53,37",Metheus,Extreme
5754181,2616.0069,13,"54,22,79,3,45,63,27,51,35,35,19,71,47",Killer Headache (feat. Pierce Jordan),KUMOCHA'S EXTREME
5453446,21585.1641,46,"56,31,57,23,53,9,12,19,6,90,3,6,9,1,5,2,4,53,18,15,2,7,4,18,1,19,8,7,13,37,2,27,7,8,7,10,39,79,1,5,21,98,97,4,96,23",So Tomorrow,Extra
5181606,9190.4152,63,"68,48,31,71,44,17,74,61,67,81,32,65,76,50,27,9,46,24,42,66,24,61,45,46,21,37,29,45,39,18,26,24,81,74,9,73,42,24,55,18,30,98,25,22,36,47,39,28,30,28,30,28,97,33,79,81,27,18,49,26,54,12,17",Sidetracked Day,mizto's Extra
5301515,1622.254,7,"73,13,68,40,2,57,83",Noah Fence,Suzu's Redbox Extra
3018109,10376.6443,62,"79,44,41,31,87,28,51,38,49,27,57,32,16,99,65,6,55,52,46,95,36,81,49,36,63,12,11,19,49,47,15,4,71,2,91,91,64,33,41,94,82,68,51,22,27,93,3,35,32,22,87,55,11,32,48,69,36,82,8,59,89,39",The Words I Never Said,Regret
5033237,5970.3778,36,"83,32,40,100,87,99,90,98,29,60,54,61,83,55,23,59,25,44,57,46,24,7,33,63,47,40,19,66,8,34,3,18,16,5,41,36",Green Greens,sstari's Expert
4276420,6757.4075,41,"86,90,81,46,42,51,52,67,20,62,59,65,79,90,36,52,76,85,72,30,10,68,34,61,86,6,32,17,53,94,30,2,80,16,4,49,44,39,75,29,1",end of a life (Holo Bass Remix),My Friends Never Die
4955030,1788.9443,22,"93,91,68,47,24,47,65,42,53,47,66,77,36,97,39,69,73,27,12,67,87,69",Sentou! Shitennou,Extra
4832134,1432.744,3,"17,5,80",Walk This Way!,Raijodo's Extreme
4847317,1962.8361,9,"38,22,10,85,97,16,60,56,24",promise (Cut Ver.),sstari's promise
4713808,269.8708,2,"51,29",Bang Bang,Raijodo's Extreme
4791394,4486.246,53,"53,25,99,97,86,12,21,49,49,79,44,94,57,99,87,83,65,80,52,53,57,66,56,33,60,49,26,20,94,89,74,19,68,100,54,77,53,25,79,20,39,72,52,32,36,36,57,64,40,34,41,86,50",Song That Might Play When You Fight Sans,Tylerderp's Extra
4638742,82.545,4,"63,94,83,61",ANTIDOTE,HEAL MY BROKEN HEART
2063931,31.2374,1,67,Space Invaders,Evgerable's Ultimate Massacre
2134895,293.9183,5,"71,56,99,31,69",oyasumi (Speed Up Ver.),Dakini's Extreme
2281075,239.0469,6,"75,55,88,80,53,40",When It Falls (feat. Casey Lee Williams) (TV Size),Extra
5127729,1253.6095,8,"90,47,22,11,70,70,60,29",bbydoll (nightcore & cut ver.),love me
5027875,573.7246,11,"92,95,59,50,32,79,64,99,78,88,23",Sweets Holic (Cut Ver.),Extra
5095821,7.3298,1,94,Wer ist Faust?,Azyeu's Extreme
2410945,5777.1756,52,"97,63,29,61,75,21,65,96,48,47,83,98,33,39,54,75,92,31,40,73,90,84,4,11,94,82,76,2,64,29,83,50,89,9,72,80,93,2,67,75,94,92,84,67,85,98,72,70,60,38,66,27",Utsuroi (Short Ver.),browiec's Wisdom
3607499,1554.5425,13,"99,47,68,64,19,30,42,86,12,91,21,73,81",Eu Li Na Biblia (Sped Up & Cut Ver.),A r M i N's Extreme
3071981,548.1672,8,"100,83,46,56,25,60,75,42",Clattanoia (TV Size),KUKI'S EXTREME
4883672,746.4693,3,"12,50,51",Crystalia,Extreme
5358760,246.3521,2,"45,32",Blanket Statement,Bed Bath & Beyond
5542593,3098.8842,18,"55,29,45,49,14,98,75,94,8,48,52,83,43,51,12,4,43,40",overture,parad0xa's extra
2620911,628.9155,11,"75,32,99,47,52,59,48,79,69,37,65",2 FACE,DECEITFUL
5508772,4231.2731,18,"78,39,11,24,28,22,79,53,26,2,28,64,31,24,16,39,35,9",Dream Catcher (Nightcore & Cut Ver.),Everything You Wanted
5423182,6598.5666,48,"84,46,56,73,57,40,28,54,45,14,90,36,18,21,57,77,90,39,16,71,76,46,90,72,11,9,13,17,34,49,69,32,20,11,38,30,37,82,15,97,44,90,88,84,100,40,33,65",Presenter* (Cut Ver.),Parad0xa's Extra
5368617,2069.8571,13,"92,20,94,12,32,21,96,56,56,94,36,56,15",Totte Rogu Akuma (Cut Ver.),angel.
5394208,9735.6634,50,"96,88,12,12,26,87,96,11,34,34,37,47,62,50,75,90,46,16,76,4,45,96,17,8,26,39,78,5,6,48,41,66,87,63,31,85,75,21,39,59,43,50,2,46,2,8,37,32,71,58",Cherry Pop (Cut Ver.),PikA's Extra
5616118,6.2308,1,97,HEAD,IT'S IN MY HEAD!!!
4922800,5048.7615,27,"100,45,75,7,35,92,7,45,75,13,38,8,54,1,35,86,87,69,25,46,94,2,89,70,95,90,84",El Sonidito x Athletic Theme (DitzyFlama Mashup),Kuki's CHEESY ENCHILADAS
5108089,1295.7182,4,"3,58,36,55",Shinbatsu o Tadori Kyoukotsu ni Itaru,Houkai no Koe
4277533,1237.9702,6,"14,25,19,95,82,83",Ki ga Kurutta Noise,Emotion
1494944,525.2162,1,15,First Storm feat. Hatsune Miku,rui's Extra
2276018,306.825,1,25,With Fire and Sword (2013),Minorsonek's Scintillation
4549701,684.9917,7,"29,21,78,96,88,95,48",Flight of the Bumblebee (RST Classic),Professional
991014,1146.92,5,"42,24,55,7,48",Gimme chocolate!!,EXPERT!!
1983024,145.6011,2,"49,50",CHOIR JAIL (TV Size),Yukiyo's Phantasm
5052607,589.9037,5,"50,21,42,74,96",Shinbatsu o Tadori Kyoukotsu ni Itaru,Kaigyaku
316018,763.9007,5,"51,38,15,63,41",The Grimoire of Alice,Extra
2979824,201.0237,4,"57,61,43,89","Dear, Are You Getting Sober",Extra
646713,1219.1135,7,"59,39,26,21,92,16,53",Genryuu Kaiko,Everlasting Nightmare
4798513,69.2698,3,"61,76,96",Icyxis,~Divine Intervention~
1972802,5695.7715,35,"66,67,39,88,60,97,25,26,25,34,22,36,79,95,87,27,70,61,55,54,14,30,63,72,2,13,63,46,80,13,49,54,34,75,1",Ohayou !,Taeyang's Expert
1679789,28.0314,1,70,Last Resort,LASTING LEGACY: <Arc FinaleS>
467689,1613.8786,7,"71,47,79,25,52,6,8",FIRST,Fort's Finale
3206402,120.3087,6,"74,59,90,67,73,69",Lionheart,Sh4rq_'s Heart of the Wilderness
3960019,1497.289,9,"77,74,57,1,53,31,52,82,54",Hikari,Expert
1721919,13.388,1,84,5150,Walao's Extra
3067638,23.6549,2,"90,77",A Lasting Promise,HEAVENLY HONOUR
5222474,6386.2747,25,"94,15,3,56,30,19,39,88,91,21,11,35,31,2,91,63,20,84,28,29,15,39,69,8,17",Shinbatsu o Tadori Kyoukotsu ni Itaru,Maaadbot's Nakigara
5661446,721.3606,3,"98,32,9",snow storm -euphoria-,napiii's blossoming snow garden
5416772,2319.0307,27,"40,27,76,95,71,58,68,53,92,49,67,37,83,29,54,95,51,75,25,33,34,92,26,87,71,7,100",Christmas Slop,Smoke's Extra+
5056242,3410.748,25,"61,48,38,32,46,84,88,89,22,94,83,9,38,94,57,81,38,67,2,53,71,18,13,78,62",WINTER ARC (CUT VER.),REFORM'S EXTRA
5064279,1342.8541,25,"63,70,32,63,70,51,81,85,55,87,35,75,45,50,50,44,86,80,67,90,34,36,24,98,72",American Girls (Juztan Remix),Extra
4905646,1051.8645,13,"81,46,66,69,85,74,84,61,95,92,5,83,28",Time to Say Goodbye (TV Size),Fuxi's Extra
4893163,3477.0613,28,"85,52,31,62,80,80,94,69,46,64,42,86,48,46,33,57,24,5,47,36,23,17,7,17,88,67,64,69",Forget About Me (Cut Ver.),Save Me
4905934,537.1862,10,"89,87,91,80,66,82,46,87,38,18",Unstoppable,Kuki's Extra
4834692,978.9027,17,"92,18,77,80,95,87,61,26,71,91,87,45,94,94,35,81,90",Favorite Liar (Cut Ver.),Fuxi's Extra
5416766,3906.3715,41,"94,54,79,69,60,61,72,54,16,52,72,7,37,67,49,53,67,69,79,38,67,77,39,69,26,82,37,6,47,79,34,44,66,35,25,23,83,84,91,73,94",Christmas Slop,Parad0xa's Extreme
805855,1392.754,11,"97,13,12,55,53,72,95,72,53,62,52",Helena,Extreme
5014951,2768.6984,24,"98,98,97,78,59,40,69,91,74,68,75,15,21,27,98,35,49,28,89,52,45,43,6,9",erase u (sped up & cut ver.),Reform's Extra
4852518,2548.9519,22,"99,64,80,43,12,87,85,65,54,6,68,19,39,52,95,94,45,97,21,36,51,69",Kuusou Mesorogiwi (TV Size),Smoke's Extreme
4974858,30.9655,2,"100,68",Kickin' It With You (TV Size),Come Kick It With Me
5374718,1296.4709,2,"17,6",From Under Cover (Caught Up In A Love Song),Extreme
4742560,2636.0043,13,"25,94,84,52,12,68,17,51,44,31,6,54,21",Mirai Reflect (Cut Ver.),Future
4683164,343.6797,2,"27,48",Die,Kuki's Extreme
370440,1112.4865,3,"37,15,8",THE MEDLEY OF POKEMON RGBY+GSC -3PBs-,Marathon
5072361,175.8228,3,"45,49,85",Inferno (9mm Parabellum Bullet Cover),Maaadbot's Extreme
5090690,1211.9494,7,"50,74,44,33,24,45,10",Little*Summer Party,-Tynamo's Extra Stage
4905128,282.9897,2,"57,29",Universal Collapse (Cut Ver.),A GOD DOES NOT FEAR DEATH!
1476606,418.3431,6,"62,64,94,50,87,20",Storytellers,Stories That Last Through The Sleepless Nights
3959094,3728.5176,27,"69,63,44,73,97,97,45,36,40,44,21,34,15,91,34,93,72,66,74,30,13,49,1,31,33,99,39",Rubik's Cube,<3
4602784,10445.7264,94,"72,47,67,43,92,91,47,25,71,17,78,44,28,76,77,89,77,65,51,30,65,73,53,23,39,42,77,88,93,79,34,50,31,45,63,18,61,77,96,29,21,26,40,21,87,33,69,74,80,46,32,32,19,44,80,70,28,43,53,23,66,13,83,45,31,28,33,57,36,46,16,19,20,87,39,30,40,66,9,77,61,42,35,51,34,12,54,20,45,37,47,56,36,31",Pure Ruby (Game Ver.),Extra
140665,1964.6409,18,"73,98,23,6,59,54,56,27,94,32,95,39,77,28,77,91,72,55",BSPower Explosion,Extra
5005624,1654.2661,17,"78,65,14,73,96,31,61,93,77,46,74,45,29,21,61,26,61",Rubik's Cube,Satellite's Extra
306018,30876.0377,105,"82,60,64,49,99,45,53,45,21,28,63,36,47,22,15,10,75,62,28,92,79,24,48,48,69,39,21,22,5,60,25,69,48,25,11,56,35,3,40,9,12,3,12,64,6,61,2,41,16,44,33,12,4,38,16,56,32,15,43,36,5,4,4,3,3,41,18,87,18,20,32,81,2,38,96,4,38,24,29,5,21,15,21,46,22,13,1,8,6,100,73,1,1,52,75,37,78,1,71,54,7,40,1,29,10",Kobito of the Shining Needle ~ Little Princess,Extra
4957856,148.3537,3,"84,67,39",Takigyou Lv28,fig's Intimidating
4896123,256.1133,8,"85,97,66,85,54,37,69,80",Hatsukoi no Ehon feat. Aida Miou (CV: Toyosaki Aki),First Love~
4427465,124.4016,3,"86,52,55",Amber Wishes (Deemo edit),-Tynamo's Extra
5045143,6995.5657,41,"89,52,59,42,45,29,38,26,12,30,13,83,73,77,93,22,11,16,43,11,30,100,11,99,13,62,65,19,86,20,61,59,85,41,58,41,63,6,92,55,32",Monosugoi Ikioi de Keine ga Monosugoi Uta,AYAYA
693288,9.0829,1,90,Blue Zenith,Frey's Extra
4613638,20600.0491,81,"93,33,84,74,92,62,35,73,75,26,30,44,28,52,36,68,80,50,55,20,55,28,20,64,27,18,57,14,14,16,31,5,11,29,29,36,73,97,33,25,29,32,89,30,15,54,7,8,34,50,7,6,40,70,10,5,70,17,45,69,19,12,9,22,3,6,62,6,32,23,10,42,12,25,1,87,19,1,5,51,5",Imperfect Cherry Blossom,Satellite's Extra Stage
1758255,650.7613,6,"94,17,64,91,85,29",Sesshoku,Apocalypse
4894090,95.9321,3,"96,74,46",Die (TV Size),-Tynamo's Extreme
256840,5.9414,1,98,Reizouko Mitara Pudding ga Nai,S.S
3873445,13530.0628,73,"99,96,67,64,83,21,48,34,2,40,62,78,16,37,36,72,45,26,59,63,82,69,31,24,49,66,60,26,3,54,15,16,20,49,42,66,48,26,12,46,64,82,24,8,46,79,15,7,72,35,21,24,32,9,26,24,38,48,1,73,79,20,9,30,82,60,32,53,55,38,41,15,37",10 Things I Hate About You (Sped Up & Cut Ver.),Mommy Issues
3906726,9070.85,60,"100,97,50,91,93,60,33,74,64,41,97,81,24,12,12,35,94,68,30,73,35,21,79,87,58,43,28,92,86,68,65,36,3,16,85,60,2,4,99,26,90,73,8,51,89,73,63,51,10,41,31,50,64,17,37,83,31,23,11,49",Mighty Morphin Power Rangers,Kirishima-'s Extra
5655963,841.0968,2,"10,33",ENTANGLE NIGHT,-TYNAMO'S 1025 DREAMS
5092682,120.0619,1,40,hopeful hyle,Astronic's Extreme
5396248,10062.4922,47,"42,42,27,21,64,58,56,87,46,25,71,45,37,32,65,14,11,87,35,19,51,25,62,59,35,10,14,57,7,32,15,15,100,7,100,36,6,43,15,15,2,66,8,62,72,23,21",Take me home,shoyeu's Extra
3675154,83.5206,2,"54,65",Azul Remix,Satellite's Extra
5199299,5164.2102,38,"55,51,97,56,71,53,55,34,55,51,48,30,23,24,31,78,31,94,22,22,34,25,26,46,95,37,45,38,83,20,18,28,52,30,20,43,16,12",Sidetracked Day,Expert
119238,3610.9224,13,"61,23,19,21,73,36,28,92,5,7,19,8,41",EYES OF DEVILELIET,PERNICIOUS
4668219,312.1098,3,"62,35,35",Pure Furies ~ Whereabouts of the Heart,Extra
2067473,1917.4429,9,"63,25,45,37,35,48,24,47,1",Hidamari no Uta remake ver.,Cellina x Satellite's Bittersweet Memories
5422302,3857.4824,23,"64,60,67,30,91,99,17,43,20,29,25,15,36,62,32,12,29,19,54,36,28,13,40",BPM210 no Shanghai Alice (Instrumental),SHOYEU'S EXPERT
2900096,8636.5481,39,"67,49,73,13,65,64,35,83,33,83,35,17,14,53,28,9,78,10,100,6,53,23,86,3,27,6,21,3,14,77,16,59,29,37,94,45,22,33,77",Embraced by the Flame,Expert
4313550,26.3834,1,68,Mei,Muya's Black Another
74684,2458.1758,16,"72,63,75,8,27,88,37,46,41,93,19,23,10,62,45,71",Wind God Girl,Extra
205282,2415.8479,27,"74,97,61,76,25,87,54,45,88,87,100,51,17,41,46,13,56,73,82,33,97,16,61,97,30,49,71",Da Nu Nuttah,Nogard
4956711,15696.5437,70,"75,62,75,61,84,63,74,39,37,51,38,56,95,45,28,15,55,31,65,66,69,39,91,64,19,46,6,68,23,84,9,9,15,35,16,15,8,24,36,10,34,19,56,88,38,43,5,61,20,15,28,61,94,11,55,8,4,48,11,5,48,17,8,3,3,48,44,32,12,63",Crystallite Dream,shoyeu's Expert
5090823,48.9304,2,"76,62",Unknown,Astronic's Extra
5034464,8029.4197,44,"79,71,50,85,25,20,24,42,61,67,90,51,86,41,6,19,11,80,46,14,100,10,28,39,6,45,69,50,10,15,55,42,36,35,12,76,31,48,24,64,26,34,42,24",Madalena,Dispertar do nosso Amor!
199593,248.1386,6,"80,45,86,48,44,88",Anisakis -somatic mutation type''Forza''-,Ultra
4642177,1089.5855,8,"82,45,63,14,34,22,51,95",Tee-hee Time,Extra
4722416,1815.7318,47,"87,90,97,99,99,90,61,90,91,94,60,60,88,45,68,36,95,78,80,100,78,66,99,65,41,75,36,35,35,35,96,63,35,53,77,63,68,51,33,64,61,46,33,69,94,72,69",Sentou de Pinch!,LOW HEALTH EXTRA!
86757,58.3152,4,"89,93,61,90",Mei,Another
3332936,38.912,2,"91,63",Disorder,Last Disorder
5034448,2044.1356,27,"95,83,56,90,95,61,70,94,45,42,67,94,59,49,19,39,67,13,80,93,93,68,20,56,50,27,43",Green Greens,Astronic's Expert
5127725,7106.0228,60,"16,55,60,90,84,78,82,78,98,85,95,76,45,77,59,100,39,97,33,87,91,31,88,67,20,34,88,93,91,13,64,98,15,30,53,25,65,24,66,52,98,35,42,96,23,38,17,73,81,56,66,77,18,14,8,25,58,59,8,4",bbydoll (nightcore & cut ver.),choose me
4421836,521.8892,6,"31,58,86,24,76,100",Gotta Go Fast (TV Size),EXPERT
3036835,1829.6913,33,"47,96,90,98,73,81,73,48,85,90,65,80,91,93,45,52,50,60,51,18,83,99,28,28,80,23,45,82,43,67,56,74,74",Clattanoia (TV Size),BROWIEC'S EXTRA
2034983,1195.5776,15,"51,50,99,86,81,29,62,38,29,28,84,26,62,48,54",V (TV Size),MEGA EVOLUTION
1955170,13243.5958,87,"52,91,72,95,22,27,18,42,90,82,83,48,13,59,92,4,74,15,41,38,90,88,31,59,52,61,44,22,22,42,37,41,25,61,58,64,35,22,53,85,32,70,45,38,95,86,58,41,24,17,30,41,15,28,36,83,39,90,75,18,75,88,89,81,72,25,31,10,20,61,1,62,50,10,14,65,58,75,24,25,9,20,10,100,11,51,26",Last Goodbye,Taeyang's Extra
3851850,24824.6029,107,"53,100,29,91,20,96,46,23,78,58,57,67,13,67,93,38,28,84,7,77,64,63,8,17,15,9,28,98,54,32,46,36,75,20,13,64,2,24,95,32,32,11,87,65,25,35,56,42,48,32,7,8,39,41,27,8,83,45,14,99,12,72,37,2,46,45,11,41,61,17,12,19,15,21,19,65,82,92,58,47,27,28,1,42,67,30,36,11,7,32,8,15,26,46,23,55,38,1,51,3,21,12,28,11,40,11,4",Sunglow,Share & Kuki's Euphony
4818904,77.0536,2,"54,75",The <3 World's <3 End (TV Size),plambob's Extra
2964230,5548.9358,33,"59,32,95,46,37,23,39,20,43,9,50,9,36,92,20,80,98,8,91,13,71,63,71,59,56,2,67,44,88,85,77,7,95",SAVE (Encore),Extreme
4445719,17009.0807,109,"61,94,24,30,47,31,97,70,47,76,44,66,32,48,85,66,10,94,69,94,47,86,25,90,41,66,100,26,61,97,47,71,67,49,65,59,56,69,27,42,8,42,38,95,20,35,51,6,43,54,91,44,50,36,35,16,3,52,23,34,46,37,39,1,57,26,44,40,28,28,47,9,34,55,55,14,9,27,3,53,100,18,14,71,6,86,23,82,20,7,63,89,100,35,42,63,45,93,15,11,43,95,80,19,31,98,59,42,29",Sunglow,Radiant
2726492,4523.9208,51,"67,24,13,64,68,78,20,67,64,72,100,90,58,87,94,45,50,60,78,96,71,72,89,50,89,3,47,85,67,58,97,18,55,70,24,90,25,43,67,25,29,59,45,92,36,33,40,57,38,43,52",Kimeta yo Hand in Hand (TV Size),Happiness
2802630,5457.5726,60,"68,74,42,46,7,28,93,32,36,3,98,98,67,14,93,85,60,57,73,64,99,62,55,91,55,94,93,76,93,1,41,77,77,76,61,95,68,92,29,83,73,69,61,84,59,15,42,96,53,52,40,61,33,67,97,49,69,94,65,97","Star light, Star bright (TV Size)",browiec's Extra
1610745,2221.1809,24,"70,84,38,82,34,81,66,28,10,88,95,78,72,6,85,82,93,70,92,84,37,82,27,40",Make a Move (Speed Up Ver.),A r M i N's Extra
2628161,628.8501,10,"72,74,40,28,48,99,71,98,28,89",Colorful (Cut Ver.),Kowari's Extra
2461085,5609.727,35,"73,37,37,29,57,25,77,16,6,7,19,56,90,29,93,53,71,6,1,86,57,93,100,42,24,14,100,99,71,58,42,84,95,100,77",Dandelion,browiec's Flower
2790477,2195.7199,22,"74,52,43,17,9,9,89,73,96,45,79,79,85,91,94,96,47,78,57,89,92,30",Devi-kyuu (TV Size),Jumping Heart
4425879,1633.6428,19,"76,53,22,93,40,54,84,52,28,95,64,79,84,87,7,94,67,49,67",Brazil,Fiery's Extreme
2894747,2977.8684,22,"77,51,79,56,83,100,38,32,10,68,54,66,32,39,25,40,23,6,70,30,24,51",Kira Kira Days,Kowari's Extra!
2014390,12.3582,1,84,Kyouran Hey Kids!!,Extra ft. Onlybiscuit
1024483,4597.2262,24,"85,51,66,25,23,62,20,14,76,96,57,79,62,5,85,30,3,43,24,15,68,20,58,28",Contrail ~Kiseki~ (Epsilon Remix),Taeyang's Miracle
5046243,162.3277,5,"87,73,96,36,96",WINTER ARC (CUT VER.),TYLERDERP'S EXTRA
2192351,2039.9991,13,"89,61,71,98,77,17,7,67,56,14,12,67,88",Egao no Kanata,HeTo's Price of Smiles
4785069,8.0777,1,92,Glaza (Sped Up Ver.),KOLMAN'S EYES HALF CLOSED
2596015,2967.1992,29,"93,63,44,21,82,67,51,70,23,40,5,57,43,91,62,75,85,37,45,87,87,86,80,43,74,92,84,1,84",Horrible Kids,Cataclysm
3568573,74.0447,3,"95,74,52",Eu Li Na Biblia (Sped Up & Cut Ver.),Friend of God
5032195,994.1218,14,"97,39,98,41,67,81,16,100,24,59,94,72,60,59",Sweets Holic (Cut Ver.),gwb's Extra
4754213,198.4933,4,"98,49,45,68",Inai Sekai,kolman x sstari's Extra
2077120,524.3381,2,"25,28",Louder than steel,Onlybiscuit's Extra
4734211,8246.2952,25,"28,66,58,31,12,11,27,6,35,8,21,3,53,12,8,41,39,65,6,6,9,46,19,86,23",Pro Tanto Quid Retribuamus,Expert
3169485,1128.1034,8,"37,30,67,89,21,39,63,21",Shinku no Senkou,Extra
5104173,643.0643,8,"44,60,19,84,74,56,50,82",-ELIS-,Astronic's Extra
2460720,140.0381,4,"45,78,95,71",Attouteki Sonzaikan,Konlulu~
3563444,1048.5712,6,"51,86,39,9,33,32",Blue Zenith (Cut Ver.),A r M i N's Extreme
5363566,106.6683,3,"52,64,82",ENTANGLE NIGHT,DREAMY EXTRA
765327,75.1007,2,"54,76",Pavor Nocturnus [2015],Fright
4687866,52.0661,1,57,Road of Resistance,United Resolve
3063026,253.9608,2,"58,27",Koisuru MODE,DAHKJDAS'S EXTRA
2864233,967.1578,2,"70,4",IMAGINARY LIKE THE JUSTICE,Impartiality
403039,681.9097,4,"76,51,37,11",Claiomh Solais,Eternal
667021,4203.8061,11,"79,30,34,85,2,26,9,4,2,17,53",Kakenukeru Anime Song Medley IV,TWO DIMENSIONS
3678555,60.4872,3,"92,72,62",Azul Remix,N a s y a's Extra
5067115,218.944,7,"100,91,79,30,97,84,96",Yuusha (TV Size),Extra
5284788,11038.3928,34,"8,39,32,4,5,60,6,56,58,35,16,88,9,71,59,76,5,15,19,12,32,67,46,16,10,78,2,48,1,5,45,85,36,26","Jashin no Konrei, Gi wa Ai to Shiru.",Maaadbot's Aratanaru Yoake
5715666,2702.9037,6,"13,17,8,15,24,14",Monolith of Hate,Collapsing Economy
5594115,7374.5471,18,"19,1,10,84,42,1,17,24,12,47,16,28,26,36,4,42,18,4",Force-Fed,When Will It End
4127115,2925.3793,11,"27,35,13,83,19,27,80,49,2,82,9",Glass Phantoms,Visage Effigy
5061618,732.3559,14,"29,93,90,86,59,44,73,89,54,53,61,73,74,28",Thine King Weeps for Mercy,Ruth upon my Pain
1985735,2286.1438,39,"30,65,80,24,83,62,27,93,28,88,54,72,59,85,74,87,99,91,63,72,90,66,61,45,73,37,53,45,34,39,56,38,77,41,46,73,77,39,62","Truths, Ironies, The Secret Lyrics",Don't Stop 'Cause This Party's All We've Got
4880525,803.3412,5,"37,48,96,19,23",Drain ReD rain,Despair
2244060,8808.4469,53,"38,43,68,41,5,71,71,68,78,22,91,75,53,40,6,82,92,43,47,61,29,2,73,24,37,75,39,38,30,63,84,37,6,36,22,79,23,19,87,13,92,24,47,65,16,16,25,75,87,13,59,33,10",Troopers of the Stars,Brighter Day Tomorrow
3034573,10700.145,56,"39,48,25,19,19,16,50,9,43,17,16,6,88,73,14,31,9,38,56,36,8,59,53,87,12,64,89,80,80,40,35,51,8,53,55,21,61,14,58,16,56,39,47,68,15,46,29,45,30,24,79,43,20,26,99,21",HEAVENLY PUNISHMENT,ETERNAL DAMNATION
690982,3271.0555,21,"43,43,36,4,91,20,57,59,71,66,91,68,60,100,96,5,33,26,81,13,46",Apparition,Blind Faith
3432234,487.0748,3,"45,32,26",Yuki Kageboushi,Like a cherry tree blooming in winter
2069999,3442.267,48,"50,61,97,85,41,82,99,58,90,81,69,54,84,10,42,50,49,71,17,36,44,41,68,74,86,34,66,57,76,87,67,35,77,38,89,79,49,50,27,93,20,60,55,82,88,16,44,86",REASON,A THOUSAND SWORDS
2405863,5437.751,58,"53,11,97,76,91,80,93,20,97,57,76,49,41,5,83,91,75,90,80,67,64,42,65,78,62,62,37,55,85,96,76,85,54,13,49,10,43,33,61,59,95,38,50,48,85,89,31,32,99,9,73,69,42,37,36,38,41,38",Judgment Day Has Come,Celestial Judgment
5195256,6007.7205,32,"54,50,44,74,39,20,20,98,39,19,1,66,58,99,22,88,75,44,35,71,1,90,91,91,1,64,8,41,51,31,81,31",Sidetracked Day,Uri's Tyranny
1874165,1597.2163,11,"56,88,26,61,10,29,41,64,43,49,30",Angreifer,Scharfrichter
4754134,1325.1705,16,"58,46,78,92,20,14,97,91,48,68,42,38,37,89,75,73",Sei Juuji Gakuen,The Anointed Knight Whose Life Must Be Sacrificed to Preserve the Divine Wisdom
1997892,2966.0793,45,"59,76,71,54,60,45,92,57,12,85,50,76,92,65,96,92,59,77,83,72,21,94,65,94,46,93,44,96,74,51,14,82,36,19,27,80,60,57,37,97,65,27,72,66,94",Master Of Peace,Nephilim
3773248,8230.6518,46,"61,64,51,18,32,69,83,23,49,24,10,56,35,14,57,13,51,68,32,4,13,97,30,5,67,65,73,60,4,9,67,28,60,97,72,92,37,20,58,32,3,80,93,69,71,63",Dawn of the Dragonstar,"Betwixt Crepuscular Light and Antecedent Battles, The Empyrean Oracle Awaits"
2239445,4687.164,63,"63,44,24,54,57,21,17,98,94,91,97,40,48,61,46,78,85,83,61,96,42,83,58,58,59,79,78,76,58,33,55,60,43,75,41,62,95,25,57,41,97,52,100,55,61,20,41,61,43,86,90,96,96,40,34,69,26,15,97,44,13,38,54",Road of Resistance,Determined
2077121,3103.2165,35,"69,54,50,70,47,77,19,56,74,6,48,77,92,91,69,38,93,95,78,71,46,64,46,12,16,95,90,68,73,64,23,75,30,37,66",Louder than steel,Stainless Heart
2336864,24.2327,1,70,stupid horse,neigh
3415931,11344.3355,64,"71,55,68,29,54,37,34,83,11,32,21,67,42,45,94,37,67,21,36,48,14,54,91,68,90,78,51,19,60,40,80,7,9,6,31,61,57,45,40,10,9,64,19,34,47,33,10,26,30,52,36,10,72,18,4,69,94,18,95,80,62,8,74,19",A Voice In The Dark,The Angel of Shadow Emerges Once More
734339,12341.4597,92,"72,76,91,35,58,62,66,26,72,47,48,61,30,36,88,28,11,90,99,53,25,94,52,78,22,40,89,56,25,91,97,32,62,72,4,64,93,77,32,26,9,62,47,53,44,54,86,75,18,42,27,88,60,60,3,82,37,83,19,23,10,48,57,23,66,37,80,3,39,8,30,67,53,65,58,63,23,76,99,29,54,3,71,70,100,52,39,98,48,35,9,86","World's End, Girl's Rondo(Asterisk DnB Remix)","We cry ""OPEN"""
3932366,3047.1686,14,"73,7,12,41,46,93,35,2,64,26,21,49,84,59",Harumodoki,Denial
1886274,1254.1562,11,"74,89,3,38,43,75,86,28,82,87,99",Extraction Zone,The Zone
4755347,765.6354,8,"77,32,60,55,23,37,70,44",FREEDOM DiVE,momothx's OVERJOY
2486881,21577.6445,129,"78,55,75,68,25,32,42,28,52,39,50,48,59,75,20,41,29,94,51,58,26,73,7,19,12,14,33,81,67,20,54,20,52,100,86,18,40,100,18,79,22,2,37,11,35,96,83,63,18,98,65,87,54,2,28,74,11,13,72,60,68,15,62,43,73,33,37,46,49,38,83,26,29,98,47,36,98,60,19,77,12,55,29,51,62,60,29,42,8,53,17,56,36,12,22,21,44,41,90,70,25,67,99,40,35,9,55,27,54,34,2,8,61,8,93,35,32,49,23,32,53,73,6,9,24,58,45,73,33",Sunglow,Harmony
2211018,4538.8181,48,"80,78,86,49,94,46,39,77,97,99,41,85,13,100,39,38,94,41,49,70,33,8,16,7,44,22,19,94,86,38,72,87,87,27,39,38,74,55,66,50,94,97,72,75,33,97,61,95",Highway to Oblivion,Legender
807074,2116.5298,32,"81,95,71,100,93,92,73,77,15,45,63,78,23,82,35,94,81,63,42,22,55,55,50,25,73,54,98,34,47,74,68,36",Ascension to Heaven,Final Moment
2706393,16293.152,90,"82,83,48,96,96,59,60,96,28,50,86,22,55,34,50,52,89,69,40,33,50,33,97,54,16,65,27,59,48,25,68,29,70,22,51,84,14,13,36,28,22,25,51,11,60,40,42,15,51,71,18,68,10,13,58,11,16,23,77,43,40,57,78,20,25,13,11,61,95,47,53,25,6,29,25,49,100,15,57,3,8,38,36,4,8,54,28,13,7,48",Merry Axe-Mas,TheMefisto's Extra
3768514,4026.6027,37,"83,58,84,60,96,47,84,4,17,44,37,71,32,34,7,49,83,85,79,79,75,50,31,65,81,74,54,25,52,49,57,80,96,25,87,7,85",The Frozen Land,Crystallized Heartache
2133576,246.5339,4,"84,74,43,35",Blow,A bit of luck!
5279167,1097.7504,5,"85,18,7,50,86","Jashin no Konrei, Gi wa Ai to Shiru.",Rengoku no Kagayaki
2249059,8834.0214,67,"86,58,83,84,67,53,75,66,11,29,38,85,97,54,16,32,48,53,21,4,39,78,35,36,50,21,33,81,17,20,61,48,39,60,50,52,97,50,98,52,42,49,53,22,19,31,93,11,54,99,82,67,43,62,82,45,78,21,82,71,25,67,23,50,1,11,23",FREEDOM DiVE,ENDLESS DiMENSiONS
3385967,14470.6648,92,"89,96,94,59,57,93,39,66,60,31,54,90,62,38,13,57,88,29,79,86,99,70,77,33,24,47,94,33,70,25,45,26,29,24,19,19,19,12,50,82,57,34,15,27,58,20,52,30,18,55,22,96,21,5,21,96,10,40,29,10,63,65,94,70,28,10,12,17,9,79,34,31,47,80,9,76,52,5,84,74,36,70,70,70,43,50,67,58,2,8,63,38",My Heart Will Go On,Extreme
869222,6411.8998,50,"91,73,39,39,20,35,28,61,43,27,95,3,59,44,52,34,34,31,97,57,29,67,89,93,85,12,86,71,39,30,79,43,26,55,75,6,95,36,5,54,11,73,99,91,86,84,88,94,42,65",Road of Resistance,Rebellion
4966899,1267.7112,7,"93,36,44,7,68,28,21",Destin Victorica (Harddance Mix) (Nightcore Mix),Nostalgia
3178933,1738.8145,24,"96,90,60,98,96,19,74,77,55,23,50,82,21,61,76,23,39,84,73,63,59,52,28,96",Swampwitch,Wrath of the Witch
2680677,5.769,1,97,Merry Axe-Mas,Feliz Navi-DEAD
4476311,108.5702,4,"98,89,56,56",Everything will freeze,Eternal Frost
3890663,211.0764,8,"100,93,77,53,42,95,98,55",Myths Orbis,Triangulum Majus
2509341,414.772,1,18,"1,000,000 TIMES",EVOLUTION
2040764,863.3667,3,"47,8,38",Shinbatsu o Tadori Kyoukotsu ni Itaru,Extra Collab
5041491,25.9833,1,70,"Thrill, Risk, Heartless (Game Ver.)",FukA's Extra
1113057,849.0908,3,"76,16,16",Paradisus-Paradoxum,Curi's Extreme
1158325,145.5789,4,"82,70,86,38",Zettai Tokken Shuchou Shimasu! Hoshi Syoko Solo Remix,Extreme
2266773,629.1766,11,"83,92,63,31,100,99,93,42,80,31,35",GET BACK,Somewhere
5003919,11.8929,1,85,Yuusha,Beloved
4865429,32.5516,3,"87,78,89",Rebel Heart,Anarchy
3214639,2145.8216,12,"90,7,67,57,69,66,54,65,50,24,70,2",Ray,Lyrien's Extra
5649152,32.4978,3,"96,90,70",Anemone,extra
4565942,2382.1281,18,"98,81,86,40,53,94,17,60,69,14,73,88,41,43,19,3,72,88",Growing Up (TV Size),"O'crucible which melts my Soul, scream forth from the depths of the Abyss!"
4577926,1139.3858,8,"13,49,64,32,88,90,57,24",Koiseyo Otome! (Game Ver.),Library Incident
4942329,635.3211,4,"17,82,32,75",Kani*Do-Luck! (TV Size),Kiwi Flavored Crab
5204492,406.9527,3,"20,72,71",Tselovalis',Alumetri's Nostalgia
1605598,1537.5247,10,"34,63,98,66,40,26,10,59,14,54",Shounen Ripples,Vibes
1948378,2236.0036,5,"35,6,16,6,29",Colorful,Taeyang's Extreme
4662519,4585.6027,14,"36,25,8,3,29,53,14,50,98,74,1,9,53,84",Last Goodbye,Fatfan's SAVE (Encore)
5212773,210.6131,2,"37,47",Tselovalis',Reform's Extra
2084862,3500.3056,12,"40,7,4,33,32,63,12,7,60,28,98,92",Bass Slut (Original Mix),Intense Ecstasy
5129854,77.9927,1,48,tak po***,GIRLTEKK'S $WAG2015
2546607,1095.2325,11,"51,35,91,92,94,36,50,94,90,6,72",Pekorap Tropical House Remix,Universal Daikaiten Peko Peko no Mai
2628166,1599.6578,17,"52,77,93,70,41,40,31,17,34,76,76,78,100,80,10,63,71",Colorful (Cut Ver.),Sotarks' Colorful Underworld
2022718,2869.3414,26,"60,14,80,58,86,84,73,90,52,43,43,87,69,58,28,52,30,91,17,31,10,83,86,18,25,64",Ai no Sukima,Emotions
2410948,502.1725,7,"64,72,50,30,83,31,86",Utsuroi (Short Ver.),Misunderstanding
4577577,1799.4471,15,"65,93,100,88,69,63,53,71,94,27,85,93,12,3,23",Pika Girl (Nightcore & Cut Ver.),PIKACHU!!! USE THUNDERBOLT!!!!!
4415585,690.1768,7,"68,28,84,28,63,62,27",Brazil,Plasma's Extra
2505956,3017.9733,22,"70,57,72,98,30,89,16,85,13,70,20,40,21,67,86,15,66,69,7,42,97,34",Imagination (TV Size),Aspiration
4849082,3570.3152,35,"72,72,80,81,71,45,78,76,65,55,51,88,22,28,37,10,42,48,81,85,100,41,64,53,55,76,43,51,23,13,11,32,87,16,66","Chug Jug With You, but i can't anymore",Nymphe's Extra
4630404,364.357,4,"74,82,20,99",Bike Chase,Crazy
5394223,3472.6043,17,"76,61,17,21,35,75,100,32,12,22,9,77,30,11,50,14,26",Maniac (Nightcore & Cut Ver.),Obsession
2469345,18299.2032,79,"77,62,33,4,85,10,24,18,69,35,38,59,24,12,23,12,63,84,24,23,61,66,49,63,20,81,13,17,14,54,38,3,88,95,46,26,25,7,28,29,39,21,15,68,17,77,85,38,100,57,25,61,23,34,53,96,20,27,33,13,10,13,4,7,43,14,8,6,13,98,68,10,22,11,94,72,5,39,42",Yubi Bouenkyou (TV Size),Fate
1983358,1900.4584,26,"79,97,62,81,79,90,64,94,49,53,43,56,61,37,33,38,28,22,65,95,27,33,43,42,30,68",Hank's Back,Speedy Dog?
1385397,2201.9831,24,"83,96,34,53,40,51,89,80,74,52,50,56,93,52,70,6,94,26,14,96,54,30,52,98",ILY,Fanteer's Extreme
5337755,10.48,1,84,overdose,odinochestvo
2564395,2500.2499,26,"85,87,15,88,33,43,72,44,55,59,29,65,28,39,85,72,21,56,11,94,45,98,55,76,88,90",EVERYBODY DO THE FLOP (Cut Ver.),PepeFlop
1279490,946.4047,4,"87,9,34,26",dorchadas,Sharnoth
2404778,1279.8719,22,"88,86,74,9,95,67,39,90,86,84,39,68,38,75,93,44,59,95,34,78,85,78",One by One,Sotarks' Rampage
1643270,349.5708,7,"93,93,55,61,45,44,36",Black Rover (TV Size),Lami's Extra
1595191,114.8221,6,"94,99,71,46,92,82",Colors Power ni Omakasero!,Rainbows
1642274,3935.6668,41,"95,55,34,68,23,78,46,51,98,54,59,51,98,79,78,59,81,48,3,51,53,78,63,32,40,20,76,68,99,1,40,58,41,89,34,52,65,100,34,91,81",Black Rover (TV Size),Extra
2474574,1283.3643,26,"96,38,96,91,64,80,73,99,98,61,51,100,54,19,45,43,52,49,45,99,99,55,49,56,57,34",Saigo made II (TV Size),Shiroyasha
4662127,10116.3068,58,"97,50,47,88,72,30,39,15,19,48,50,56,81,18,67,1,2,55,33,9,70,69,86,60,13,4,42,38,62,50,77,11,34,90,78,36,69,62,3,74,58,80,15,29,44,40,46,76,41,81,80,82,4,60,11,89,68,50",Last Goodbye,SAVE
1902624,653.7362,13,"99,82,75,90,64,68,40,36,42,74,27,70,61",Guess Who Is Back (TV Size),Lami's Extra
1963713,2516.1387,16,"6,45,18,13,84,100,69,29,100,76,60,48,86,50,30,93",Kanzen Kankaku Dreamer,Judgement
1744286,962.1,3,"13,23,44",Ashes of the Dawn,Expert
1093078,843.8538,3,"15,21,83",Light it up,Brightness
2596314,16260.1817,52,"17,98,71,24,8,11,27,87,65,26,3,40,82,35,54,9,29,1,60,35,25,5,9,9,9,6,33,9,51,80,31,37,9,17,47,11,56,92,14,2,15,77,75,88,14,95,10,41,15,14,29,3",Songs Compilation II,Can You See The Distant Journey Awaiting Us
4862039,4248.5171,11,"23,78,2,47,11,5,69,10,47,76,3",MEGALOMANIA,SAYUKA'S ULTIMATE
1910434,182.9933,2,"34,91",MTC (Different Heaven Remix),Anime Haven
335628,7972.1931,49,"37,18,34,31,87,51,65,81,53,21,96,32,3,96,66,82,8,100,50,62,50,48,81,39,91,57,8,41,87,93,100,70,22,11,92,53,14,15,98,66,32,100,31,95,10,89,1,15,83",Kanjou no Matenrou ~ World's End,Extra Stage
740044,1894.0945,7,"38,29,56,9,59,3,86",Dark Flight Dreamer,Last Spell
1391282,8378.9466,48,"40,89,26,63,74,80,14,9,94,48,68,56,6,53,81,95,79,77,85,49,22,94,26,54,28,41,44,84,99,99,62,1,9,20,88,47,78,17,23,56,6,19,16,97,100,36,13,8",The Pretender,Ignorance
1029307,6598.7805,45,"50,71,38,30,71,62,84,71,76,41,24,71,92,45,15,42,6,60,46,37,53,32,66,42,27,42,78,78,14,84,2,90,38,25,38,48,10,75,61,68,17,20,97,10,80",Shinbatsu o Tadori Kyoukotsu ni Itaru,Shuusa
1255495,3409.8335,30,"52,91,59,38,51,73,70,34,74,90,38,22,39,74,46,27,38,84,49,90,67,32,56,64,58,31,12,21,9,35",Uso no Hibana,NiNo's Extra
2231706,2760.7269,18,"53,28,29,38,82,59,32,18,45,34,71,96,39,47,1,33,97,48",Wizard's Tower,Walao's Expert
1877637,1581.9638,6,"57,11,7,44,26,69",Renai Syndrome,Eternal
845378,7072.268,53,"58,60,70,78,55,66,60,74,79,95,38,40,98,38,77,29,88,31,88,45,68,42,34,36,1,51,10,53,68,55,87,97,45,96,65,65,50,57,67,80,2,5,22,76,24,34,30,47,46,3,29,42,22",Those Who from the Heavens Came,Fengshen Yanyi
1799197,99.1553,3,"59,76,57",ADAMAS (TV Size),Fragrant Olive
146985,271.607,11,"61,93,73,47,67,86,87,60,100,64,77",NNRT,Extra
1596706,446.4077,6,"62,31,78,51,86,34",Teo,Descent
4708129,2622.6894,11,"63,85,55,77,1,63,1,27,42,29,84",Die,Roupus' Extra
4690147,642.678,6,"65,88,10,96,90,55",Step Up!,Fly High!
5212348,96.7671,3,"66,68,57",Kawaii Razor Blades (feat. yandere),cute sakura-shaped razor blade
2681192,8349.3007,60,"67,70,77,95,34,95,40,49,87,84,74,39,89,11,53,28,15,65,51,40,91,62,7,59,43,38,69,29,61,75,75,36,21,54,6,8,44,43,65,78,60,12,61,48,5,32,63,95,12,82,14,41,89,23,93,55,59,34,89,24",STARTRAiN,Beyond Fate
5027617,1321.7187,9,"68,93,78,41,5,32,27,45,71","And at the End of Fear, Silentium",Chant For Blood
1892257,12343.9217,81,"71,87,54,45,44,7,75,13,98,43,22,92,63,10,31,82,52,68,69,82,14,72,77,37,10,31,89,25,86,88,19,74,62,8,9,25,20,13,23,66,39,37,50,36,54,58,22,5,94,39,8,78,85,76,19,6,31,82,74,65,73,57,69,54,66,45,66,74,96,38,94,92,25,78,93,16,42,45,75,44,6",Guess Who Is Back (TV Size),Extreme
799415,178.4775,2,"74,35",Reign of Fear,IV
2058789,19.8418,1,75,JUSTadICE (TV Size),Taeyang's Extreme
2324906,3979.8272,17,"76,17,84,64,33,5,20,77,33,39,51,62,33,28,2,3,49",This Place Will Grow EP,Marathon
1919312,10805.9058,71,"77,84,40,64,80,43,48,56,46,65,69,20,12,39,65,72,80,87,56,70,71,16,22,28,54,15,73,10,85,27,85,75,61,74,32,97,47,14,61,86,100,20,74,83,4,21,40,93,41,95,53,25,82,30,80,95,13,5,5,1,37,57,67,35,3,90,88,53,35,90,16",UNION!!,We are all MILLION!!
4941131,194.6174,4,"78,54,38,91",Monochrome Butterfly,AF's Monarch
5440552,1645.6457,14,"82,44,64,87,70,10,10,49,98,80,40,86,24,100",Yuuaku no Inori - Anima immortalis est. -,Our Prayer of Black and White
952515,1365.4241,9,"83,99,64,80,5,79,11,79,95",Summer Of The Occult,Entering The Blight
221777,3424.8572,37,"84,79,99,98,57,50,43,71,98,88,64,47,38,85,16,40,62,90,18,85,10,86,67,47,92,72,91,49,36,11,65,82,95,78,21,63,17",The Pretender,Pretender
3893423,21.5221,2,"86,88",Beautiful Lies VIP,Collab
789765,650.6089,10,"87,34,57,68,35,65,81,90,32,45",Speed of Link,299 792 458m/s
5330839,823.1872,4,"91,10,84,21",I Really Want to Stay At Your House (Eurobeat Remix),Is that a compromise?
369349,18036.7585,79,"92,81,46,41,7,8,93,43,90,79,77,38,61,36,13,2,38,42,26,74,4,88,1,27,57,18,26,59,35,7,52,26,73,39,24,43,75,26,55,1,68,95,28,69,11,35,16,34,57,46,2,75,10,81,3,35,13,24,75,48,9,14,49,7,82,43,23,89,30,77,12,2,44,78,74,76,10,26,89",Because Maybe! pt. 2,Marathon
722596,4315.2826,28,"94,69,8,67,53,17,30,51,35,38,49,16,88,92,75,86,55,54,18,7,20,88,41,45,7,98,81,96",os-Uchuujin(Asterisk Makina Remix),Mattress Actress
2632230,22385.2061,125,"96,59,74,57,67,59,73,16,15,35,66,22,93,19,66,17,85,48,20,10,93,70,49,48,88,14,19,88,95,25,72,24,80,36,85,58,6,14,4,63,58,92,21,34,21,27,47,32,13,8,84,46,72,72,44,10,14,29,48,24,63,10,76,42,44,66,12,12,79,5,32,64,88,81,13,87,46,26,37,67,99,17,69,30,97,86,49,28,52,15,19,20,13,8,91,20,35,63,18,10,8,29,38,76,86,50,18,38,85,23,48,40,64,14,33,58,21,29,7,86,96,88,20,32,96",Nagareboshi,Starlight
3093758,5.9734,1,98,Trust in you,Tragic Love
5078595,1223.7227,12,"99,68,43,17,71,74,71,91,47,21,25,33","Jashin no Konrei, Gi wa Ai to Shiru.",Shikkoku no Higeki
5789863,994.4426,9,"100,88,45,38,21,47,68,17,64","World's End, Girl's Rondo (Asterisk DnB Remix)","I cry ""OPEN"""
4642104,478.6586,1,16,Hanatachi ni Kibou o,Yuumocharen's Farewell
2829420,1469.8343,8,"29,14,18,75,82,45,22,75",Super Nuko World,Cat
5183919,152.4206,2,"39,83",I'm invincible (Game Ver.),Together
3726990,576.5579,13,"57,58,57,98,98,69,49,90,42,73,98,27,100",Flower,Cataclysm
3137688,48.8397,1,59,Additional Memory,Extra
5052424,157.1349,3,"67,48,51",oyasumination,"thank you, have a nice sleep, darling"
5035120,960.2552,6,"76,38,56,56,10,33",Fallen Angel (el poco maro Remix),Gates to Heaven
3630575,7336.8911,41,"80,97,36,85,29,77,95,44,64,32,20,38,17,8,25,11,53,74,61,30,3,4,42,72,31,33,66,11,42,80,24,19,64,11,65,88,57,22,69,55,89",Euphorium,White Star
1642267,14.5798,1,82,Kagerou Compilation,Kagerou
4473570,2183.449,8,"86,40,1,29,59,6,28,60",Tokohana,Endless Suffering
5632696,8.1769,1,93,utopia,Miyo's Expert
5619377,956.5904,1,4,Kimi no Na wo Hibikasete,Amakosi's Extra
5090215,1723.5662,6,"5,9,53,94,35,60",Little*Summer Party,Settia's Nya~n
1592916,5324.6606,7,"17,1,1,1,2,23,81",C-TYPE,SS-TYPE
4883677,606.3813,6,"21,90,42,46,95,51",Crystalia,SB's Extreme
4864903,166.7458,1,35,Ren'ai Circulation (TV Size),Charmed
5547097,7985.7551,21,"44,90,55,65,9,6,63,37,91,2,8,1,26,7,8,30,1,6,39,38,3",overture,extra+
2407203,96.624,1,45,Luna,Dream
1911308,4920.7354,33,"51,37,35,51,56,26,41,4,18,46,16,14,32,85,6,98,83,80,70,55,51,80,52,87,64,63,33,95,25,44,58,48,14",Guess Who Is Back (TV Size),Fiery's Extreme
1826438,1253.4483,15,"52,76,86,79,54,91,24,57,20,76,99,76,47,69,15",quaver,Ultimate Crescendo
5043508,1153.6183,7,"55,82,10,77,16,95,83",Kyouki Chinden (TV Size),Merciless
2245774,5228.4179,55,"58,59,93,51,40,90,29,90,34,67,6,53,55,93,44,98,19,6,75,83,55,74,86,57,51,80,31,83,50,4,27,58,80,72,69,68,64,95,74,51,97,18,73,99,7,56,39,81,82,71,38,98,97,74,81",PADORU / PADORU,Gift
4303461,31.6655,1,66,Heat abnormal,OGLE-2005-BLG-390Lb
1186951,127.3028,3,"67,73,47",Pitch Fucker,Extreme: Hysteria
3746239,484.8568,9,"69,25,89,54,38,75,67,78,82",Brazil,Kuki's Extra
2097898,6314.391,68,"71,86,6,86,74,72,52,91,57,100,89,86,99,78,17,47,96,70,99,46,32,15,66,60,33,90,68,86,48,62,97,59,31,96,88,100,40,88,46,89,29,23,46,29,96,32,38,97,5,60,88,72,53,56,41,63,90,41,47,33,26,9,39,56,16,50,60,83",Team Magma & Aqua Leader Battle Theme (Unofficial),Catastrophe
5299251,1140.2915,14,"76,65,81,74,89,63,51,79,3,40,54,98,85,89",Wing my Way (Game Ver.),Mekadon's Extreme
4415495,1242.4768,10,"83,78,6,81,29,55,84,27,73,83",Brazil,Atomic Scope
3116336,104.6085,3,"93,88,40",One More Time,Space Shuffle
2129143,10841.587,65,"97,86,55,69,79,65,43,67,36,49,89,30,40,94,56,22,50,96,96,26,28,41,55,17,22,22,13,79,30,82,6,75,69,9,38,48,16,86,87,69,7,2,21,27,7,65,65,22,67,76,3,64,98,77,24,32,60,47,93,21,53,27,2,60,50",AaAaAaAAaAaAAa,aAaAaaAaAaaA
1989857,577.0458,4,"98,27,25,38",Gokujo. no Jouken (TV Size),Overflowing Emotions
1553356,36.7875,3,"100,65,100",More One Night (Assertive Hardcore Bootleg),Collab
223397,667.8452,3,"14,74,37",Gigantic O.T.N,S.S
853625,4426.3589,26,"36,98,60,27,15,91,64,58,65,37,40,8,97,14,51,5,30,34,59,45,51,56,15,92,21,45",The Glory Days,Rainbow
2498021,1088.5076,4,"53,2,56,54",STARRY SKY,Starfall
4501688,1119.4878,8,"54,68,63,56,25,8,62,49",Tenshi ni Fureta yo! (Asterisk DnB Remix),Moe
771858,9669.2969,54,"62,65,72,74,41,41,45,64,84,57,38,55,32,37,23,24,70,86,29,27,41,19,53,14,17,7,73,4,39,24,23,78,5,17,24,15,83,10,99,41,74,34,15,21,60,37,13,4,97,66,56,86,37,82",TWEEKER,Lunatic
1716732,778.1494,12,"63,92,74,84,76,86,49,29,40,60,21,98",5150,Mir's Extra
3845266,3861.0309,24,"70,92,75,79,33,36,41,32,30,62,67,8,58,16,10,47,20,37,89,73,17,37,99,12",WARNING!,Troubling Desire in the Night of Confusion
5607168,552.2184,4,"73,15,51,56",utopia,banter's Extra
1889804,475.4475,5,"77,18,77,91,62",EDEN,Heaven
1123155,999.2292,8,"78,37,76,95,18,40,38,24",Juubaku,E-Xtra
860022,792.6228,9,"85,40,98,15,55,76,31,65,99",Rain,Monsoon
2447121,1803.9807,6,"87,3,27,96,19,21",083 - nekomimi,Nya Nya
351752,5164.0782,20,"89,12,53,49,26,37,53,90,1,35,19,21,1,34,1,89,34,97,65,46",Higan Kikou ~ View of The River Styx,Extra Stage
1971326,8.8211,1,90,Hanazono Denki Guitar!!!,Expert
722934,8448.0563,49,"93,91,57,92,54,38,87,47,68,52,39,99,68,80,23,87,18,42,11,65,87,39,19,12,59,10,99,100,30,11,57,15,44,3,58,19,14,33,15,6,52,4,61,24,89,74,38,40,72",Dream Walker,Ethereal
2802397,6174.0924,51,"94,68,41,89,78,61,80,49,43,20,60,93,52,52,96,60,76,75,61,68,73,50,27,84,97,41,76,33,37,85,13,4,76,20,40,55,12,18,95,20,62,83,11,50,25,17,22,24,61,57,27",Loser Girl,Kowari's Expert
2653571,12926.0683,85,"98,84,85,88,100,88,95,98,53,22,52,72,32,37,90,16,27,96,94,96,83,91,43,81,26,99,26,69,28,35,29,53,21,28,57,23,15,33,47,56,66,10,48,45,7,72,5,47,40,91,9,70,15,14,40,39,36,68,64,87,28,29,34,67,13,79,35,85,24,79,53,6,4,69,6,71,20,33,100,99,64,12,73,16,45",Mynarco,Extra
2315558,26935.4946,120,"99,38,37,54,62,33,85,100,26,13,13,38,15,42,37,8,26,79,5,100,62,36,45,37,31,68,4,68,2,78,79,98,14,79,21,2,63,53,10,33,28,64,7,14,10,49,88,29,61,63,32,90,33,29,48,57,100,19,75,2,40,18,87,40,37,38,63,55,24,77,25,4,99,38,42,65,65,9,53,1,3,50,24,7,18,96,14,84,26,3,4,13,42,99,72,41,83,12,72,11,33,13,13,39,6,61,20,15,76,20,88,72,24,40,51,20,77,20,16,38",Stella-rium,Celestial
1919344,10639.9488,63,"100,57,76,100,92,64,79,31,77,82,57,52,26,50,34,97,24,54,39,23,59,87,38,39,17,67,55,34,100,26,22,60,6,13,34,17,19,59,10,48,46,9,68,4,44,98,7,11,9,10,36,76,42,90,23,56,34,4,96,95,61,58,55",MTC (Different Heaven Remix),Expert
4106914,2625.5461,17,"18,18,92,57,34,33,43,5,79,44,90,41,91,30,28,51,55",Kizuitara Shunkashuutou (Cut Ver.),Ephemeral
4684394,130.1115,4,"51,93,50,90",My Time,Cripple
2847847,1034.4149,3,"70,7,15",Hanatachi ni Kibou o (2020 Remaster),Divine Wishes
3612055,6482.5953,40,"80,58,49,35,32,24,26,97,17,25,28,23,88,88,33,12,25,58,24,37,22,99,51,30,14,41,24,92,20,16,29,5,81,92,61,91,79,41,46,60",JOINT,Burning Flame
2350478,3885.1163,30,"94,88,56,55,47,93,48,96,53,42,91,61,94,46,78,27,17,41,61,67,41,9,56,78,20,7,78,39,11,11",Kessen Spirit,Not DT Farmer's Extra
3131969,146.1346,2,"100,37",Pure Ruby,Another
5323315,5717.4542,23,"46,47,84,14,42,25,48,16,32,70,14,15,30,41,20,8,4,50,49,19,20,5,73",Vibrant Springs,Uri's Extra
2778999,966.3323,26,"52,37,71,73,94,82,95,70,78,79,62,17,76,86,49,84,45,97,91,97,61,89,87,67,51,88",Plasma Gun,Extra
4956395,3315.2623,24,"58,24,68,84,52,29,38,28,76,28,45,66,25,44,48,32,41,9,58,51,44,9,73,17",slishkom pozdno,expert
2779000,2765.0561,19,"59,82,73,45,96,31,94,80,42,20,80,63,13,27,49,10,10,43,50",Plasma Gun,Extreme
2316176,12316.9951,72,"61,72,32,95,78,39,56,71,29,24,27,65,24,97,22,95,51,45,24,43,54,30,46,17,11,47,49,50,35,53,73,77,30,61,24,42,17,22,45,27,65,17,30,52,23,66,65,81,82,11,95,68,8,16,12,67,15,61,6,8,19,17,13,91,53,10,49,75,49,6,11,54",HONESTY,HEART OF SORROW
4487663,7125.6083,59,"65,96,88,85,68,75,47,78,93,42,58,58,58,51,92,71,76,29,22,76,43,50,54,24,66,20,60,60,46,20,52,31,87,40,41,95,17,88,16,27,27,28,34,17,21,49,16,45,41,16,48,34,89,6,11,86,34,48,40",Snowflakes,-Tynamo's Extra
2365928,709.8709,7,"68,70,49,44,29,61,19",Resurrection Spell,Extra Stage
4702194,7628.7865,45,"71,49,90,50,60,76,93,63,95,63,52,44,47,28,28,44,23,16,100,24,55,72,87,23,19,24,26,32,30,16,76,30,20,10,34,67,12,12,44,7,7,7,42,32,50",ARE WE FLOATING IN SPACE,CELLINA'S EXTRA
4973567,4295.764,28,"79,84,27,64,50,68,53,40,33,41,22,14,44,37,42,18,6,34,52,23,17,23,57,23,64,53,56,26",tam,extra
4914177,1608.1053,21,"85,79,95,61,34,83,45,41,18,86,98,62,31,98,37,40,27,81,63,75,22",Running Man,-Tynamo's Extra
4247752,1761.7132,23,"86,37,93,81,76,26,59,50,48,95,34,61,91,96,19,28,26,71,37,90,29,49,72",F.I,emu's Extra
4642440,3583.6402,44,"87,80,57,93,77,75,74,58,61,62,46,27,60,27,58,67,31,49,53,22,94,83,37,53,85,40,39,93,79,94,58,20,17,39,59,40,60,60,43,13,54,22,74,30",Snow Goose,Cellina's Extra
4914171,705.8493,8,"93,91,22,77,25,85,78,38",Running Man,Relay Race
1032126,2131.7886,23,"95,80,18,75,55,61,39,75,48,57,44,98,51,12,96,47,40,69,94,73,31,15,76",Inferno,Excruciating Extra
4277541,10940.8685,84,"97,23,92,29,90,48,16,97,91,77,60,59,93,57,100,76,23,84,100,58,60,49,74,45,92,87,74,29,26,64,55,21,54,49,53,38,83,14,83,48,61,28,79,18,60,25,14,43,96,34,71,21,33,53,47,17,36,11,28,44,54,20,86,50,12,12,24,91,53,23,47,36,64,70,18,23,34,9,51,10,85,17,22,74",Ki ga Kurutta Noise,-Tynamo's Extra
4669416,511.6534,11,"100,78,35,69,57,80,70,74,72,27,50",Pixel Princess,-Tynamo's Expert
5443523,6760.955,19,"38,30,18,24,28,16,39,3,13,42,14,21,41,3,10,15,48,3,13",Metheus,Extra
4789197,1237.728,12,"54,97,48,67,91,53,7,20,48,47,76,64","Motto, Nee Motto (TV Size)",Extra
5270672,3747.5414,17,"76,71,43,51,44,30,30,62,10,46,32,74,9,47,43,2,5",Infernus Ad Astra / Rise Of The Chaos Wizards,Extra
3967198,16215.6977,81,"77,41,62,57,53,40,47,84,75,47,35,87,55,60,71,38,24,73,17,42,36,34,93,73,26,12,49,55,94,87,42,12,18,6,16,39,20,79,22,50,14,48,53,12,65,31,7,15,100,16,93,69,21,15,58,6,96,61,9,9,8,34,52,24,37,87,22,11,6,36,50,73,9,65,10,16,44,30,35,5,10",reunion <Platinum Long Version>,Extra
135177,5287.3226,37,"79,18,24,88,54,27,65,37,40,90,90,92,51,57,80,32,15,83,71,87,21,91,19,29,19,49,66,99,2,44,71,53,10,90,86,6,82",Bird Sprite -Awakening of Light-,Another
5676228,13.3299,1,81,Heartless (Cut Ver.),NaPiii's Extra
130500,1371.9361,18,"88,96,52,29,84,77,90,39,10,76,67,60,65,53,22,68,94,78",Usatei 2011,Ozzy's Extra
4900852,285.4321,5,"91,86,48,43,36",Earth B flat,dahkjdas' Extra
4131153,929.3564,5,"93,62,29,8,42",Clear Mind,Accel Synchro
2884952,131.2385,1,39,Junpaku*study time,Semi Big Girl!
5600010,3928.1194,15,"69,15,5,13,23,58,41,14,44,29,93,17,57,70,9",UNION!!,Singing!!
327526,827.9798,10,"72,99,11,86,77,47,39,85,61,59",Happy End of the World,Happy End
2826252,1923.6819,8,"87,87,84,10,12,11,25,74",moment,falling in love
338682,13032.6163,63,"92,32,63,30,88,15,21,70,29,69,29,76,21,74,49,34,46,37,75,30,36,67,61,83,67,9,59,44,30,7,88,15,25,41,29,25,56,15,2,52,34,1,6,17,63,97,90,5,11,51,58,40,48,87,80,9,11,10,62,94,6,21,27",Airman ga Taosenai (SOUND HOLIC Ver.),CRN's Extra
2781233,19401.6735,84,"96,61,81,60,90,58,57,80,21,99,46,22,18,48,31,81,13,23,34,31,75,14,23,59,79,37,91,50,45,75,73,42,85,100,5,16,22,52,6,8,53,13,8,80,10,74,42,8,58,75,11,8,62,41,19,61,5,13,57,91,26,8,36,3,46,14,2,48,2,1,46,3,26,46,2,16,53,40,55,75,63,20,100,27",Natsukaze to Kimi no Egao,Isolated Memories
196839,37.4793,3,"98,72,80",croiX,EXHAUST
5636559,2855.5923,10,"100,67,4,72,28,44,49,13,3,20",Scattered Echoes,Fading Tides of a Name Erased
4232192,97.5211,1,44,Daijobu,Girl with an Acoustic Guitar and Clouds and Scrap Metal
2229508,87.7893,1,46,"Thrill, Risk, Heartless",Akitoshi Goes Kirito Mode
4851769,31.9615,1,65,Blouse,Rin Nanakura
4866852,4122.6685,26,"66,74,94,51,86,47,6,34,19,73,52,38,86,54,58,79,5,56,8,85,67,48,3,14,87,51",PADORU / PADORU,browiec's Expert
1258642,6572.4512,52,"69,71,71,92,95,83,91,51,30,50,91,22,73,94,68,40,45,73,77,25,31,30,37,19,27,70,14,100,81,46,78,74,69,4,99,84,92,38,21,5,78,60,46,12,42,35,82,76,14,86,43,7",Sunglow,Melody
2628691,7243.811,57,"71,68,20,46,87,34,28,68,96,58,57,81,55,35,64,4,79,38,77,66,13,54,15,53,4,54,75,73,29,40,48,48,73,97,73,25,55,78,60,31,25,53,21,74,92,31,30,41,22,16,14,80,68,32,84,79,22",One In A Billion,Fantasy
5204534,2196.4161,23,"73,85,97,75,80,61,36,99,46,60,49,74,36,30,15,23,30,37,62,37,36,30,30",Sentou de Pinch!,shoyeu's Expert
4800049,2081.5536,19,"76,2,64,99,86,91,52,85,68,76,52,74,61,8,74,37,40,98,50",El Sonidito x Athletic Theme (DitzyFlama Mashup),Sytho's HORCHATA
4917244,6100.2416,43,"79,45,88,72,3,90,5,32,56,62,71,94,80,6,91,60,20,3,67,84,65,57,47,56,96,20,75,44,40,22,19,73,20,35,81,58,65,51,31,40,96,59,38",Start Again (Cut Ver.),Fiery's Extreme
4803942,8012.9802,28,"80,36,47,54,22,34,13,87,64,8,8,8,78,90,13,46,7,5,47,81,3,24,19,5,35,5,70,13",El Sonidito x Athletic Theme (DitzyFlama Mashup),Nymphe's ZESTY BURRITO
4784077,388.5183,6,"86,89,40,73,23,78",Aragami (Short Ver.),Uri's Extra
2923026,4964.17,46,"94,67,41,49,84,35,57,97,47,74,81,51,85,41,28,41,28,68,77,92,24,27,53,74,6,30,80,56,4,74,32,70,46,67,83,35,40,80,53,20,42,98,46,92,8,88",Hanatachi ni Kibou o (2020 Remaster),browiec & Kuki's Extreme
4696039,406.1421,7,"99,71,72,81,25,89,40",Guitar to Kodoku to Aoi Hoshi (TV Size),Reform's Extreme
2628959,129.2917,3,"100,49,51",Give Me a Nightmare,Nightmare
4507842,694.8129,4,"10,70,70,80",Goal & Score,Streamier Expert
3104444,540.4279,2,"16,44",Aquarius,KIRBY Mix
1164988,1083.1983,2,"23,3",TOMORROW,Future
1277926,207.7968,1,30,adrenaline!!! -TV Ver-,High Tension
4584661,107.8272,1,42,Kan Kan Nyan Nyan (TV Size),Andrea's Chiihou
3322444,37.2639,1,62,CRASH!! (Let's Do It),CRASH!!
3489482,33.5455,1,64,dorchadas,Luscent's extra
1480920,28.6884,1,67,XY&Z,Sotarks' Extra
2067859,1279.3951,9,"70,83,29,98,6,89,44,20,74",No Good Magia (Start the Witch),Walpurgisnacht
888383,758.6062,11,"71,75,43,89,18,70,74,87,36,48,73",Flamingo (WTN3 Remix),Multi Color
2133943,19.7662,1,74,oyasumi (Speed Up Ver.),schoolboy's Extra
5548003,39.8799,2,"78,65",Helena (2025 Mix),quantumvortex's Extreme
1360583,1071.0396,4,"79,12,83,8",Colors -sasakure.UK Futurelogic Remix-,Insane
4812495,14.2152,1,80,Let's Roll!!,Darling in the FranXXX
1047758,10.3086,1,86,Sukisuki Zecchoushou,Lovesickness
2466476,9.2864,1,88,Anaphylaxis,BEES!
3878151,8.815,1,89,Risen,CORROSIVE's Pious
2637355,1887.984,16,"94,81,49,70,74,47,100,35,35,13,23,35,14,58,30,84",Metal Crusher,Extreme
4867606,180.7671,2,"96,32",RuLe,gazimal's ExTrA
89171,1967.8592,11,"97,83,69,2,75,43,43,36,24,26,67",Smack My Bitch Up,Ass Kicking
2201553,71.1097,6,"100,60,98,91,88,78",HIKARI (TV Size),Extreme
91037,4324.9232,14,"20,22,38,81,12,7,20,7,21,3,82,87,43,76",Solar Sect of Mystic Wisdom ~ Nuclear Fusion,Atomic
5041355,133.1336,2,"46,59",Green Greens,Ness' Square-Themed Expert
165416,60.5368,1,54,BEMANI MEDLEY -bpm180-,Marathon
3940306,396.9407,3,"57,77,20",reunion <Platinum Long Version>,allein's Extra
142772,602.2023,2,"59,11",BSPower Explosion,Baka yyy
4140869,1519.0078,8,"62,59,54,48,10,4,47,79",Hazukashigariya no Toy Soldier,Extra
229695,67.1776,3,"66,74,68",Classical Insanity,Vivacissimo
3956011,12336.3884,63,"67,83,81,32,25,72,73,54,66,35,40,35,27,68,13,67,18,45,54,21,72,62,13,30,40,12,23,68,16,39,43,82,28,56,17,4,98,9,78,81,78,88,89,64,64,12,14,12,39,14,26,33,16,62,25,2,51,47,84,5,25,10,6",We Got It (feat. Rothwell),Watch The World
3599842,24.4631,1,71,Deep Sea,Deluge
2135058,19.5977,1,75,Identic Conflict,Black Another
1838662,18.5613,1,76,PEPSI * MAN,I AM THE PEPSI MAN
668662,563.813,3,"78,12,65",Ice Angel,Saint
225490,28.6059,2,"79,81",Little Star,Another
83674,103.3269,2,"83,44",Shinsekai,Insane
1065689,288.0132,3,"84,26,87",Kagami no Mary Sue,Eternal
4551952,889.8529,8,"91,89,67,46,23,54,61,13",Flight of the Bumblebee (RST Classic),Astronic's Extra
4442129,2212.5366,9,"93,31,1,33,36,80,18,23,42",Gregorius | Symphony,Tempestuous Danza
386760,13.9722,2,"95,92",snow storm -euphoria-,EUPHORIC
3355394,617.1316,11,"97,48,34,91,86,69,30,60,91,46,70",Already Disappeared,Irreplaceable
3921929,154.8892,4,"98,79,62,42",Yakumo >>JOINT STRUGGLE (2019 Update),Lasse's Extra
2058788,5575.6424,46,"21,16,66,52,14,30,4,6,74,49,86,74,79,77,70,50,31,72,82,68,61,29,72,64,74,16,51,51,25,79,10,20,85,84,95,61,54,100,60,70,76,86,53,62,52,98",JUSTadICE (TV Size),Extreme
4915584,1731.1744,9,"44,34,92,58,19,45,13,8,39",NBTSA,Parad0xa's Extra
5256996,1428.6135,11,"57,50,75,44,34,12,86,99,31,23,24",Wing my Way (Game Ver.),Maaadbot's Extra
5727850,42.2941,1,59,MONTAGEM BATCHI,YUUMA'S SPECIAL
2025393,14386.7097,53,"71,94,41,59,52,41,63,48,42,39,95,65,98,54,33,55,15,12,67,9,63,8,28,12,9,7,8,85,7,6,7,12,88,26,6,35,94,10,61,57,79,3,3,95,17,11,2,21,41,5,16,23,62",DREAM SOLISTER,Fortissimo
5559251,851.0765,15,"81,66,38,58,28,64,76,89,42,54,75,45,53,47,39",GRIM (NIGHTCORE & CUT VER.),KARMA
5549677,172.1522,4,"82,97,32,90",Self Sabotage (Nightcore & Cut Ver.),Overwhelmed
4704234,164.4531,5,"85,79,35,81,79",ANTIDOTE,Nymphe's EXTRA
4893706,6813.2919,33,"95,11,16,52,89,4,95,30,41,37,6,35,25,68,17,23,23,92,24,22,69,37,72,74,15,13,28,64,13,14,58,69,40",Monochrome Butterfly (Cut Ver.),Kuki's Colorful
4729584,3422.173,37,"96,94,81,52,42,93,37,61,73,87,69,23,93,46,24,81,41,34,48,29,99,59,36,20,76,95,81,64,82,95,96,94,22,11,24,98,10",Last Goodbye,Fiery's Extra
5633561,16141.9391,55,"20,34,52,8,14,61,18,71,76,6,13,13,14,84,10,59,8,35,62,13,80,25,56,91,4,40,7,22,46,5,84,20,66,25,27,19,10,6,19,2,11,43,30,20,31,20,82,24,11,15,54,18,81,8,10",Chronostasis,Overflowing Darkness
3310074,9772.4649,57,"22,43,15,42,28,81,4,30,32,30,71,33,70,63,98,16,46,69,71,16,76,20,73,60,60,78,54,44,49,71,7,43,23,15,46,7,31,11,35,10,65,45,22,31,83,27,42,17,46,47,20,39,68,25,44,31,25",Infernus Ad Astra / Rise Of The Chaos Wizards,1992: The Astral Age of Triton and Zargothrax
2365752,12646.455,86,"34,14,42,36,87,79,93,86,58,57,5,68,40,70,73,75,92,2,22,73,77,95,71,49,77,77,75,89,37,51,70,53,38,29,55,45,36,35,17,62,31,25,62,43,27,40,37,48,27,39,20,65,30,91,22,44,40,33,38,37,96,21,21,19,23,26,2,81,44,23,16,25,42,23,34,63,19,17,27,76,19,95,12,17,78,23",Songs Compilation III,Marathon
1849580,5613.0926,71,"35,55,34,58,90,73,14,42,71,47,24,9,42,69,41,75,60,71,71,65,63,68,37,54,67,88,69,79,74,95,87,53,64,2,83,23,92,62,76,84,77,59,65,52,96,56,45,61,62,96,77,42,79,69,88,58,42,36,37,55,48,78,98,35,48,39,29,33,21,40,54",Songs Compilation,"I Won't Say ""Farewell""; Someday, We'll Meet Again"
5743098,6723.0909,22,"36,29,38,5,33,14,46,37,23,1,33,15,6,21,40,81,26,17,65,1,33,36",Valley Of The Vale,Mystical
1201636,5985.6895,57,"40,60,64,65,95,17,46,33,91,87,51,91,33,97,81,99,46,100,89,36,87,93,67,97,68,82,18,82,41,25,70,50,50,41,53,43,68,46,16,13,98,29,1,50,41,57,29,90,58,54,99,30,86,8,28,56,26",Road of Resistance,Crimson Rebellion
3644487,9015.4266,51,"42,35,69,10,83,65,46,29,39,21,12,88,44,53,52,22,13,3,72,28,8,64,34,29,70,52,32,75,94,14,32,73,85,41,69,23,17,51,18,46,80,15,35,53,25,8,9,86,25,92,53",Arkadia,Extreme
1816113,26573.9578,131,"46,39,19,42,88,98,42,33,16,23,91,66,63,50,45,26,62,23,84,37,47,19,35,34,72,75,75,54,46,37,62,74,34,22,81,31,99,21,54,13,19,90,35,17,64,30,97,31,13,3,73,43,3,5,89,28,25,26,25,3,77,81,14,37,25,22,14,88,25,46,31,6,45,80,26,25,57,2,32,9,57,51,14,43,3,46,18,63,94,72,12,94,5,53,50,25,33,42,59,20,71,5,59,9,90,9,70,26,94,42,32,16,26,58,46,42,18,6,8,26,39,91,98,5,25,46,19,2,19,46,37","Yomi yori Kikoyu, Koukoku no Tou to Honoo no Shoujo.",Kurushimi
2701095,3313.7743,42,"49,18,63,47,79,76,92,63,94,41,52,88,49,52,85,68,52,15,62,78,37,33,63,47,14,89,63,79,49,19,49,63,62,40,78,39,28,58,94,43,52,87","Top of the ""M""",Yakuman
3837137,4905.1617,48,"51,13,84,33,90,78,58,82,78,46,26,69,23,5,43,99,56,56,100,97,72,54,23,13,65,48,81,26,89,80,21,29,14,94,54,54,66,70,84,79,83,62,17,61,41,68,73,80",Epitaph,"Learning to Thrive Through Loss, Tragedy, and Heartache"
3975714,13752.7067,68,"52,75,65,35,41,35,34,69,12,31,51,30,43,55,51,92,34,20,67,48,11,16,31,49,76,14,34,16,10,40,9,73,75,89,26,24,34,78,9,93,40,7,63,5,32,25,64,5,32,3,23,4,21,3,30,17,90,93,25,73,69,16,50,81,58,69,67,14",Valley of the Vale,Werhakon's Extreme
2606405,2321.6561,11,"53,35,40,63,50,36,15,32,21,17,11",Overdrive,Extreme
3647082,5387.6101,58,"54,40,28,22,39,86,48,24,27,69,26,78,25,33,57,31,64,67,45,30,98,64,93,89,9,72,65,39,93,47,98,93,59,60,90,71,22,23,51,99,98,62,44,67,98,64,11,20,40,66,95,75,34,46,88,54,67,39",Sunless Dawn,Ozurie
2583506,173.6891,4,"56,57,50,85",Anti the EuphoriaHOLiC,TKH's Palpable Displeasure
2079597,6253.649,54,"60,78,43,18,90,36,5,5,74,64,82,66,91,99,78,20,71,100,46,74,76,77,78,12,91,27,73,25,99,35,14,65,89,71,72,52,17,8,99,46,63,57,60,49,95,9,48,75,63,34,71,32,75,60",HONESTY,RIGHTEOUSNESS OF MORALITY
5153811,1911.1091,15,"61,25,71,33,49,96,9,24,35,50,93,23,50,78,45",Dreamin' attraction!! (Extended Ver.),BMD's Extreme!!
129891,12520.4353,63,"62,79,91,47,37,43,47,15,36,21,87,34,34,32,10,44,19,35,25,51,47,21,31,17,61,13,99,64,34,60,24,52,8,41,17,17,22,15,44,9,34,39,100,10,42,46,69,52,12,16,7,12,59,22,44,19,80,27,30,4,52,23,86",FREEDOM DiVE,FOUR DIMENSIONS
4774217,411.3959,4,"63,28,34,66",Signal of Abydos (xi Remix),Traces of a dream.
5212331,4336.5408,27,"69,50,8,62,7,5,96,48,75,97,49,93,14,50,81,44,29,49,56,93,48,16,61,46,50,84,7",hopeless quiet,in loneliness alone
4013640,1826.9132,24,"70,39,91,78,85,54,41,78,52,56,76,94,97,29,92,95,29,78,30,24,26,47,47,16",I.F.,Everlasting Recollection
5279835,1794.1751,13,"74,68,57,88,66,53,68,12,92,7,12,95,51",Intro / Kuuchuu ni Shizumu Kishinjou ~ Counter-Clock World,Stage 5
1946507,9799.0772,48,"77,81,46,65,48,36,77,77,73,83,25,33,92,49,26,21,81,7,16,26,87,12,88,38,29,26,75,24,12,80,92,4,30,81,93,2,45,2,21,91,6,95,26,23,8,3,90,100",Gotoubun no Kimochi,Extra: Nino
1766273,1445.8935,5,"79,3,18,76,38",Senpai.,Graduation
3119805,1452.7659,19,"81,31,67,59,53,57,55,81,91,35,46,53,67,23,12,59,88,100,68",Heavy Rotation,Expert
2285696,2675.7628,22,"82,66,53,28,62,93,32,98,5,53,14,99,96,56,17,81,66,46,19,38,64,99",Gotoubun no Kimochi,Doormat's Extra: Miku
1977951,181.2928,5,"83,53,63,78,48",EmbryO,Heilia's Ultra
2863215,15671.6956,86,"85,58,54,62,36,35,35,82,31,51,19,90,42,55,79,64,29,48,35,22,45,26,78,81,22,22,27,45,40,17,77,85,67,25,21,34,7,36,12,37,9,38,46,92,8,63,60,80,5,94,63,22,20,16,87,30,6,26,16,14,81,9,61,94,55,93,22,93,81,86,29,22,36,23,6,20,7,8,2,80,86,91,40,41,64,31",Kimi no Shiranai Monogatari,Starry Night Sky
2815315,1421.6824,12,"87,78,73,33,39,75,94,41,31,46,9,19",ULTIMATE SACRIFICE,The Sword of Promised Victory
1977469,985.7847,4,"89,17,59,8",encounter,Necho's Chaos
4393066,486.6897,7,"90,82,82,86,95,23,27",VANITAS,The Silent Lament of Broken Wings
5774784,50.0835,3,"91,78,64","Natsu no Owari, Koi no Hajimari",Yearning
1682749,1565.1005,23,"97,24,79,81,74,14,61,79,91,99,96,31,24,89,64,71,77,23,74,69,88,59,96",02: Amber Wishes,Happy Birthday!
3385971,13863.44,104,"98,75,12,50,9,96,82,55,21,93,23,89,80,43,1,97,74,81,65,40,27,38,85,72,89,66,40,80,39,60,87,51,82,58,59,19,52,65,51,70,20,62,24,32,18,79,32,36,50,25,72,45,45,48,40,73,43,48,30,77,22,33,43,41,54,22,76,53,59,49,29,8,62,38,11,2,94,56,35,20,50,88,20,34,74,18,27,23,51,88,37,72,53,26,81,16,16,16,44,100,11,66,59,35",My Heart Will Go On,Titanic
4956471,5229.7806,42,"99,93,30,57,59,47,77,65,96,66,76,22,10,27,95,76,70,35,10,38,66,35,80,94,62,92,27,70,63,16,65,26,7,70,61,72,41,58,10,53,7,99",Temptation (feat. Rebecca) (Nightcore Mix),~Farewell~
5589580,271.1346,2,"30,51",Fuyu Monogatari,The Blight of Winter
145669,283.0759,4,"39,48,53,59",Hurting for a Very Hurtful Pain,Dance
898106,2521.9432,11,"41,3,82,38,1,48,58,74,81,40,73",Everything Went Numb,Extreme
4708806,115.2161,3,"44,89,89",Bang Bang,Real American Patriot Extra: True!
1807642,69.0991,1,51,Lonely Go! (TV Size),Aro's Extra
1601284,53.1917,1,56,ODD FUTURE (short ver.),Plus Ultra
3292816,159.9433,3,"73,79,36",Minchoui Nan,Stigma
2231831,8317.3152,61,"74,89,53,57,66,42,69,50,63,61,71,95,62,62,37,45,74,44,49,91,83,10,13,71,45,67,6,97,100,51,31,87,9,72,6,97,58,65,11,26,35,38,10,85,78,5,70,16,90,20,96,95,55,72,94,96,68,42,2,47,27",Overdrive,Ultimate
4881714,164.3661,3,"79,36,69",XIchedelic Nova Trinity,C12H17N2O4P
3287758,3885.2282,12,"81,17,15,52,8,8,77,24,21,9,13,41",Aoi Chou,Transient
1018776,78.2009,4,"90,65,64,89",Soukai Rock,Lami's Extra
2317124,15.3925,2,"91,90",Relive,Apollo's Extreme
4393036,19.0793,2,"92,79",Burning Star,Burn Out
3382521,6.1597,1,97,Shy Away,Apprehension
2964221,5219.5741,28,"99,52,75,83,30,18,37,68,28,5,7,57,63,8,30,85,4,18,65,73,64,6,86,30,56,87,47,87",SAVE (Encore),Fatfan & browiec's Determination
4042579,843.272,3,"7,50,77",Fallen Symphony,Cruel Descent
5489690,9227.8714,19,"10,36,77,2,43,52,6,19,60,2,3,5,49,33,1,1,3,1,98",Armed and Ready,Soaring Fantasy
3789243,605.826,1,11,Distorted Lovesong (Full Ver.),.. / .-.. --- ...- . / -.-- --- ..-
5258686,795.0351,6,"14,49,91,37,43,95",Vat Grown Top Knot,Armageddon
5592885,1382.0067,6,"15,20,40,31,69,20",I'm Your Daddy (Extended Edition Bluray Box Set mix),Maksim Kolach
5201212,15223.5446,55,"17,75,86,74,58,62,29,24,24,22,23,33,44,24,67,5,90,99,25,25,1,78,4,8,22,17,87,41,26,54,57,44,5,7,43,9,3,12,44,38,12,28,60,49,25,16,8,9,26,28,17,23,2,9,23",Golden,Honmoon
5717093,821.15,2,"19,15",Torikago,Isomir's Extra
2373569,9784.0214,51,"21,38,43,10,60,2,39,15,72,16,86,48,77,69,32,37,60,26,81,41,53,94,28,45,47,4,26,12,11,82,44,9,35,49,45,12,51,20,60,48,34,87,98,26,2,84,21,42,75,28,61",Midnight Madness,Gates of Glory
1722791,300.871,1,24,Hysteric Night Girl (feat. Such),STYLEY
4956932,1305.522,14,"25,72,82,96,45,11,54,89,50,60,79,54,35,48",Crystalia,Adularia
4786307,1003.2199,8,"26,81,49,57,84,18,42,24",Happppy song,What a beautiful world...
4778062,242.5013,1,28,TSUYOGARU GIRL feat. Mossa (NECRY TALKIE),HAPPY ENDING!
4061084,781.8732,4,"30,19,45,32",Distorted Lovesong (Full length),Yandere Madness
2502643,9831.6895,53,"31,23,79,86,28,9,77,88,60,19,57,56,13,48,50,66,25,46,8,60,66,27,18,43,15,47,56,15,21,50,48,57,59,89,20,32,20,34,49,33,43,3,53,6,100,19,13,41,58,87,65,89,3",Gekiai No Yobigoe Ga Dekiai No Sakebigoe Wo Kurau,Blindness and Tragedy
2049467,6116.2626,19,"34,34,1,17,83,17,2,44,23,44,54,9,70,72,9,38,12,5,57",Because Maybe! pt. 3,Marathon
1836239,677.6618,3,"36,15,44",Chaos King,I'M THE BAD GUY!!!
2552046,1808.6693,10,"38,80,91,3,94,67,76,41,99,5",Bass Slut,Dopamine Rush
966920,4480.0254,28,"42,77,22,89,98,10,70,84,78,71,30,21,48,61,35,89,31,6,51,59,82,76,19,9,4,85,35,39",Because Maybe! pt. 1,Marathon
4881712,1158.5001,12,"43,66,83,34,66,91,84,26,15,40,29,70",Shinkokyuu,tragic love extra
3880732,103.7299,1,44,Ghosts Of The Past,Winter & CallieCube's Breaking Point
4918018,347.1361,4,"45,95,49,28",ASTERIA,Futility
4684351,102.8302,2,"46,84",Apparition,Phantom
1440743,684.5456,5,"48,43,33,86,17",Maritime Police,Marigold
3772513,1275.3861,10,"49,68,50,36,94,11,17,64,83,90",Replica feat. mami,Dailycare's Facsimile
1260593,388.5148,3,"52,21,80",My Curse,Broken Love
4629735,64.4507,1,53,deathwish,Requiem
2836353,2430.6566,16,"56,48,11,32,38,56,88,9,20,80,72,38,65,64,21,94",Libera (Part I) - Saturnine Spheres,Blossoming Choirs
3213671,52.1025,1,57,prozac,high school crush
4881932,341.6783,6,"58,96,50,37,84,42",Rubik's Cube,Love x Hate x Indifference
4620290,42.2926,1,61,Hej Hej!,Ekspercka Kooperacja NemiBoo!
2616989,11005.0616,71,"62,66,37,77,58,23,90,85,37,71,57,98,46,56,54,29,10,17,43,54,29,21,39,16,43,91,53,60,82,98,99,73,43,4,28,16,22,8,83,83,66,71,53,96,30,90,65,60,9,36,34,7,25,65,3,56,5,97,97,78,22,52,73,24,31,45,20,34,89,20,17",Hakkensha wa Watashi,Fantasy
5068198,72.7081,4,"64,86,83,76",Symbol I : Fire,"Cruelty Gives Birth to Beauty, and the World Crawls for the Heavenly Euphoria"
5545994,36.8624,2,"66,97",overture,c y c l e s
4123080,420.244,12,"70,94,98,61,48,100,45,73,46,67,58,47",Ravensong,The Tears of the Stars
1498774,45.8263,2,"71,69",The Shift,Poignant Saudade
4778695,41.3357,2,"73,75",Guitar to Kodoku to Aoi Hoshi (Hayakou Bootleg),Omekyu's Backstage
2143181,4666.7173,21,"77,80,100,43,47,78,7,66,14,77,90,13,9,87,67,11,64,36,42,10,1",Got Me Thinking (feat. Veela),Get Yourself An MRI
2778643,275.0385,5,"78,82,62,32,46",Three Hammers,Legend Alpha
2594547,647.7184,2,"79,7",Taishou x,Extra
4278011,15.703,1,80,Beyond the Millennium,Celestial Voyage
2335757,99.9087,4,"83,58,70,79",Into The Void,Expert
3695537,14.8533,2,"90,95",Sousetsu Sacrifice,EX
4777075,3599.5015,15,"91,36,56,9,11,92,13,87,11,77,7,74,66,12,31",Morozoboy,Frostbreaker
5642488,333.3446,9,"92,83,71,40,79,88,55,58,43",Daidai Genome,Murderous
2719429,7.5557,1,94,Hijitsuzaikei Joshitachi wa Dou Surya Ii Desu ka?,Expert
4343388,147.0087,4,"98,66,41,67",semantic compositions on death and its meaning,silent lament
2279885,447.637,5,"99,62,91,24,34",Hotohashiru,Extra
1501342,455.3866,3,"100,65,14",Shinde Shimau towa Nasakenai!,Continue? < Yes / No >
4691569,828.1705,2,"6,73",Lucky Star,Stellarium
429989,238.6524,3,"30,74,85",Higan Kikou ~ View of The River Styx,Extra Stage
720590,920.2484,5,"38,14,28,68,56",Clarity (feat. Foxes) (kamome sano remix),The Song Is About a Tragic Love
1073201,613.8465,2,"40,11",Desire Drive ~ Desire Dream,Extra Stage
2235779,3604.4351,22,"52,69,44,43,28,40,23,70,93,7,19,74,46,51,15,28,4,66,69,40,66,94",Haruoto*Veil,Koe
949234,61.5998,1,53,ANiMA,Oberum Primus
2276016,903.6004,8,"54,17,54,72,59,27,40,98",With Fire and Sword (2013),Extra
2669266,526.63,5,"55,22,59,41,68",IT Is The End,Mimari's Extra
4393042,1662.1922,19,"60,94,40,52,45,97,68,100,48,24,50,84,13,36,71,95,22,70,34",AKARI BEAM CANNON LAST BOSS,TEMPORAL BLAST
2995309,1384.4621,11,"62,59,32,46,6,44,86,43,96,29,94",GHOST,Meg's Extra
2555568,311.4604,3,"63,44,27",Hanatachi ni Kibou o,Colorful
3558555,27.558,1,68,nevermore,1st Act: Origin
4352411,26.1565,1,69,Darkness Parade,Dogura Magura
3825223,1026.6364,9,"70,53,20,99,55,13,90,44,48",Endroll,Girl with an Acoustic Guitar and Birds and Bubbles
619051,23.5612,1,71,HAELEQUIN (Extended ver.),Another
2815969,21.2303,1,73,Sabaku de,Expert
2710347,160.1406,4,"74,39,69,98",Hikariiro no Uta,Meg's Extra
4134579,39.9593,3,"82,70,99",Crystallite Dream,shoyeu's Expert
1172819,3857.3363,36,"85,50,24,86,45,83,43,98,59,99,11,84,66,72,56,13,82,93,30,78,58,71,43,8,51,100,35,55,59,55,38,48,32,99,24,15",Goodbye,Intense
2094186,14151.8078,71,"87,97,94,70,93,74,49,40,95,78,79,77,18,62,41,60,31,77,71,26,66,27,17,12,19,33,37,33,22,21,50,73,14,9,95,56,33,43,78,11,85,25,42,17,33,13,24,15,46,11,14,47,62,89,23,11,6,28,8,2,17,44,48,5,29,57,74,53,2,40,7",Sad spring,Akitoshi's Expert
1577751,1903.5692,11,"90,32,68,19,38,98,47,2,24,100,96",Freefall VIP (feat. Reija Lee),Immunity
3954418,7.4366,1,93,Ura-Omote Lovers feat. Hatsune Miku,ponbot's Extra
2075704,15415.9915,77,"95,60,94,30,26,28,60,25,87,55,83,61,19,38,55,54,51,23,40,59,96,15,25,62,88,31,14,61,72,47,11,75,6,17,95,27,28,41,24,14,10,13,85,7,90,3,42,3,7,54,71,85,16,25,56,23,11,58,31,61,84,88,2,18,35,89,19,68,13,32,60,88,12,21,19,80,21",Sakura no Zenya,Petals
5107693,986.41,5,"4,94,65,57,80",Adventure Starts Here (Sped Up Ver.),craxtz's Mythical Forest
5312755,2389.4212,18,"17,63,75,82,29,27,37,47,44,59,34,87,1,63,95,51,73,88",No title -10 Years Later Edition- (Cut Ver.),Ram's Extra
4867588,7178.8396,47,"26,82,89,86,87,54,49,3,48,64,62,78,81,21,62,71,1,59,75,57,31,2,47,44,77,2,28,90,78,33,71,60,56,78,49,45,84,49,31,32,26,11,3,27,96,78,88",Bubblegum Bitch (Nightcore & Cut Ver.),Barbie Girl
4902117,136.5905,4,"51,80,77,55",Johnny Test Theme (TV Size),browiec's Super Busy Mom
5365295,75.0242,2,"55,71",Escape Rope,7-Eleven
4761696,448.4216,4,"57,16,60,70",u/n (Cut Ver.),Kuki's Extra
4822601,225.1955,3,"58,47,37",Sendan Life (Cut Ver.),Extreme
5313742,177.9942,2,"62,35",I'm Not Okay (I Promise) [2025 Mix],craxtz's Revenge
5290751,1284.6836,13,"64,87,17,27,23,99,72,68,18,100,63,90,81",Heart Attack (Rock Ver.) (Nightcore & Cut Ver.),Tylerderp & yacinehamza111's Extra
5558618,41.0071,2,"70,72",Helena (2025 Mix),Reform's Extra
4902122,1692.0221,18,"72,60,70,63,83,23,87,48,31,21,87,48,65,47,54,27,33,19",Johnny Test Theme (TV Size),Smoke's Turbocharged Backpack
4916484,883.6457,13,"73,70,94,49,34,56,34,63,37,29,77,54,46",Nevermind (feat. Justin Magnaye) (Nightcore Mix),Mekadon's Extreme
4914436,1012.5933,13,"75,90,48,48,49,74,58,86,79,72,66,7,37",R U 4 Me? (Cut Ver.),Nilou's Extreme
4933098,330.4731,6,"80,47,84,48,55,35",Decided (TV Size),Ram's Extreme
5631128,1099.028,13,"81,63,90,35,25,87,51,47,82,78,10,65,68",Believe in ourselves (Cut Ver.),Confidence
5107161,12.1605,1,83,Adventure Starts Here (Sped Up Ver.),Paradoxal's Mighty Oak
5559504,2609.55,15,"93,96,9,65,36,7,57,62,17,23,66,55,16,53,29",Bass Slut (Original Mix) (Sped Up & Cut Ver.),Adrenaline Rush
1909553,194.1244,3,"96,55,33",Walk This Way!,Extra
5307179,2001.0592,13,"98,53,48,74,82,60,39,38,50,16,43,25,1",Heart Attack (Rock Ver.) (Nightcore & Cut Ver.),Kuki's Extreme
4989720,28.235,2,"99,66",chess (slowed down & cut ver.),kuroame's rato milton
1468735,848.3131,3,"10,29,84",Excelsia,Extra
2772367,562.9928,5,"16,65,76,76,51",Tokyo Teddy Bear,Alpaca's Expert
2824039,382.1416,1,19,Breaking The Habit,Expert
3117259,344.4473,2,"24,52",Super * Affection,Venyera's Extra
884031,714.0845,4,"25,16,76,78",Abracadavre,Extra
3112822,591.0324,4,"32,18,83,94",Shiten,Collab Extra Stage
3685648,148.9888,1,36,Dance In The Game (TV Size),Promise
1432512,287.4941,5,"40,39,95,88,59",Help,Collab Extra
2658590,105.9543,1,42,Berserk,Another
5112936,944.4032,3,"43,43,4",OBSESSED POST-FRAILTY EXTENDED JERSEY MIX HOSTED BY TWERKNATION28 (NUMBER EDIT),NUMBER ANIMATION MEME
822166,120.36,2,"45,64",Viden,Extreme
2681336,85.5752,1,46,Play,Try Again
2089486,76.6442,1,48,Ready For The Madness,Breakdown
1245345,58.4175,1,53,Buriki no Dance,Delusion
3141685,44.7704,1,58,Garyou Tensei,Sulfur's Extreme
1243791,38.1834,1,61,Oriental Blossom,konG's Extra
1776935,32.6135,1,64,Chrono Diver -PENDULUMs-,den0saur's Extra
1584261,434.4643,2,"65,14",Ame to Kusari,Extra
195305,597.0161,8,"69,55,22,36,78,70,58,90",PARADISE GHOST,Extra
2231774,13966.9716,86,"74,93,96,76,44,50,60,57,78,54,88,54,57,44,42,92,50,96,35,77,18,57,88,74,46,98,23,37,29,79,20,89,32,20,15,26,11,79,38,11,83,37,6,38,59,54,71,64,6,49,29,85,56,7,19,72,87,29,34,33,77,39,4,22,27,14,35,74,20,2,8,26,61,19,68,27,67,14,33,32,13,66,3,47,75,70",Finest Sky,Kowari's Extra
501107,1741.7905,19,"75,76,61,93,73,49,75,73,30,61,17,26,83,19,39,22,43,63,62",Propane Nightmares (Celldweller Remix),Heaven's Gate
1451867,45.8825,2,"77,64",Saiyajin,Super Saiyan
1387233,818.8536,5,"80,91,59,8,29",anoko dokonoko,Extra
1242790,12.3688,1,82,Oriental Blossom,Karen's Extra
1649064,4293.8111,26,"85,67,88,77,94,23,30,10,39,15,44,72,27,16,52,8,10,79,59,45,33,47,50,41,31,17",Star!!,Rising!!
1843236,138.8593,2,"86,37",Rude Buster,Busted
134563,9.4962,1,87,F.I,Platinum
3805691,6979.7802,48,"88,47,83,50,22,76,69,62,35,57,91,19,20,47,36,29,91,24,21,46,99,71,24,28,24,81,42,9,30,35,24,60,36,55,62,76,25,59,22,28,23,62,54,28,12,18,6,68",Crazy Hot,Satellite's Lunatic
178645,8.1269,1,90,Yoru Naku Usagi wa Yume o Miru,CRN's Extra
1899986,7.7131,1,91,Jekyll & Hyde,Abyss
663992,7.3156,1,92,Bakunana*Testroyer,Nana
3686417,6.5821,1,94,Ring ! Run ! Nyan!!,Extra~!!
2272299,29.7252,2,"98,65",AIR RAID FROM THA UNDAGROUND,Extreme
1740159,5.0472,1,99,Never Wanted To Dance,Expert
963304,583.7606,2,"13,53",A Sugar Business,Lactose Marathon
559842,1851.6249,12,"18,42,26,52,67,83,70,6,25,75,48,64",Throwdown,Change
2110791,306.8994,1,23,Nanatsu Koyoto,Sakura Heaven
2956396,1832.0684,5,"29,12,1,46,30","World's End, Girl's Rondo (Asterisk DnB Remix)",I wish you don't cry
907388,850.3646,7,"33,100,91,51,14,35,59",Timberwolf,Wilderness
5658309,225.5117,2,"37,44",Wanna Be My Dream,kowari's Extra Stage
2690060,453.082,3,"39,76,18",Buriki no Dance,Expert
4477412,3472.6846,12,"41,55,24,30,2,27,31,15,87,37,7,11",Tamashii no Katari ni Michibikarete,Satellite
2213673,464.2687,6,"42,44,63,67,37,41",UNION!!,Million Power
3021515,2540.8621,12,"45,56,46,48,85,96,19,36,45,6,27,1",Lonely People (Raise Spirit Remix),Slips' Extra
2420819,2296.6685,8,"47,52,63,25,8,1,74,17",Be braver!,Make the heart grow fonder
2064235,107.1355,2,"51,57",Last Queen,Divine Remedy
4418730,59.4358,1,54,Prayer,Amefystol's Expert
962500,1006.9215,13,"55,33,40,75,42,65,48,64,20,82,77,76,43",Prima Stella,Lami's Extra
2788624,668.5419,2,"59,7",PEKORANDOMBRAIN!,Welcome to Pekoland!
4693488,8744.8372,34,"62,36,54,25,41,68,16,41,28,74,49,88,5,23,35,46,97,5,18,6,34,19,12,27,46,98,10,9,11,14,4,60,12,21",TWEEKER (Cut Ver.),Lunatic
848143,102.3239,2,"67,46",Masshiro na Yuki,Everlasting Snow
4482142,14304.9771,51,"68,61,64,74,41,38,82,39,30,17,23,92,26,12,52,5,18,21,95,19,48,9,75,12,15,10,11,63,57,14,8,5,63,62,58,32,16,8,3,4,3,11,61,6,56,59,23,7,38,40,2",Gensou wa Hakanaki Watashi no Tame ni -Shinroku-,Phantasm
4324657,714.7211,7,"70,59,83,65,7,94,98",Hana no Tou (nenpulse bootleg remix),Kanui & Komarin's Collab Lily
1043170,23.2468,1,72,Mahou Shoujo Chino (nenpulse bootleg remix),cappuChino!!
1468282,20.973,1,74,White Eternity (Soleily & Epsilon Remix),Snowfall
2309955,809.9345,8,"76,54,30,60,13,93,89,62",Mr. Kill Myself,Darkness
2725039,17.9526,1,77,Lost Without You (Boxplot Remix),Wistful
2979808,5605.964,30,"78,69,51,27,19,16,76,63,8,51,56,22,79,11,5,51,90,29,63,48,75,60,30,2,40,63,17,47,28,34",Kimi no Shiranai Monogatari,Starlight
1459108,16.16,1,79,Natsu no Owari (Soleily Remix),Eschaton
1812393,381.2662,4,"81,18,91,62",Colorful (tamame's apostate remix),Corrupted
4376760,4638.1976,12,"82,33,28,25,95,8,3,2,2,5,17,95",Killer Song,Suffering
5638683,94.16,4,"83,68,59,76",Thousandth Sky (Over Clouds Mix),Tengoku
4221806,21.8413,2,"86,85",The Game,Lifetime of Sorrow
1083643,10.6775,1,87,Searchlight,Bright World
2083422,7483.5391,48,"88,24,64,98,20,100,54,33,60,54,66,32,33,71,79,98,13,67,11,12,65,82,29,28,58,70,5,23,94,46,4,36,64,89,18,54,58,36,26,74,81,90,9,17,13,58,76,52",Mloda krew,Cold and Young Blood
2645456,586.6428,4,"89,31,44,18",Got Me Thinking (feat. Veela),Kyshiro's Extra
1580161,7.8061,1,93,Parodia Sonatina -Grande-,Prelude
4438137,38.3038,2,"94,61",The Game,Maki's Extreme
2692423,7.0243,1,95,"Kono Fuzaketa Subarashiki Sekai wa, Boku no Tame ni Aru",Extra
786018,8252.1646,53,"96,45,63,97,87,99,54,60,93,76,73,38,41,11,26,9,36,11,97,79,67,71,44,16,82,45,73,10,67,10,21,2,5,61,99,51,95,95,48,45,12,42,60,6,61,3,72,92,93,96,46,69,80",Night of Knights,Guy's Extra
2824933,1185.9733,8,"97,80,67,31,28,75,12,18",Ima Suki ni Naru.,Extra
2864629,6.0078,1,98,Anelis (Long Ver.),Gilded Heart
860793,5.7072,1,99,Colorful. (Asterisk DnB Remix),Prismatic
3592314,5.4207,1,100,Confused Telepathy,Radio Thought
2116001,261.0904,4,"51,63,42,49",Winter Diamond,Expert
2413216,47.068,1,58,Flames Within These Black Feathers,Kowari's Extreme
1093605,88.5321,2,"60,57",there are no angels here.,archangeloi.
356968,917.3865,13,"68,62,50,97,60,72,53,83,47,77,30,96,13",Towa yori Towa ni,Extra
281036,26.1356,1,69,"Anisakis -somatic mutation type ""Forza""-",ExTrA
1025551,142.6696,2,"71,36",GATE~Sore wa Akatsuki no you ni~,Darkness
1755497,459.7071,6,"79,70,29,83,56,30",Junshin Always,Extra
2456288,990.9554,14,"82,64,71,57,45,39,76,45,93,87,10,59,75,74",Artifact,Extra
1725588,537.4325,10,"83,100,30,95,57,96,62,57,32,54",5150,Sotarks' Cataclysm
3069848,1264.615,19,"90,92,89,39,48,21,59,44,96,55,20,54,88,67,61,91,39,67,65",Mou Ii kai?,Expert
5028070,7.0842,1,94,Sunglow (Happy Hardcore Style),Daybreak
3385230,799.3632,7,"95,26,92,43,17,70,66",Akatsuki Zukuyo,Moonlight
1085026,21.1222,2,"98,76",Kakushigoto,Extra
4821683,361.2062,4,"39,86,34,40",Cellar of Ghosts,Reconciliation
4143494,9246.1717,49,"42,16,11,15,68,32,63,25,75,47,12,44,59,30,85,2,23,96,18,42,65,61,79,3,53,61,83,62,86,3,21,9,12,99,53,30,96,92,53,10,54,48,93,16,23,49,56,34,34",JAMMER,Sh4rq_'s Extreme
5495738,88.1212,1,46,Angreifer,A Death That Expresses Happiness is in Itself a Parting Gift
4900888,615.6526,5,"47,62,22,33,51",Faded Winter,Maple
4643192,2514.4178,19,"54,64,21,59,72,64,66,65,4,59,16,50,46,47,29,70,37,78,17",Mortal Shells,Melancholic Wish
4959866,3641.704,42,"62,34,93,10,78,98,51,41,69,94,39,90,79,52,64,68,61,61,52,69,73,94,93,24,41,22,26,42,58,43,42,54,33,37,23,45,94,38,33,20,46,74",Galactic Astro Domination,Universe
3933443,22.3398,1,72,Skyless (feat. Jeff Loomis),Hope
1529189,2513.7731,34,"82,85,76,90,49,81,47,66,85,78,99,83,69,58,77,85,49,98,80,50,92,46,14,31,27,56,38,28,50,37,70,5,44,76",Painters of the Tempest (Part II): Triptych Lux,Reveries from the Stained Glass Womb
4303291,1785.7167,20,"84,18,80,48,43,22,88,89,93,79,74,61,56,14,77,47,37,36,34,63",Herald of Aegir,Sh4rq_'s Torrential Desecration
5319470,16.6093,2,"85,96",My Heart Will Go On,Livermorium's Extreme
2173528,6444.8677,45,"98,73,15,12,10,84,95,42,7,46,82,37,35,15,80,34,85,58,71,53,48,14,36,57,50,38,41,70,32,52,61,72,92,32,61,38,22,24,6,41,63,61,37,76,32",WINGS OF JUSTICE,FLYING TOWARDS JUSTICE
4747925,233.5655,1,28,Tsukitourou,Lost
1836593,208.4243,4,"35,79,80,70",GET BACK,Sotarks' Cataclysm
1649989,542.1323,4,"43,22,84,32",ReI,Mir's Extra
4791393,317.4111,5,"44,60,65,53,41",Song That Might Play When You Fight Sans,Nymphe's Extra
2750570,561.3752,4,"49,93,16,40",ONE-MAN CIRCUS,ONE-MAN CIRCUS
4419700,3789.668,12,"52,16,66,23,35,13,7,33,4,18,40,20",Euphorium,Touch Of A Distant Dream
3392673,303.8505,2,"63,24",Gloria,Prayer
3965572,34.5839,1,64,Sakebe,Sekai's Tragic Love
2064450,172.7233,3,"73,75,34",Blood on the EDGE (TV Size),EXTREME
4003023,73.0778,2,"85,50",Sakebe,browiec & torriru's Nightmare
932432,369.1664,5,"89,24,90,53,63",Dear Brave,Special
3579281,81.1721,3,"95,54,71",Aoiro Step,Kumocha's Extreme
5547377,73.6132,1,47,BPM210 no Shanghai Alice (Instrumental),EZGI'S EXTREME
1517653,16.1242,1,74,FUCK YOU!,Expert
4001452,2382.0076,32,"76,21,73,80,60,57,83,99,35,70,71,72,88,49,56,66,22,28,97,80,28,63,22,33,98,52,40,41,89,54,45,24",10 Things I Hate About Ai no Sukima,3 - You've Still Got Extreme Issues
4507305,307.8351,12,"84,77,71,61,93,77,94,54,43,66,92,58",Oato ga Yoroshikutte... yo! (TV Size),Yoi!
1468467,24.3473,2,"87,75",70cm Shihou no Madobe,Ultra Instinct
4694221,503.0325,5,"89,42,63,59,15",NE PLACH',tacoyaki's expert
5263890,2082.5404,15,"92,43,23,39,11,79,38,12,23,100,93,42,47,73,38",FAITH,SHOYEU'S EXTRA
2164997,14173.6135,95,"8,38,28,94,76,22,96,77,78,63,71,86,84,46,19,30,81,77,8,34,64,36,98,57,86,51,39,33,35,58,35,51,16,24,33,51,27,64,94,41,93,41,65,59,23,75,43,24,21,60,21,36,39,50,93,59,33,65,29,18,87,9,46,32,85,9,64,54,19,27,65,44,19,92,33,8,42,41,8,70,32,88,28,97,12,13,10,52,99,98,95,15,50,9,9",Start Again,Sotarks' Repetition
3023414,687.9354,3,"11,51,54",Mochio-,Fatal
3215934,3075.7731,24,"27,58,70,13,76,40,99,67,93,57,38,73,96,68,40,54,56,27,64,55,64,33,5,4",I.F.,My Loneliness Grows as the Moment of Farewell Surrounds Us
1594266,316.9163,5,"30,60,87,50,89",SHIORI,Panternal's Kokorowatari
1690355,1235.3815,9,"31,94,58,80,30,23,19,30,45",Super Driver,Fiery's Extreme
2622787,2498.6967,17,"33,27,20,74,89,10,63,56,52,39,87,63,15,32,17,64,80",In Aeternum,Benedic Anima Mea
1843653,1366.5512,11,"35,96,35,97,34,6,44,49,62,92,88",quaver,Fiery's Extra
2791233,4231.7351,26,"36,70,48,51,92,88,59,85,11,42,12,5,43,52,55,12,32,66,70,57,50,21,9,48,21,66",Oxalis,Wizllia
652234,4184.7968,14,"42,100,82,34,20,95,3,5,25,95,16,6,56,5",Piranha (Maffalda Reloaded Trap Mix),BD's Gangsta
4669413,1452.9765,15,"44,78,72,70,50,72,64,36,14,52,91,12,87,62,35",Bang Bang,Class of '09
2022204,6807.2624,35,"46,51,94,20,56,39,91,96,43,52,36,15,41,8,26,11,49,4,87,5,6,37,77,53,20,12,21,88,91,22,21,92,66,47,44",Totsugeki Rock,Sotarks no Jutsu
2237466,4936.4848,72,"47,94,11,47,96,88,78,8,3,20,79,66,45,79,78,88,68,78,32,70,98,70,56,67,83,86,80,75,83,93,93,81,55,73,57,37,44,98,39,51,68,41,30,63,34,52,76,51,91,86,73,64,71,69,70,42,54,61,54,84,68,63,85,47,39,55,78,72,42,77,47,60",Yume Chizu,Dream
3135149,97.9836,2,"48,71",Flamewall,ETERNAL SACRED FIRE
3727508,1323.3759,13,"49,37,69,14,99,99,90,36,56,95,69,22,30",arcadia paroniria,Lovelorn
2185824,8920.8723,56,"51,50,100,56,84,36,73,69,95,27,46,57,34,44,12,50,94,52,17,34,76,18,29,66,34,3,97,42,70,35,86,82,43,45,19,72,95,77,2,98,23,33,31,50,73,9,4,78,46,6,85,1,77,14,71,76",SANTA SAN,1-2-SANTA
3392208,4760.9778,29,"52,74,26,33,65,100,73,7,22,19,40,67,11,65,69,11,34,96,37,50,84,47,85,5,58,20,15,96,36",Sky of Twilight,Atelier
1759814,626.6847,7,"54,75,32,84,74,74,15",Hoshi ga Matataku Konna Yoru ni,Starlight
2556347,150.3606,5,"57,54,68,76,89",Meiji Juushichi-nen no Shanghai Alice,Chaos Dance
1875396,673.4826,9,"59,75,99,65,77,83,60,12,53","Natsu no Owari, Koi no Hajimari",Flowers of the Night Sky
2109961,429.3655,8,"61,29,71,37,88,97,71,78",AugoEidEs,Agony
2485438,1038.5185,15,"62,15,30,75,65,46,94,64,78,77,33,60,87,96,91",I'll Sleep When I'm Dead,Cataclysm
3144568,181.0138,6,"64,47,58,100,71,92",Keelhauled,GIVE NO QUARTER
724015,2096.1347,28,"66,80,78,72,95,41,23,38,69,77,82,28,76,75,15,50,75,83,93,84,8,100,48,52,49,91,54,68",Toumei Elegy,Ultimate Reverberant Gonkanau
1944926,770.3598,10,"68,100,49,61,19,51,31,88,58,57",Colorful,Prismatic
2625911,371.6958,9,"69,62,26,90,66,88,78,85,61",Zutto Summer de Koishiteru,Summer Love
1857519,1111.1332,8,"70,82,88,63,21,56,16,15",quaver,Nevo's Extra
2674297,480.153,9,"73,45,61,49,43,37,83,88,47",Lament moment,Ex_Death_Hell
1969946,4124.1134,30,"75,64,60,48,99,44,27,11,99,85,94,15,73,92,22,99,43,99,11,88,77,42,37,17,51,93,70,47,8,4",Chikatto Chika Chika,Sotarks' 1+2 IQ
1861487,3940.6753,32,"76,56,3,43,67,65,32,28,85,23,97,39,68,24,94,53,55,16,96,51,51,34,66,37,23,61,24,56,97,99,24,34",Euphoria,Ultimate Power
1432943,676.8219,9,"77,85,92,87,97,25,78,91,13",Hoshi o Kakeru Adventure ~ we are forever friends! ~ [Long ver.],Imagined Voyage
820619,152.8989,3,"78,56,39",Get Jinxed,Mismagius' Challenger
2518847,5570.5327,30,"79,97,85,61,55,9,39,18,24,52,82,30,65,34,4,62,4,73,60,77,93,99,74,3,4,93,80,100,5,89",Today is Gonna be a Great Day (TV Size),Turtle Unicorn
2332088,163.4881,4,"80,93,65,35",Kegare Naki Bara Juuji,Anguish
924337,72.7116,2,"81,53",Seventeen RPG,Final Stage
1776628,74.7804,3,"83,51,88",The Pretender,pkk's Extra
2567738,523.297,3,"85,43,15",Kira Kira Days,Shiawase!
791274,1742.4623,36,"87,93,83,67,39,72,90,57,64,56,67,52,73,51,34,46,41,62,46,36,72,50,66,48,62,100,68,50,93,37,41,28,47,69,67,88",burn this moment into the retina of my eye,extra
2368880,6080.0658,44,"88,84,87,58,61,37,19,74,74,60,100,56,34,45,23,18,50,19,74,74,68,68,22,17,78,27,14,43,6,7,40,66,78,75,22,82,64,15,78,31,80,89,6,99",Kimi no Shiranai Monogatari,Celestial Night Sky
1193449,159.1793,2,"90,33",High Free Spirits vs. DREAM SOLISTER,Kalitarks' Hibike
2252249,73.7028,5,"91,76,78,65,93",Grievous Lady -nothing is but what is not-,Anomaly
1983406,4081.528,32,"92,74,79,70,85,60,38,21,69,87,79,23,94,49,75,84,55,27,78,67,58,86,6,11,12,26,27,22,92,15,19,51",Colorful,Fiery's Extreme
1612329,55.3706,4,"94,84,61,94",Time Trials,Effervescent Adventures
1763013,2748.1259,35,"96,72,60,93,81,14,91,41,43,44,65,99,50,63,69,21,88,98,26,89,67,88,78,72,85,90,80,37,51,29,54,57,18,10,95",Ame to Asphalt,Rain
1501472,1182.6939,9,"97,90,50,83,31,39,9,58,20",Holdin On (Skrillex and Nero Remix),Immortal
142145,31.6945,3,"99,69,100",YuYu Metal,DoKo
2149819,3715.3082,36,"100,95,98,73,69,62,54,62,52,59,56,47,36,54,78,40,99,20,15,34,59,37,40,62,28,77,12,99,5,79,55,24,29,31,56,81",JUSTadICE (TV Size),Onlybiscuit's Black Hurricane
5224739,4401.9629,18,"1,62,89,96,26,45,96,54,86,90,34,1,30,18,18,3,38,48",Angry Birds Original Main Theme,Poached Eggs
1570203,8430.0778,34,"9,30,79,94,33,100,77,54,14,13,7,14,82,7,63,52,1,69,37,11,16,62,50,56,27,28,1,78,31,33,4,49,43,24",Last Goodbye,Determination
4131123,599.5586,4,"18,45,95,37",kuuchuubunkai,yuu_u7
1754266,497.0166,3,"22,48,41",Rubik's Cube,"43,252,003,274,489,856,000"
1607736,608.5825,4,"24,43,61,27",Dead To Me (Instrumental),Rest In Peace
1093703,2227.659,13,"27,66,66,75,67,48,12,92,26,50,13,98,5",Unmei no Dark Side -Rolling Gothic mix,FreeSongs' Rolling Hell
4875601,323.5156,2,"33,31",Hartmann no Youkai Shoujo (Synthwave Remix),Extra Stage
4312018,131.1837,1,38,Shuuen no Kane,Regret
5668439,1951.939,8,"48,52,95,16,3,8,61,96",Wing my Way,Endless Sky
2813781,12240.3742,71,"49,82,77,90,92,80,64,86,37,11,45,19,48,15,16,24,17,86,67,20,15,30,11,82,32,46,28,57,90,96,59,49,12,78,44,10,10,39,28,18,36,81,5,15,15,39,87,77,92,78,33,38,94,53,55,40,52,6,32,74,5,47,3,32,26,20,39,35,67,93,61",Necro Fantasia,Lunatic
2796473,7456.2436,55,"51,77,86,69,52,91,81,92,76,73,75,81,57,43,33,60,100,98,86,66,96,62,89,11,91,29,76,11,90,96,84,27,64,81,7,23,73,22,62,20,75,13,89,15,33,7,20,96,6,96,33,45,12,23,10","Star light, Star bright (TV Size)",Destiny
970331,114.4329,3,"53,83,54",Soukai Rock,SMASH!
2744035,153.8283,2,"58,40",Rubik's Cube,Lalarun's Extreme
3450065,471.0144,3,"60,36,21","ALL MY TURN -Kono Turn ni, Ore no Subete o Kakeru- (Game Ver.)",Everything Kaleidoscope
3082601,48.465,3,"61,100,91",MAKE A LOSER (inst),Virtue
1778268,1028.94,14,"63,67,68,35,91,66,95,96,95,45,16,19,55,92",Wing my Way,Endless Sky
2546306,1913.225,12,"64,30,44,40,9,16,94,48,73,72,11,99",Black Rover (TV Size),Aspiration
1227359,775.103,5,"66,98,72,4,93",polygon,Bonzi's Ultra
1817464,79.728,4,"69,92,54,92",G e n g a o z o - f o o n,Extreme
1626537,1054.6526,22,"70,97,85,90,82,69,44,73,88,72,68,32,20,54,73,76,38,83,82,30,90,83",Happy Time wa Owaranai,Sotarks' Peace of Mind
2462439,125.0646,3,"71,97,40","Pink Kurage to, Sotto, Kiss o Shita.",I gently kissed the pink jellyfish.
3837892,20.9434,1,72,Saigetsu (Koko & Satsuki ga Tenkomori's Sagyou Bougai Remix),GOBLIN BONANZA COLLAB!
3690393,17.8675,1,75,Tsurupettan (Game Ver.),UberFazz's Watermelon Extra
837567,98.3468,2,"80,43",Way Too Deep,Settling Down
730865,25.989,2,"81,78",subconsciousness,KILL
5646729,9.4739,1,87,Ryuu to Shoujo to Decoherence,quantumvortex's Ultra
2176783,965.2265,7,"88,17,59,38,37,23,47",Halloween of the Dead,Extra
3533716,3891.2038,58,"89,78,84,35,64,40,53,69,87,73,94,25,87,56,98,27,37,64,82,12,89,53,68,72,75,75,85,66,59,33,96,18,80,22,89,84,88,72,93,45,75,38,89,85,51,64,97,18,100,87,92,77,68,15,40,86,90,24",Suikyou HEAVEN!,!
2911355,2016.8562,18,"90,74,44,44,73,99,78,12,28,62,81,57,45,43,35,77,2,88",Tsuioku no Kuroki Makenshi,Determined
5589234,1953.6809,10,"94,30,81,17,20,35,82,15,42,10",down,G O D
1179007,1047.2173,14,"95,74,91,74,47,66,90,66,21,61,24,20,56,70",Halcyon -Long Version-,ONE DIMENSION
4848181,4038.922,31,"13,20,23,81,5,69,53,91,45,24,60,73,71,38,89,82,93,39,53,85,80,45,33,65,97,3,85,77,34,64,32",Arcadia (Short Ver.),Impossible
914237,4833.8957,48,"18,5,88,86,83,78,92,57,74,64,99,75,80,52,59,52,70,78,69,28,58,37,47,49,80,67,53,43,47,45,38,29,57,32,64,39,23,80,45,42,47,54,18,42,35,11,13,87",RUN!RUN!RUN!,Water Board
2169502,925.2184,7,"22,54,74,97,57,11,66",Sakura no Uta,The Happy Prince
1791443,536.3748,5,"25,30,62,62,100",Kagerou Days,Kagerou
5638633,1962.6535,8,"47,3,71,13,59,53,28,27",Pist*SMILE NonStoP!! ~Kagayake Ashita no Star Daisakusen~ (Short Ver.),Impossible
179758,1027.1942,16,"49,53,89,17,93,57,96,40,77,49,78,85,96,34,85,43",Placebo Dying,ExtrA
806017,247.0317,7,"52,54,90,78,50,57,94",Hikouki Gumo (el poco maro DnB EDIT),Path of Wind
2034057,3497.8023,30,"59,82,75,96,80,45,47,13,58,26,41,91,85,33,16,39,16,11,45,99,94,11,45,30,94,88,100,98,37,56",Cherry Bomb,SquareTude's Extreme
431957,653.579,7,"63,46,22,27,65,72,88",Kanshou no Matenrou,Eternal
2041598,609.4859,4,"72,88,9,51",DREAM SOLISTER,SkyFlame's Melody
4203275,16156.6461,99,"74,37,73,88,70,100,51,39,41,78,65,86,11,53,77,9,64,69,30,52,82,68,30,62,6,66,78,53,85,22,34,31,32,56,65,60,63,31,53,47,40,57,56,30,29,22,30,29,41,44,18,12,32,42,20,17,11,75,38,84,43,7,85,11,47,75,33,37,20,19,59,31,62,17,39,13,38,25,38,11,13,34,88,40,10,48,35,80,50,41,12,12,9,45,28,18,12,9,66",L'erisia (Primary Logic),Ristaccia
2315263,1249.7329,10,"76,84,76,9,27,37,87,25,84,53",Thousand Lights,Forgive me
796606,16.2105,1,78,Sumidagawa Karenka,Extra
2270770,11.2502,1,85,The First Star,Expert
1778560,3206.4671,22,"86,68,99,77,76,90,25,13,66,6,62,92,98,71,29,86,62,4,38,8,56,51",Daisy Blue,Hope
3520087,9.5902,1,88,Apollo,dahkjdas' Extreme
611753,8.6216,1,90,perthed again (yambabom remix),Zapy's Extra
1659530,7.3789,1,93,Q&A Recital!,Emotions
1510355,22.1454,3,"94,98,85",5150,Extra
2428358,7529.6249,67,"98,94,67,75,76,97,81,74,54,72,42,86,80,83,36,85,58,21,85,77,47,65,72,94,99,74,100,40,77,52,36,44,39,43,84,21,52,35,95,86,22,32,57,33,56,76,15,68,47,28,64,5,23,16,9,94,27,87,11,9,79,100,16,20,8,69,75",Yubi Bouenkyou,Sotarks' New Adventure
1868547,243.0261,5,"99,99,89,26,98",Reizouko Mitara Pudding ga Nai,Alphabet's Extra
4445715,1245.458,3,"3,31,60",Blood Kingdom,He Who Shall Not Forget
4884881,1359.8736,5,"19,60,90,2,51","Reach for the Moon, Immortal Smoke",Eternal Phantasm
5571670,5455.4452,16,"39,14,35,8,48,21,65,63,42,34,23,1,79,5,5,2",A Tale Of Salt And Light,Salvation's Denial
4691635,800.5729,12,"46,53,34,22,81,92,38,75,95,53,53,82",NE PLACH',fate
4992091,867.6696,6,"54,22,27,78,49,25",Force-Fed,The Devil Feeds on Misery
4235605,1916.3335,13,"58,32,93,4,44,46,52,62,56,20,33,26,58",The Fool,Val's Despair
4689818,3059.631,18,"66,95,31,31,92,29,80,97,56,15,9,54,10,56,55,16,18,88",Midtvinter / Obsessis a Daemonio,Kreuzigung
2797918,3390.2919,35,"77,85,55,49,68,44,71,77,41,56,95,21,52,50,28,94,53,98,94,11,63,89,8,21,61,84,89,74,19,56,64,28,52,29,39",Embraced by the Flame,Disintegration
4207215,5707.5575,56,"79,45,95,96,61,62,74,62,43,71,69,36,63,71,45,40,35,46,94,62,18,79,96,46,45,75,63,29,69,14,22,16,47,48,73,36,54,54,17,68,13,23,26,89,19,31,46,97,76,31,23,22,79,93,30,79",Ningensikkaku,Gone
3548649,4084.2696,32,"81,80,58,79,24,56,74,82,29,90,14,98,45,24,23,6,85,47,11,66,96,48,66,29,55,2,72,98,65,56,83,32",FN .380 ACP#19074,DOBRODOSLI U SARAJEVO
5016427,1964.404,27,"87,51,74,44,94,87,37,45,59,55,37,52,27,17,93,73,93,28,61,55,81,28,67,66,70,84,25",Stop Saying We Sound Like Dragonforce,Not Glorious Legender
1889232,2954.4538,24,"96,62,12,50,84,30,78,48,82,29,35,47,68,10,76,36,85,80,82,99,22,4,45,95",FREEDOM DiVE [METAL DIMENSIONS],METAL DIMENSIONS
5001515,2741.5396,28,"97,75,90,56,77,90,89,49,29,83,67,99,22,62,18,80,79,45,98,94,81,15,10,45,6,89,52,77",Icyxis,Sh4rq_'s Extreme
5036212,1378.8976,8,"99,38,32,20,24,16,30,85",Amore - Aoboshi -,Destiny
5527962,1033.7394,2,"7,22",Ixion's Torment,Brak'Tal O'Minn
5428054,2141.5796,5,"12,58,7,65,2",The Unbound,Sh4rq_ & aly's Abhorrent Amalgamation
5119405,1343.0876,2,"15,4",Pareidolia,The Faceless
5601219,598.2619,2,"21,25",Kingborn,I AM THE KING OF THIS WORLD
5658166,243.9131,1,27,The Hypocrisy,The Deceived
4755428,773.1934,4,"28,49,16,72",...And I Return To Nothingness,An Inevitable Fate
555797,6344.9722,58,"35,27,85,98,60,28,12,99,12,94,9,40,76,93,62,47,84,81,31,90,63,85,66,56,62,26,53,41,58,26,66,69,58,32,97,98,31,62,84,62,30,22,18,29,75,15,57,65,56,11,92,31,44,61,23,75,50,52",Everything will freeze,Time Freeze
4917483,170.2472,6,"39,84,86,92,99,77",And Through The Fog She Spoke,Prolific Agony Collab
4112173,829.5807,7,"59,33,49,90,37,40,17",Forgotten Kings,Ruler of Nature
5126514,496.728,4,"63,93,16,46",Campanella,Harmony
5017283,2390.554,8,"66,42,12,67,26,1,78,11",Locked Girl ~ Shoujo Misshitsu,Philosopher's Stone
5650592,24.6587,1,69,In Darkness,Between Mountains Of Deliverance
3916356,2540.7557,14,"77,99,71,18,22,98,95,94,3,65,54,8,25,24",Don't Tread on Me (Harlem Hellfighters),Black Death
4746251,15.3659,1,78,Destroyer,Immolation
4193382,212.7272,5,"83,56,51,50,61",A Tale Of Salt And Light,Salvation's Betrayal
4215263,771.5479,10,"86,24,52,82,64,39,93,90,99,22",Mit Gott fuer Koenig und Vaterland,Razor's Edge
4767955,8.129,1,90,Words (feat. Laura Brehm),We're saying more than words
4852515,1952.7037,17,"34,83,58,49,59,83,39,33,86,51,57,35,78,53,68,29,1",Kuusou Mesorogiwi (TV Size),Extra
2368758,3390.4259,16,"56,83,12,47,61,13,52,40,6,25,61,8,50,16,61,36",UNION!!,Castle of Dreams
4774005,289.5554,7,"61,80,42,58,65,44,91",Zettai Tokken Shuchou Shimasu! Hoshi Syoko Solo Remix (Cut Ver.),Omekyu's Extra!
1896447,815.763,5,"66,9,47,93,32",Sorairo Picture,Melancholy
2178147,1505.746,12,"70,83,58,18,92,19,28,70,21,92,52,31",Songs Compilation,Stargazing Eyes
5271738,658.289,7,"91,98,25,17,80,93,68",Of Our Time (osu! Edit),Paper Skies
2256823,1315.6172,13,"93,47,87,83,70,33,53,30,81,54,4,71,63",Mitaiken HORIZON,Sunshine
3320987,1288.5606,7,"96,5,42,39,31,65,99",Tsukinami,Fragment
4633754,145.3073,3,"52,55,64",Plasma Gun,Astronic's Extreme
1955042,7753.8689,28,"54,44,8,48,33,24,69,37,15,26,64,1,71,13,56,34,46,31,4,58,9,35,100,16,12,94,1,4",Kowareta Unmei o Tsumuide,Satellite
4796487,172.9325,2,"57,38","Pain Remains I, II, III",The Apparition
4765626,31.8042,1,65,Wolf & Raven (Cut Ver.),Dread
2496646,1126.9689,15,"66,47,94,84,95,96,85,50,77,93,24,7,60,59,53",The Deceit,Agony
4791284,10254.4335,49,"85,76,19,45,62,35,25,55,42,98,55,34,67,35,42,89,46,28,44,40,46,20,8,11,85,89,76,42,71,67,6,15,13,19,5,21,87,86,71,8,5,26,4,93,7,6,27,25,60",Sentou! Gym Leader,Challenge!
1750943,144.1717,2,"93,33",Help,Collab Extra
3055877,2497.471,38,"12,77,69,97,63,53,65,47,81,45,97,99,51,86,86,36,71,62,84,96,50,51,96,89,71,30,100,80,43,45,97,66,19,71,15,38,91,39",CHOIR JAIL (TV Size),EXTRA
3669201,2604.3338,46,"14,71,98,84,82,55,74,78,53,62,58,77,65,54,53,68,66,32,65,70,79,75,48,68,46,60,83,36,73,58,98,34,44,69,86,41,26,53,79,81,26,90,46,35,91,42",United (L.A.O.S Remix),Everlasting
2606880,1578.5882,35,"33,64,12,85,84,79,80,57,100,75,70,70,96,62,67,63,98,77,92,72,84,86,64,45,51,87,37,87,55,45,85,63,73,37,61",Xevel,Extra
3015347,134.4666,3,"44,63,75",Twilight Symphony,Crescendo of the Night
1744385,3526.3384,27,"53,83,49,74,28,69,96,14,56,19,95,46,96,24,77,93,70,10,22,44,63,79,1,67,35,43,85",Storytellers,Akitoshi's Extra
2156842,1329.9985,27,"57,94,75,92,73,65,73,92,38,92,89,45,86,70,42,39,82,65,95,36,61,28,100,21,69,34,68",Sidetracked Day,Daydream
5574915,139.1955,4,"61,94,60,48",And The Vulture Beholds,Crumbling Ascendancy
896474,108.6152,6,"65,76,66,69,90,92",If You Can't Hang,Extra
1246395,8182.0594,73,"66,97,93,88,99,63,86,51,68,64,76,89,28,61,49,47,64,48,54,37,42,82,48,69,45,23,36,33,57,92,46,86,93,100,13,35,40,18,90,98,50,35,23,52,8,65,27,59,53,32,7,49,13,48,68,86,72,16,55,64,83,47,41,80,37,35,19,18,83,81,14,22,5",Kimi no Shiranai Monogatari,Our Story in the Stars
3874766,352.1373,13,"70,96,75,60,87,100,62,46,49,69,93,43,86",10 Things I Hate About You (Sped Up & Cut Ver.),Extra
4354184,30.6125,2,"71,86",In Excelsis / Nova Era,Inner Paradise
1578009,903.7285,13,"72,83,65,92,72,72,85,65,41,29,35,30,24",Teo,Extra
1554502,4294.3936,41,"73,89,94,95,86,52,44,68,97,39,36,41,61,61,48,62,84,30,46,94,20,16,64,29,24,19,71,15,98,78,65,86,59,20,28,19,43,32,98,97,11",Songs Compilation,Marathon
2469346,17.5602,1,75,Yubi Bouenkyou (TV Size),Glaceon's Extra
209276,1659.9997,22,"77,99,84,72,62,64,96,42,93,39,26,39,13,24,46,46,99,57,44,99,58,92",End Time,eXtra
3630306,15.0106,1,78,Itsuka Otona ni Nareru to Ii ne.,Not Classic Extra
1942218,193.1393,16,"79,77,98,93,93,92,70,89,69,57,89,73,100,74,83,74",CHOIR JAIL (TV Size),Extra
847314,558.9892,25,"81,76,66,96,56,77,64,58,50,98,85,49,57,93,66,66,98,69,85,93,76,83,63,43,72",Tower Of Heaven (You Are Slaves),Extra
2803332,166.1357,8,"85,63,99,58,77,74,81,54",Ganbare! Kumoko-san no Thema (TV Size),emu's Extra: Zoa Ele
910147,96.7779,6,"88,78,83,61,63,95",gabe power,Brain Dog?
777055,5091.1492,61,"91,67,73,53,71,60,51,45,64,67,61,83,30,99,43,53,74,69,84,60,61,70,46,66,66,95,66,58,49,47,41,49,38,62,81,30,17,60,32,40,61,20,23,52,37,32,45,99,15,31,54,30,95,22,92,14,32,17,58,71,87",YELLOW TRICK,oko's Extra
2059943,1551.2037,23,"93,97,97,72,97,93,67,80,50,73,58,43,98,25,62,61,54,28,38,27,22,97,26",Harumodoki,Shizuku's Special
1156927,5.1919,1,98,Azurite no Hitsugi,Istoria
5036611,247.2173,5,"59,96,31,69,69",Sukisuki Zecchoushou,Affection
2405862,1463.5359,19,"76,99,76,87,88,54,61,67,88,11,65,77,41,9,79,43,98,90,43",Judgment Day Has Come,BMD's Expert
1097543,1859.0311,14,"99,14,73,53,66,94,33,67,22,25,22,29,24,53",Necro Fantasia,Lasse's Lunatic
5062973,477.0231,6,"27,43,97,43,72,66",THE WORLD REVOLVING,Incomprehensible
1943046,2526.3904,25,"36,42,12,65,21,89,60,40,57,95,31,55,71,75,99,26,72,43,19,57,81,35,94,49,44",Gekiai No Yobigoe Ga Dekiai No Sakebigoe Wo Kurau,Defiled Love
4441853,688.7704,13,"41,93,62,47,42,68,97,75,57,60,51,25,95",WE LUV LAMA,WUV
1745634,688.0291,8,"47,72,80,15,63,82,33,66","Koyoi wa Hyouitsu na Egoist ~ Ego, Schizoid, Beat.",Yorigami
4337668,1545.1751,23,"52,63,87,43,32,93,77,90,100,76,93,52,96,80,73,21,100,10,35,69,99,33,91",over the top,interstellar dimensions
5258745,4708.3392,27,"53,81,86,28,71,79,92,40,14,5,88,22,54,13,11,53,44,91,28,33,30,54,7,43,94,66,14",FAITH,REVERENCE
1954900,5945.3807,56,"63,55,36,60,34,53,96,55,82,24,60,89,83,87,64,56,44,23,78,43,22,57,100,39,87,66,63,65,76,58,47,48,55,28,26,12,92,56,48,4,56,47,23,60,35,37,4,61,39,52,63,86,18,18,47,76",benzo (with me eternal),forever
3088767,2368.7184,24,"68,33,87,44,60,51,46,82,32,77,54,72,11,59,100,29,10,31,32,89,97,41,95,84",Braking Down,The Dawn that Breaks the Sorrowful Moonlight
3769324,73.0322,4,"69,62,83,95",Justability,"For This Moment, We Will All Overcome Anything."
3310526,203.9087,9,"70,92,100,88,90,37,82,64,98",Densetsu no Sabori Shinigami ~ Make a quick escape,Extra Stage
3802584,915.7998,9,"71,31,75,22,24,57,45,82,61",Lies in Reality,Reflection
2077119,3568.1154,49,"76,44,82,67,100,89,61,73,47,27,81,64,67,95,68,69,45,71,92,54,38,65,23,33,97,87,65,67,91,29,22,68,51,21,36,46,69,84,59,19,69,13,85,68,81,92,14,89,62",Louder than steel,NiNo's Extreme
4690436,403.914,4,"79,86,15,97",Electric Angel,Remote Control
4913726,13.2632,1,81,Icyxis,5d's Ultra
3320181,38.048,2,"83,64","Destroy, Destroy, Destroy The Happy End (Cut Ver.)",Deconstruct The World
3747453,1762.4962,9,"88,4,48,38,87,9,54,44,64",Shinkou wa Hakanaki Ningen no Tame ni ~ Jehovah's YaHVeH,Camo & Winter's Extra Stage
40017,727.96,7,"92,58,58,30,56,100,13",Made of Fire,Oni
1570269,2432.6706,25,"93,65,52,53,42,67,12,37,47,76,84,94,42,25,19,18,100,62,66,34,44,36,48,74,42",Uta,Leftover Soul
5698524,35.4188,3,"94,91,67",My Heart Will Go On,Maki's Eternal Heartache
4054471,178.4601,10,"95,82,48,91,66,97,99,96,100,58",Fata Morgana,Dark Binding
5628855,519.8591,9,"97,56,52,98,96,97,16,72,63",Chronostasis,Vibrant Petals Flutter in The Air
3504206,697.7785,8,"98,51,92,38,51,73,16,50",Omoide Kakera,Trying to Grasp onto Your Reminiscent Mirage as My Consciousness Fragments Away
1861434,1880.9302,15,"34,98,17,60,65,72,49,61,57,11,45,27,16,67,83","Haishita Shoujo wa, Haiyoru Konton to Kaikousu.",Desolate Soul
4774712,240.8654,2,"48,31",Tensei,Redemption
714001,253.3538,6,"51,93,48,61,56,53",No title,jieusieu's Lemur
1294935,3025.5296,16,"54,2,75,5,84,90,46,49,32,7,36,40,95,88,71,69",Inside the Winter Storm,Legend
1528015,421.1286,9,"61,24,77,80,98,64,66,98,64","Yomi yori Kikoyu, Koukoku no Tou to Honoo no Shoujo.",Marathon
2493793,175.5965,4,"67,94,41,59",Rude Buster (Camellia Remix),Final Chaos
2868674,24.3702,1,70,Okurina -Inochi o Aoku Mimamori Nemurina-,Kyoufu
4216778,102.2089,3,"77,46,94",Mesheer,R3m's FINAL
4235907,1245.2423,11,"80,45,12,79,98,96,58,83,75,43,11",Kizuitara Shunkashuutou (Cut Ver.),Akitoshi's Cataclysm
571981,2134.6208,12,"81,90,30,58,88,53,3,85,12,94,8,71",When Innocence Is Just A Mask,pishi's Extra
3337690,10.3806,1,86,I AM,The Alpha and Omega
1640219,7.1813,1,93,Tsuki to Hanataba,Extra
399756,683.1941,9,"94,93,86,80,88,72,71,7,68",Nee William,Extra
3645578,143.2379,5,"93,100,41,65,100",The Empress,"Ultimate (feat. ItsWinter, Sayuka & Dabbe)"
3007920,2553.2319,23,"22,65,22,75,63,24,54,32,44,91,71,35,31,42,35,73,29,13,38,36,70,77,86","Chug Jug With You, but i can't anymore",Extra
4869100,1175.9713,6,"62,55,24,2,73,61",Montage Girl (Cut Ver.),Collab Extra
4861021,89.7075,4,"64,84,54,90",Favorite Liar (Cut Ver.),Kuki's Extra
4881960,135.5211,5,"76,64,66,48,94",klik klak brazil strelyayet,FUFLA'S EXTREME
4908548,110.5363,3,"80,91,41",Johnny Test Theme (TV Size),Tylerderp's Neat Freak Dad
5282180,6316.688,32,"85,85,79,37,68,16,4,11,15,70,20,24,96,11,56,80,2,4,89,82,62,38,20,48,64,25,8,88,60,75,59,89",Of Our Time (osu! Edit),browiec's Extra+
4861771,290.4685,6,"88,61,79,99,31,45","Chug Jug With You, but i can't anymore",Fiery's Extreme
5391528,372.8228,3,"99,50,19",hate the way you love me (nightcore & cut ver.),all your lies
2033294,2395.6153,23,"39,33,36,67,35,81,83,89,7,77,88,61,87,74,94,100,63,8,16,92,94,46,91",Cherry Bomb,Sakura Blossom
5284417,18771.3483,40,"78,17,14,4,26,70,33,44,10,17,1,7,7,18,6,4,58,1,41,78,2,2,42,12,14,1,5,8,3,61,14,100,1,7,37,12,12,40,7,1","Kumikyoku ""Nico Nico Douga""",Marathon
1816243,762.7398,7,"80,99,80,33,53,100,9",Kimi no Bouken (TV Size),New Adventure!
2298047,9.0963,1,88,Rock on.,Just Go!
2759787,1253.7666,23,"92,75,91,75,48,90,68,82,52,84,68,72,66,79,90,37,24,71,87,51,26,19,66",ne uchi (Cut Ver.),"stop feeding me all this content, my head feels bloated"
2837544,891.8244,20,"99,81,92,24,79,60,25,80,44,91,46,62,89,87,72,65,76,93,90,100",EASY LOVE (TV Size),TEASING MASTER
4975145,1074.2953,9,"83,79,37,52,52,97,23,9,87",Vertex Beta,Plasma's Extra
2047406,2020.7028,18,"90,77,54,48,91,52,44,82,60,72,21,24,66,33,3,47,93,52",Silhouette,Expert
1657639,1084.4315,13,"100,17,67,65,84,50,40,62,73,98,57,80,17",CATCH ME,Conclusion
5546081,331.6571,5,"58,70,34,48,44",overture,cycle
4883846,5959.5416,34,"70,91,21,17,27,79,97,82,12,15,15,21,41,80,6,81,36,98,11,38,39,90,79,63,79,83,9,91,86,15,20,34,10,94",PADORU / PADORU,Fiery's Extreme Gift
5017740,57.0171,4,"94,63,90,78",Kickin' It With You (TV Size),Log Off Now's Extreme
4890181,5.756,1,96,ChuChu Lovely MuniMuni MuraMura PrinPrin Boron Nururu ReroRero,Share's Extra
4910322,179.8973,3,"99,33,59",Crystalia,Extra
4944678,3325.8497,17,"16,96,14,85,6,76,48,71,44,70,18,56,64,100,54,7,9",Ao to Natsu (katagiri Bootleg) (Sped Up Ver.),apoq's Summer
3099626,1012.1925,12,"19,94,21,68,100,97,50,97,36,91,64,42",lullaby (feat. KIRA) (uet Remix),one more before i go...
4176679,442.3628,3,"25,50,36",Lullaby,Nightmare
2630863,338.5001,5,"27,87,44,85,97",Whispers In The Dark,silently...
2485418,182.5833,1,32,The Ordeal,Calamity
1811389,163.2499,1,34,collage,Petal
1857003,442.4526,4,"35,24,91,68",Suicide Parade,ailv's Absurdity
4586651,596.2836,7,"36,74,43,49,29,37,96",Yumeuta - Tokubetsu na Futari no Uta,Dreaming Future with You
3846505,1926.4423,8,"38,83,7,25,14,76,50,19",Shippaisaku Shoujo,I'm a Failure
3131384,123.7793,1,39,Ryokugan no Jealousy,Green-Eyed Monster
4386402,117.4478,1,40,masterpiece (Cut Ver.),Dailycare's Extra
2479386,418.9036,2,"41,22",Jet Rocket,Rocketing Love
4512893,133.5538,2,"42,63",Tengaku,Heavenly Music
1401281,100.3625,1,43,Moe Ochiru Hokori -Counter raid Another D-,The Abyss
2654458,10066.5321,84,"45,74,100,46,65,16,44,59,89,95,17,46,6,98,98,30,43,36,97,95,41,89,67,56,25,82,27,15,47,29,42,87,44,10,64,80,87,44,98,87,37,52,31,70,24,37,34,19,81,72,20,82,85,4,35,27,83,42,46,63,24,8,56,62,37,20,67,86,66,63,97,83,28,43,59,25,63,58,81,17,29,24,32,22",Frozen,Everything Will Freeze
2034862,94.5129,2,"46,85","werewolf howls. [""Growling"" Long ver.]",OUTRAGE
2233275,512.1452,11,"52,26,77,64,97,66,46,71,99,62,65",Ringing Bloom,Forever One
3598876,124.6211,3,"54,88,50",Levitator,ItsWinter's Blatant Ignorance
2943184,1751.2998,20,"55,55,49,44,67,16,47,13,98,97,68,59,86,32,55,50,57,49,43,94",Jellyfish,The Rebirth of Idols
1741741,115.9209,3,"57,74,52",Himegami Matara ~ Four seasons where Starless disappeared.,Halo of the Absolute Secret God
3638479,188.154,5,"58,43,87,70,70",Hyakki Yakou -Pandemonic Night Parade-,Youkai
3301339,53.4372,2,"61,75",IMAGE -MATERIAL- <Version 0>,-TERMINAL- <Phase>
2902513,113.9285,5,"63,92,73,99,50",Oxalis,Kaguya_Sama's Ultra
2240404,281.5513,2,"64,23",Ether,Skystar's Ethereal
4214996,426.3754,2,"67,15",Unwavering Dignity,Aegis
2348869,61.4174,2,"68,60",Trance Dance Anarchy,Don't Look Back
4043954,25.6271,1,69,Yakumo >>JOINT STRUGGLE (2019 Update),Phantasm
2101986,241.3244,11,"71,79,63,80,90,37,68,86,100,99,88",I thought I was an angel,Ultra
3047709,140.447,4,"73,98,77,38",Kimi no Na wo Hibikasete,The Clock of Fate Strikes Now
2962115,294.2636,14,"78,65,92,71,95,62,74,100,98,77,75,63,37,94",Burn This Right,Relentless
2226203,22.9087,2,"79,87",Hisekai Harmonize feat. Kagamine Rin,Harmonize
2564428,101.1491,6,"81,69,81,92,83,56",Waldschrein,"Der Ort, der mir von Freiheit singt"
3547162,223.2558,6,"83,98,82,67,46,37",Chimera feat. Hatsune Miku,Chimera
2786980,11.0756,1,85,Ganbare! Kumoko-san no Thema (TV Size),Ultra: Arachne
3350946,10.5064,1,86,Amanita,X
2294643,1041.971,8,"88,100,66,74,96,9,12,62",Little Cry Baby,Extreme
2327247,515.5535,5,"89,26,76,55,24",Through the Fire and Flames,Far Beyond Reality
960875,202.8431,7,"91,73,99,54,87,36,88",Ghost Rule,Mayday
3649428,149.7362,4,"92,61,40,78",Regression,X
1544643,1233.927,10,"96,90,59,24,69,11,98,91,86,11",My Sweet Maiden,Desire
1083052,982.1692,17,"97,62,52,85,69,95,77,26,47,74,81,12,81,79,60,60,66",Snow Drive(01.23),Arigatou
1368107,78.0585,4,"99,78,66,60",Sleep-walking,Midnight
5153812,1749.503,8,"18,51,29,82,1,42,48,88",Dreamin' attraction!! (Extended Ver.),Karcher's Beyond the World!!
3066331,248.0353,4,"33,96,53,69",Intra Venus,Descending Shadows of a Lifetime
2881890,217.1554,2,"38,44",Immortal saga - Again,CONSTRUCTION OF IMMORTALITY
1605533,3120.9071,16,"47,10,50,26,33,27,39,27,32,84,70,14,74,24,7,33",Owari Tsumugishi Mono,Hatred
907479,2286.2533,18,"51,40,19,64,47,19,87,40,31,47,12,54,62,88,68,98,41,19",True Blue,Halcyon
1229493,2467.1349,41,"55,51,55,19,94,74,45,47,100,81,17,92,37,83,79,50,72,58,25,91,60,81,93,69,76,68,70,88,82,47,36,50,64,56,45,73,40,37,89,25,93",Shinkou wa Hakanaki Ningen no Tame ni ~ Jehovah's YaHVeH,Extra Stage
1675085,274.1802,4,"56,76,70,28",Summer Of The Occult,Divine Empire Of The Supernatural
3789556,495.418,6,"58,59,20,85,48,88",Hoshi o Kakeru Adventure ~ we are forever friends! ~ [Long ver.],Memory
3333700,589.3147,13,"61,91,92,83,87,49,72,96,57,69,51,28,32",beepbit * futures,fast * forward
3933767,1993.5408,33,"62,38,12,99,68,63,56,97,70,69,17,44,76,67,37,64,85,90,55,95,93,94,32,82,35,68,94,49,48,91,100,71,88",Yotogibanashi no Kamikakushi,Evening Star
2234883,92.4634,2,"68,48",Genesis,Inception of Chaos
2229689,17.7496,1,76,The Spark of the Archon,Sinister Silence
2120145,80.1545,3,"78,90,49",Scars of Yesterday,Waste of Time
2143996,20.7121,2,"80,94","Yuuga ni Sakase, Sumizome no Sakura ~ The Harm of Coming into Existence",Parinirvana
1362265,413.3604,3,"81,57,16",Eastern Dream ~ The Introduction / Kamisabita Kosenjou ~ Suwa Foughten Field,Stage 6
3708437,832.4886,12,"86,44,11,90,100,68,91,66,96,44,88,100",Marine Blue ni Sotte,Confession
2517179,8.5083,1,90,Craft and the Creator,Krackaben's Ormen Lange
2949285,987.3052,6,"92,79,29,49,11,29",Be braver!,The Order
4049167,696.7176,3,"93,6,92",Drive Your Fire,Ignite Your Immortal Heart like a Phoenix
2371236,68.2612,3,"94,52,87",Jinsei Matatabi,Dalou's Extra
865344,5279.3276,42,"95,45,36,84,84,83,95,40,58,25,85,18,33,18,62,100,87,91,78,67,94,55,11,90,72,100,15,77,65,68,39,50,64,94,61,14,77,32,2,10,7,68",Endgame,Gameover
3440920,600.5334,3,"96,21,22",Kuuchuu Teien Dystopia,The Heavenly Garden Shrouded by the Cloud of Tragedy
720314,667.4125,6,"99,61,95,7,77,85",Operation Ground and Pound,Legend
1856597,79.2287,3,"100,56,59",Kanjou no Matenrou ~ World's End,Mystic Fragrance of a Makai Butterfly
4978117,215.4239,8,"74,57,76,98,73,97,35,79",Crystalia,Reform's Extra
4751016,880.7473,14,"84,99,98,86,58,78,35,27,61,87,23,74,80,27",u/n (Cut Ver.),Reform's Extreme
422328,1671.2222,19,"92,2,79,73,41,66,80,77,93,94,91,77,95,53,33,34,64,72,40",pensamento tipico de esquerda caviar,Gangsta
5258707,460.6199,11,"95,91,57,98,69,57,41,53,57,69,32",Wing my Way (Game Ver.),Tylerderp's Extra
1650477,5434.2422,39,"100,57,77,48,99,85,76,43,48,88,46,28,42,29,37,79,81,26,93,28,32,85,89,10,86,37,27,31,84,13,57,38,57,8,51,11,15,3,65",ReI,Nevo's Expert
84398,769.3886,7,"27,39,45,89,58,21,85",Go Beyond!!,Sp's Darkness
5167197,109.7224,2,"42,81",from me to u (feat. Poppy) (Cut Ver.),Radiant Fury
2067141,457.0674,9,"44,38,84,70,46,56,76,55,57",Ascension to Heaven,Extra
3561625,86.8513,2,"57,56",Blue Zenith (Cut Ver.),Sytho's Extra
235470,64.0664,2,"58,71",Shuffle Heaven,eXtra
4551694,927.6839,6,"59,42,34,11,98,42",Snow Goose,OneShotFox's Expert
822651,237.489,5,"66,54,40,52,93",Bass Slut (Original Mix),Extra
4767949,2034.4961,19,"67,100,58,48,32,80,72,78,38,44,33,72,15,79,12,56,45,81,17",MAYKA SETKA,EVTH & DIX'S KATTA BOLA
2887834,6790.505,52,"72,43,40,90,75,48,72,36,89,62,27,41,50,91,56,55,66,75,79,23,84,18,43,37,35,70,32,33,63,18,13,10,30,24,40,40,66,92,43,37,81,82,18,20,76,38,65,18,8,29,12,18",Lionheart,Collab Extra
816600,1453.4622,14,"73,85,90,68,59,58,21,27,98,41,85,25,28,15",Blade Dance,Kneesocks
403050,2185.9134,23,"86,42,95,40,91,87,40,39,62,77,6,82,76,26,98,14,99,70,38,39,53,33,94",Fallen Angel (El Poco Maro Remix),Ascension
1448813,45.2793,3,"90,87,64",Memories,Pain
2331417,1083.0406,9,"93,77,53,98,14,88,30,16,52",DROPOUT!?,SMOKELIND's Expert
950234,43.4493,2,"100,59","Electric ""Sister"" Bitch",INFINITE
2519913,1449.8108,7,"42,46,8,63,52,22,21",last moment,luscent's extra
753698,8155.1757,34,"67,45,79,60,57,48,21,25,51,80,30,69,5,20,13,60,4,32,51,47,11,17,90,4,34,49,2,53,2,11,13,36,76,35",To The Terminus,Insane
4276948,1080.2518,4,"68,19,52,7",Veil of Elysium,LMT's Extra
3978313,4366.2183,25,"76,69,12,30,39,95,37,41,37,100,18,24,88,2,17,27,75,15,33,43,91,12,93,97,41",Divine Attack - Shingeki - (Cut Ver.),Akitoshi's Extreme
4466556,3671.7503,36,"97,88,81,64,43,97,76,78,93,67,90,73,39,57,84,67,14,11,10,58,69,18,60,36,42,26,44,58,43,96,40,43,25,28,22,75",Crimsonic dimension,Phantasm
4922629,1505.9589,3,"2,76,11",confusion,>w<
5020021,889.3529,2,"4,90",Blast!,kowari's Explosion!
4833599,580.1414,1,11,Tsukinami,Memories
2828520,1655.9878,6,"13,2,48,71,42,69",Letters to me,Endless Journey
2549514,948.5878,2,"15,13",Gyroscope,Torque
2802324,1263.187,9,"16,99,90,89,39,32,23,22,82",Storyteller,Beyond
4408537,8012.1965,31,"18,8,29,66,61,53,69,10,87,37,16,80,2,59,55,3,7,26,6,63,45,25,84,23,24,53,16,8,47,31,40",Flyers!!!,Fly High!!!
2067098,1647.2654,9,"26,31,26,92,5,38,77,84,43",Outer Science,Kagerou
3632720,2837.4354,9,"43,19,22,81,25,2,44,11,15",Kimi to no Asu o Negau kara,We are all MILLION!!
2319111,414.3132,5,"50,23,97,83,48",Have a live day,Erisa
2895932,1076.4561,9,"58,82,23,31,58,14,91,45,63",Dori Dori,Kowari's Extra
3210497,42.6294,2,"62,94",Kinou ni Kanaderu Ashita no Uta (Cut Ver.),Definitely Not FOUR DiMENSiONS
5679553,297.5059,3,"65,70,23",Happy Time wa Owaranai,Auriga's Ex
4791605,495.0735,2,"72,12",Screaming Bloody Murder (Sped Up & Cut Ver.),Mimari's Extreme
339055,615.5838,4,"74,98,9,57",Princess of the Night,Irre's Extra
4929459,499.8911,4,"80,94,75,11",Nevermind (feat. Justin Magnaye) (Nightcore Mix),Omekyu's Expert
4684386,239.7575,4,"85,98,28,62",Skyfall (Cut Ver.),A r M i N's Extreme
819082,420.2836,4,"86,36,22,58",The Eco-Terrorist In Me,Expert
1867520,8585.6408,72,"87,60,87,74,87,10,56,98,56,97,43,87,55,32,97,36,42,77,50,57,56,54,38,26,85,89,55,32,25,95,67,85,19,18,17,12,32,7,42,94,11,23,32,21,51,52,56,51,46,66,13,60,84,61,57,6,65,30,81,15,61,48,38,41,22,66,78,51,60,96,40,39",Snow halation,Snowfall
4655954,78.952,4,"88,75,59,69",Songs Compilation,Kuki & browiec's War
4863998,1452.7522,9,"90,80,24,36,23,98,9,82,21",Better Off Dead (Cut Ver.),Longing
1522329,2025.5119,18,"96,70,50,69,46,77,45,41,60,17,97,71,80,44,7,87,71,9",confusion,Fearful Star Extra
4968054,41.5402,2,"99,58",Blue Youth,extreme
1473301,841.6863,10,"100,48,64,38,18,97,73,24,64,98",SANTA SAN,Gift
4631782,547.4248,2,"45,14",magic music,extra
4674313,123.841,2,"46,56",WILLSHINE (TV Size),HERO
5053251,22.0904,1,70,Garyou Tensei,Collab Extra
4832395,253.5064,2,"81,26",If You Can't Hang (Cut Ver.),Met a Girl at 17
2659724,361.0824,6,"86,39,55,52,37,71",Dear Brave,Confession
4432586,540.4989,6,"87,50,19,80,39,67",SABLE (TV Size),BROKEN REALITY
3301006,6.22,1,94,Outsider,Extra
4188767,5.5837,1,96,Koisuru*Uchuu Sensou!!,Daisuki!!
3272896,164.5254,5,"99,55,51,96,59",Living in a Dream (feat. Natalie Major) (Feint Remix),Star
2903648,933.0514,4,"24,23,83,16",Os-Uchuujin (Asterisk Makina Remix),Telesthesia
366140,1139.9608,9,"35,91,80,7,45,49,76,43,36",Omega Rhythm,Extra
1485947,531.3959,9,"36,39,47,52,59,60,81,59,99",Hold Your Colour,Iridescence
139446,215.4855,5,"45,86,82,59,48",Just Awake,Insane
2109842,1852.503,17,"50,97,31,90,19,81,50,8,72,95,91,76,96,100,92,10,53",Astral Dogma,Dogma
2994534,1234.2338,10,"52,85,37,99,98,52,76,27,25,8",Lonely People (Raise Spirit Remix),Alone
108021,64.5452,3,"54,100,100",Homework Crisis,Let's Jump!!
5367107,1602.3302,10,"57,92,40,20,40,59,8,30,55,27",Thousandth Sky (Over Clouds Mix),V///A
1882794,6962.6198,46,"61,80,59,49,68,88,53,71,52,51,24,46,73,100,18,76,13,37,59,21,35,18,24,76,35,93,17,28,84,90,68,37,67,95,14,55,29,56,21,23,76,16,3,22,4,21",In A Night When Her Sorrow Resounds Around,A Gentle Rain To Wash Away My Overflowing Tears
132946,6738.4506,38,"63,33,60,68,37,35,72,40,64,24,54,96,14,24,59,94,27,67,22,74,58,20,2,12,75,40,23,80,26,31,20,6,21,52,68,55,3,38",Desire Drive ~ Desire Dream,Extra Stage
776749,56.3715,4,"70,86,77,92",NEVERLAND,Yuny
3154664,285.4768,6,"73,81,44,56,89,38",Eye of Aeon,Expert
2315560,12034.1315,79,"74,88,61,95,94,55,95,67,85,99,49,76,58,32,36,43,30,38,65,67,35,38,54,25,33,25,22,16,53,43,58,14,92,19,21,58,13,64,66,59,15,67,50,84,20,42,12,47,99,49,46,74,15,18,28,29,31,25,5,75,71,90,22,46,19,100,47,75,11,75,12,43,11,2,5,57,15,71,94",Stella-rium,Extra
3228972,416.9616,8,"80,89,58,79,56,97,48,22",Operation: Evolution,Salvation: Solution
1092733,612.2581,3,"81,21,21",Fantastic Future,Fycho's Extra
312098,12.6789,1,82,Sparkling Daydream,Hinsvar's Extra
396105,111.8334,3,"84,51,55",Izayoi Sakura,Insane
140937,10.7537,1,85,BSPower Explosion,0108
101597,331.25,4,"87,58,22,73",AKABEi SOFT2 Nonstop Remix,Remix
3632759,3154.2732,35,"89,69,59,86,86,53,27,92,99,51,41,67,49,81,58,30,54,12,63,99,84,21,86,88,26,49,72,80,6,28,56,59,33,41,37",Wings of Freedom,Alis Libertatis
341891,2123.732,33,"90,88,69,100,71,92,92,70,70,82,61,79,91,95,67,86,45,47,35,43,55,79,74,20,74,62,18,69,52,17,37,30,28",Minamichita EVOLVED,Another
128780,127.2776,2,"92,37",FLOWER,EXTREME
688886,1845.8247,17,"94,91,75,75,63,73,56,85,22,57,36,18,47,26,18,15,92",Deus Ex Machina,GREAT EQUALIZER IS THE DEATH
435350,1212.9409,19,"95,97,93,76,40,35,96,41,100,88,38,97,14,84,79,84,20,84,62",CHOIR JAIL,Amnesia
436723,383.4867,6,"96,48,63,47,30,54",Baby Sweet Berry Love (Tsukiko chan Maji kawa-E Remix),Tsukiko-chan
320098,5642.2297,35,"98,72,99,71,71,46,68,43,25,67,46,35,44,19,9,83,71,16,94,3,11,14,68,28,51,14,49,92,6,100,56,80,31,64,13",Last Remote - Type gamma,Lunatic
5573770,170.4533,3,"100,32,71",Crimsonic dimension,3969 dimensions
1619555,3313.3753,40,"12,68,86,5,96,76,68,65,74,25,82,47,17,87,88,69,52,64,69,59,48,34,83,69,20,75,75,44,87,48,71,47,28,78,91,80,77,89,54,79",Monochrome Butterfly,Uniform
1917082,511.075,8,"17,93,97,81,93,86,57,62",Chikatto Chika Chika (TV Size),Sotarks' 3 IQ
999944,1539.9165,16,"24,62,49,90,96,78,56,29,78,62,80,5,76,34,56,93",Yume Chizu,Lost
1936713,1545.6346,14,"37,81,100,21,16,94,45,58,19,85,98,79,35,44",Believe in ourselves,Our Everlasting Love
808848,822.549,10,"40,76,93,88,38,15,45,47,73,77",Kuchizuke Diamond,Lemur
848345,60.0241,3,"55,95,91",Sweets Weekend,Sweet Neko
3614081,4934.5465,25,"59,67,79,51,88,49,18,92,24,15,26,35,57,17,26,40,27,80,66,55,47,3,1,64,6",Kimi no Shiranai Monogatari,Happiness
196673,38.7266,2,"65,83",Kodoku Egoism,Rin
1925194,56.0511,2,"68,61",Chikatto Chika Chika (TV Size),Chika
670881,527.1165,4,"73,83,29,18",Fast Paced Society,Torment
2188031,1830.0921,27,"75,98,92,89,69,99,76,55,84,93,59,46,26,50,49,55,60,47,33,31,48,24,59,76,91,25,21",Inferno (TV Size),Adolla Burst
499343,1365.8772,13,"84,62,96,98,41,59,87,20,37,12,27,43,68",Akatsuki no Tsuki,Extra
547566,1435.8567,24,"85,74,66,75,95,90,42,84,92,98,86,40,88,78,37,53,80,88,69,45,14,28,34,30",Yotogibanashi no Kamikakushi,Miryokuteki na Shijuu Kekkai
1988911,1230.6759,22,"86,79,75,85,79,74,88,10,59,98,50,71,58,60,64,60,70,32,86,55,44,45",Kanpeki Gu~no ne (TV Size),Taeyang's Perfect Partner!
5335296,3478.0053,26,"87,57,39,26,63,76,96,79,71,73,89,69,88,49,88,34,4,32,63,41,21,34,4,60,88,5",No title -10 Years Later Edition- (Cut Ver.),Reform's Extreme
2360153,1513.5132,15,"89,58,34,41,40,64,20,49,48,44,67,73,99,9,86","Dakara, Hitori ja Nai (TV Size)",Happiness
5370003,635.91,9,"90,18,93,99,67,81,45,76,32",You Suck At Love (Nightcore & Cut Ver.),Reform's Heartbreak
1675844,22.7504,2,"94,73",Despacito ft. R3 Music Box,Slowly
3475837,284.9608,2,"24,87",border,Kyoukaisen
4775989,2202.9996,14,"42,52,65,40,53,49,6,61,99,73,67,98,34,1",The Emptiness Machine (Cut Ver.),Disaster
5279580,3440.8448,22,"44,27,15,64,81,100,40,72,5,77,5,62,78,74,99,4,36,99,87,97,27,57",Determinate (Nightcore & Cut Ver.),Fearless Rockstar
4874071,28.2268,1,67,Rebel Heart,Nymphtarks' Tragic Death Extreme
3448524,34.5212,3,"95,73,80",tree,Euphoria
2691949,3462.5331,9,"1,8,28,65,3,9,66,41,50",Euphorium,Dream
2059942,736.7745,3,"20,18,89",Harumodoki,Romance
1569904,2773.396,32,"29,8,84,17,60,100,61,61,100,93,24,83,95,37,83,43,71,64,49,41,71,91,74,77,90,89,70,96,19,78,92,17",Happppy song,happy birthday to me.
2039845,6594.4385,57,"49,87,100,41,61,48,28,52,83,82,60,4,35,35,52,98,84,21,18,26,65,18,82,79,69,41,58,43,41,67,95,99,21,12,90,30,99,35,91,27,55,56,44,54,59,23,56,45,95,33,66,3,19,45,40,33,57",Awakening,Untruth
1454087,821.9006,13,"55,75,86,100,96,82,38,83,45,78,50,14,41",Celestial stinger,mithew's MAXIMUM
2349467,979.342,6,"56,92,25,32,10,98",ROCK-mode,"I'm fine, thank you!"
2835408,2679.9594,23,"61,56,35,72,48,57,69,16,26,58,44,8,58,30,87,99,34,88,99,89,10,36,84",Kyouki Ranbu (extended ver.),Master
798853,233.1686,2,"70,29",YELLOW SPLASH!!,Special Splash!!
741467,1316.0686,8,"71,52,69,22,26,9,34,83",Senpuu no Mai,Fly Senpuu
4466793,366.5175,14,"72,56,78,77,88,68,81,37,82,76,73,53,64,97",Sing Alive,Blooming Flower
2993246,695.0977,13,"74,86,77,74,88,46,90,97,55,36,31,81,24",All Eyes On Me (Cut Ver.),Gracefully Hallucinate
2594989,1499.3671,13,"82,66,26,31,34,84,61,29,24,44,94,15,93",DICE,EXPERT.
1181761,1772.7364,21,"89,86,63,29,87,88,59,18,58,14,47,79,38,52,96,18,85,99,49,83,53",Glorious Crown,FOUR DIMENSIONS
2692721,225.9386,3,"92,39,39",Hiyoku no Sakura,A love in Sacra & Scarlet
1161150,179.3754,3,"99,59,35",Pochiko no Shiawase na Nichijou (Long Version),Corinn's Extra
5711037,637.5009,4,"10,95,84,88",Monochrome Butterfly (Cut Ver.),Taeyang's Ai no Butterfly
1003944,1738.3976,19,"12,52,52,67,92,71,30,93,36,77,29,93,39,41,68,78,37,89,26",Merry Merry Go Round,Extra
1836680,392.4554,3,"18,97,95",Sweet Sweet Cendrillon Drug,Despair
507098,337.1463,2,"21,73",SARABA ITOSHIKI KANASHIMI TACHIYO,Master
4751008,6001.0733,42,"25,9,46,91,29,26,40,26,27,87,79,78,78,4,94,51,10,93,56,60,59,69,27,75,47,51,38,96,85,10,3,94,96,84,98,67,49,21,100,49,35,25",u/n (Cut Ver.),Crimson
1977528,827.6268,11,"27,95,46,81,98,73,25,79,52,25,86",Hero,Sotarks' Wish
5377716,281.4374,4,"31,46,91,90",#WE <3 YURI,<3
4874775,165.7853,1,33,Light Delight,Special
5118924,1256.5196,4,"41,1,48,97",A-TYPE,SS-TYPE
1843589,623.6229,12,"43,35,44,25,95,97,96,99,74,81,94,81",Snow Halation (feat. BeasttrollMC),Gift
5463340,2242.8383,18,"49,99,42,62,61,70,12,30,51,21,84,39,10,69,25,27,88,83",My First Kiss (feat. Ke$ha) (Nightcore & Cut Ver.),<3
1620144,2734.705,5,"59,1,1,59,22",C-TYPE,Bonsai's BasS-TYPE
5649109,45.4818,2,"70,69",All The Things She Said (Ans Remix),XX
848994,114.6728,3,"81,71,42",M@GIC*,M@gic
3609341,10.5342,1,84,Pinky Jones,MASTER+
2078195,33.7392,2,"86,67",Neo-Aspect,Anfang
3220384,86.9449,2,"90,43",Over The Testament (TV Size),Sotarks' Testament
168031,764.8613,5,"96,73,57,7,50",Phase 1,SHD
2246465,3795.8553,32,"100,87,60,65,95,41,57,21,46,42,62,56,24,59,34,35,18,45,74,26,56,48,50,100,9,67,100,70,85,16,12,13",PADORU / PADORU,Nymphe's Extreme
620789,911.2303,5,"9,65,27,63,74",FAKE PROMISE,True
1822965,276.2726,1,24,Sakura Mirage (STARLiGHT Mix),Azzedd's Extra
3266453,898.6931,4,"25,51,13,43",AO-Infinity,Extra
1493345,249.5198,2,"26,95",Endless Line,Infinite
2593619,2208.7413,18,"30,84,77,63,35,78,55,86,53,22,12,27,82,81,4,75,65,98",Songs Compilation IV,A r M i N x Reform's Extra
3808645,95.3834,1,43,Endgame,When the Evil Descends
2241492,13384.4996,83,"51,89,96,92,46,58,89,89,67,59,77,75,59,66,78,34,87,40,57,30,33,23,31,56,17,46,88,40,43,69,53,28,19,38,35,25,87,68,59,38,35,24,44,26,23,23,60,9,17,32,10,40,54,24,29,80,20,20,31,51,26,8,96,92,28,10,47,4,69,28,80,7,72,10,37,22,80,9,9,27,11,93,16","Dreams come true -Hana Sakihokoru, Chikyuu no Moto de-",Snowfall
1479410,42.8562,1,58,MIC Drop (Steve Aoki Remix),"bright lights, forward"
2571348,4460.6803,28,"69,73,91,88,94,89,38,56,76,51,18,35,38,77,18,18,51,18,15,13,80,80,16,84,14,7,37,30",Terekakushi Shishunki,Affection
2867112,1217.8682,12,"71,95,38,36,70,36,49,40,70,21,32,30",Hana no Kioku,Remember Me
778160,12.6965,1,81,flying in the flow of deep-sea,dripping wet
2367250,26.701,2,"89,74",Heart Function,Extra
1438917,573.0902,6,"90,89,40,59,46,16",Blade Dance,Dance
5404501,954.5833,1,3,Five Nights at Freddy's,I always come back.
5149739,321.9662,1,21,Devil in Your Heart,Confession
4027752,110.7064,1,41,Ukigumo,Sunshine After Rain
4885547,1008.5586,10,"45,64,48,94,77,45,70,95,66,4",Polar 240,buddon's Expert
4793647,827.3782,10,"57,50,95,35,65,59,26,83,29,34",Zetsubou plantation (Cut Ver.),Parad0xa's Extra
4707333,33.0477,1,64,roots,raijodo's extra
4847096,19.5539,1,74,Guitar to Kodoku to Aoi Hoshi (Hayakou Bootleg),Fuxi's Extreme
1697643,15.8286,1,78,Uncontrollable (TV Size),head
4962179,14.2343,1,80,Nevermind (feat. Justin Magnaye) (Nightcore Mix),3D's Extra
1761256,10.4036,1,86,Suna no Wakusei,Extra
3242527,9.3779,1,88,Serment,Akitoshi's Extra
5206872,15.0704,2,"93,89",JUMP,GERO FEAT. MONSTRATA'S RAVE
2194234,5008.0042,37,"4,79,79,97,78,34,65,73,49,50,44,45,25,23,67,34,17,30,29,82,77,65,16,68,11,69,42,64,75,19,25,78,31,66,42,27,17",Say Goodbye (Nightcore & Cut Ver.),Broken Promises
3493583,1283.2911,11,"42,35,37,67,33,75,5,82,80,70,86",Dear Brave (TV Size),Fearless
2938751,1611.0667,13,"55,24,75,86,39,79,16,23,79,17,37,62,76",EASY LOVE (TV Size),Ijiranaide!
4579170,45.2269,1,57,Absolute Zero (TV Size),Nevo's Omurice
5486313,2545.7623,11,"70,23,21,27,14,21,9,19,34,32,55",The Best of Both Worlds (Nightcore & Cut Ver.),Popstar
2245768,988.4787,13,"75,82,74,73,99,60,57,31,52,9,86,40,87",PADORU / PADORU,Akitoshi's Extreme
2461848,345.0051,3,"88,23,48",Futari Nara (TV Size),Scenery
1062394,280.7212,5,"93,31,54,51,90",Can Do (TV Size),Extra: Kagami
5173297,2142.0519,16,"95,73,55,41,79,41,11,8,16,100,81,21,43,48,77,64",Pretty Little Psycho (Nightcore & Cut Ver.),Misery
5138460,1771.3966,9,"36,28,46,11,47,49,88,6,51",Vibrant Springs,Astronic's Extra
5102988,248.2108,5,"39,82,74,42,84",Symphony of the Night,Collab Expert
4155614,215.9352,4,"48,99,98,36",Nordlys,Heimdallr av Bivrost
4127421,180.2397,3,"52,36,87",And The Vulture Beholds,Brittle Reign
2222880,3261.5854,33,"54,76,77,95,52,96,84,66,57,23,28,70,98,97,94,71,48,44,35,99,51,19,73,35,50,13,18,85,52,84,6,71,19",The Skin Thief,Murder
5244297,1030.8955,10,"81,58,53,69,36,63,60,96,46,6",Great Nano Desu*,HAU AU~!
5178950,405.512,8,"82,41,80,69,55,28,87,73",Sankarea,Valtiel
2069833,19.5021,2,"83,89",Hollow,Endless Days
3674403,1513.9546,11,"94,36,33,73,26,80,16,22,17,92,47",Avoxtur af rotnu tre / Eldhjarta,Hjupur Innri Vanlidanar
5681063,3538.7788,13,"23,27,27,15,28,16,8,19,52,15,10,87,62",Don't Turn Back,nebuwua's Deliverance
5020005,1122.3797,20,"34,80,41,62,35,84,50,28,68,85,36,88,70,57,75,55,59,48,54,62",Winds of Wisdom,"Reborn Within its Enchanted Inception, The Horn of Ages Resounds in Eternity"
2978571,960.699,29,"38,49,86,98,82,50,71,78,75,48,94,100,81,71,66,82,54,34,78,92,89,45,96,64,83,78,55,34,91",Tsuioku no Kuroki Makenshi,The Forgotten Tale of the Effervescent Swordsman
5338116,5006.4896,27,"47,77,36,57,35,9,27,51,40,46,26,70,71,40,50,64,78,14,11,53,21,29,12,89,7,12,17",BPM210 no Shanghai Alice (Instrumental),VIVID CHAOTIC DANCE
3142746,1215.8916,16,"52,93,74,50,91,65,84,87,52,39,33,55,54,11,73,31",Kikaijikake no Kami,Eternal Redemption
2699196,1075.0701,15,"55,80,84,23,52,27,28,91,83,99,89,75,83,85,21",Ascension to Heaven,Before the Final Moment
2477069,902.8887,6,"58,70,54,74,30,6",Ange du Blanc Pur,Purity
433005,936.0103,16,"63,78,49,72,55,38,86,97,73,63,65,78,49,11,79,69",Genryuu Kaiko,Higan Torrent
5138462,493.2201,9,"69,57,64,76,34,28,53,87,94",Vibrant Springs,Cityyy's Blossom
2026764,1487.915,18,"72,63,63,52,48,67,75,18,71,42,22,83,18,93,95,62,29,67",In Putris Stagnum,Neverending
4958758,898.5201,11,"77,89,80,21,35,62,43,43,23,67,65","Motto, Nee Motto (TV Size)",Yuri
1412805,974.8718,22,"80,71,83,95,87,71,31,73,70,48,90,87,27,68,90,96,26,60,67,41,52,99",Seijouki no Pierrot ~ The MadPiero Laughs,Apollo Hoax Theory
1537566,1862.2845,40,"82,91,98,92,54,66,88,100,58,52,95,28,69,86,90,56,46,91,61,84,81,43,82,64,43,66,99,52,48,68,29,63,63,32,51,23,63,45,49,38",Sidetracked Day,THREE DIMENSIONS
3927817,2168.6943,28,"87,94,65,71,59,50,19,100,82,59,47,28,78,60,27,69,25,37,72,84,84,31,26,54,30,74,74,25",Dawn of the Dragonstar,Werhakon's Extreme
4337666,34.8553,4,"89,96,100,69",over the top,astronic's transcending dimensions
4190194,71.188,2,"92,48",The Fiery Seas And Icy Winds,Frozen Serenity
4440090,3278.7547,28,"95,65,63,66,63,89,14,100,97,43,74,84,61,66,53,66,27,18,85,71,94,5,87,91,44,2,13,78",Saint Catastrophe,Blessings of the Divine Above
4518724,401.8565,10,"96,34,65,35,54,92,99,91,63,92",Ready To Die Between Stars,Finale
1428949,683.6541,1,8,#sawg (Wan Bushi Remix),#extra
1985946,2709.9812,5,"12,2,12,5,68",Cristalisia,Fragments
787957,242.1658,1,26,Flashes (Extended),Spark
941020,182.4466,1,31,Ungrateful,Extra
5635493,192.8976,2,"34,60",Snake Eyes (feat. CoMa) (Sped Up & Cut Ver.),Misfortune
5499289,5104.7957,24,"35,42,43,46,56,13,37,61,16,26,65,41,45,25,8,13,29,10,20,72,30,17,11,52",Imademo...,Lunatic
4897847,331.0762,2,"39,27",non-reflection,danissima's non-special
931597,621.3447,5,"45,94,33,33,23",Scarlet Flower,Petals
5430578,73.2145,1,48,Souzou Forest,Summer Anxiety~
867819,62.0066,1,51,crystallized,Ca2Al3(SiO4)3(OH)
746315,58.8294,1,52,Fastest Crash,Extra
4866801,211.2143,6,"56,42,75,84,95,60",IMAGE -MATERIAL- <Version 0>,Extreme
2053770,5008.3367,43,"60,65,83,86,91,55,62,91,51,35,34,55,85,20,89,40,34,66,37,91,47,53,11,32,31,97,82,55,22,62,42,9,19,11,92,63,42,24,36,65,89,14,23",Nippon Manju,TheMefisto's Insane
2657109,188.2868,6,"64,98,63,79,88,38",Pull The Trigger (Maduk Remix),Expert
776951,53.6542,5,"69,74,94,94,100",Night of Knights,The World
4500445,400.6934,7,"70,63,54,71,36,100,31",Darkish,Lunatic
3298820,18.6087,1,73,The Prototype,Extra
4696034,89.949,4,"75,78,72,55",Guitar to Kodoku to Aoi Hoshi (TV Size),Loneliness
4903963,36.6444,2,"76,69",Haruhi of The Sprite Tribe,BoshyMan's Extra
735021,216.491,3,"77,33,57",x.U. (ETIA. Hardcore Bootleg Remix),Shinoa
2417422,14.1635,1,78,Koigokoro,Special
2470867,806.8231,3,"79,10,27",Just Awake (TV Size),Journey
2633812,12.6546,1,80,Super Soaker,Stupid
1597481,169.428,2,"81,34",Chrono Diver -PENDULUMs-,Itsuki's Another
2540399,2452.2464,33,"87,85,85,91,66,82,67,81,96,69,72,15,80,82,54,49,80,21,89,50,58,65,58,91,96,66,75,91,85,50,18,9,14","FLYING OUT TO THE SKY (covered by Nanahira, moimoi, Nana Takahashi)",Reform's EXTREME
2254540,69.7752,4,"93,65,81,68",Rinne,Re:incarnation
3625849,215.3726,2,"95,26",Reishiki,zero
1947213,89.1879,2,"97,42",Happy Synthesizer,Special
72469,4.8809,1,98,Owens,Another
821548,660.3597,15,"99,92,58,38,70,90,94,67,63,37,89,36,67,76,32",rainbow road,Eun & Irvin's Rainbow
1028733,3825.4312,37,"32,31,49,61,92,28,86,40,13,88,63,95,34,21,90,9,80,79,11,56,26,96,68,76,66,55,52,81,25,83,55,55,72,28,51,62,40",Inferno,The Eclipse
211154,736.8598,4,"48,25,41,17",Nippon Egao Hyakkei (TV Size),Egao
3814127,2910.7507,23,"56,53,100,9,37,98,59,26,74,82,53,81,95,42,24,33,48,52,14,62,55,19,11",I.F.,The Everlasting Dread of Our Separation Will Haunt Me Forevermore
1200520,1047.937,3,"62,1,44",Living Things,Marathon
5048960,227.7941,3,"65,73,28",Songs Compilation,Tragedy
240262,227.5552,2,"67,27",Shocking & Stunning,HC
4872497,220.3253,4,"70,37,99,44",Arcadia (Short Ver.),Brutal
787307,43.8986,2,"75,64",Cosmic Cortex,Ascendancy
4111667,14.0329,1,79,LUCKY CAT,LUCKY CAT
202756,13.3121,1,80,The Creator,Nyaten
66246,49.3622,3,"87,77,67",Ievan Polkka Trance Remix,BeuKirby
44714,21.5795,3,"89,91,88",Guillaume Tell,Heavy
4563128,7.8337,1,90,I Will Return,Blasphemy
5290772,1318.2317,27,"92,99,76,70,47,80,67,86,69,20,60,51,46,36,89,74,60,33,73,42,52,79,77,63,89,32,68",symbolic,228666 vs. 228: 2 Aliens At Work
3462039,137.0659,2,"94,37",Galactic Symphony,Uchigatana vs. Evil: Universe Sonata
2815870,336.7193,7,"96,75,41,94,32,83,55",Angreifer,Blood Rose
94416,5.1606,1,98,KIRBY Mix Compilation,KIRBY Mix
36547,141.0955,3,"99,59,39",Billy Boogie,16 bits?!
4765198,1697.0028,7,"100,4,87,3,77,68,94",Violet SunLight,ratarok's Expert
4190499,2211.0568,3,"3,11,3",Endless Tewi-ma Park,P_O's Carrot Extra
801165,914.459,1,4,Suppuration -core-,Homura vs. GENKI-MAN
1706410,1932.7954,9,"5,97,35,18,62,68,25,30,30",Chrono Diver -PENDULUMs-,Isochronous
3309939,787.4691,1,6,Aye,"broek laag, pet laag, jep iedereen roept"
58527,711.0389,1,7,Haruhi of The Sprite Tribe,DJPop's Insane
79862,590.2431,1,10,"What's Up, People?",Lucifer
5286205,543.3054,2,"11,90",Tetrastructural Minds,Epileptic
389703,508.8417,1,12,Insane Techniques,HanzeR's Extreme
5229868,478.3208,1,13,JOMANDA,AngelHoney + Ascended
3322616,827.2129,4,"14,49,38,27",The Abhorrent,Ensorcelled by Khaos
2062913,408.1693,1,16,encounter,yf's Disorder
5626101,364.5955,1,18,I Just Got This Symphony Goin',YaMaDarknesss' Ultra
5099811,344.496,1,19,Bride in Dream,SHD
3358820,326.5961,1,20,salvation,Desire
2331984,292.1848,1,22,Suicide Parade,Euthanasia
1009022,597.2892,8,"25,34,68,75,46,83,74,48",Death Moon II,SHD
44526,233.7401,1,26,Amor Buffer,KIRBY Mix
1579923,1131.8654,2,"27,1",Kodou,HW's Another
46827,210.7597,1,28,Wing my Way,v2b
407788,189.1291,1,30,I Am Only a Man,Irre's Extra
4875981,167.9583,1,32,Yuru Fuwa Jukai Girl,Intense
5196078,159.4172,1,33,Side by Side,The Highest of Indigenous Gods
24428,150.794,1,34,I Want You,Ridiculous
340652,143.1653,1,35,Pi Li Pa La,Extra
5090105,115.9742,1,39,Koi wa Milk Tea (TV Size),Extra
2004828,103.5259,1,41,encounter,Yusomi's Confusion
146957,97.9538,1,42,Pluto,Challenge
3972386,93.0089,1,43,disinteGration,A Dying World
962194,3319.4721,26,"44,36,61,26,10,76,69,90,72,15,74,97,58,5,24,43,45,48,63,81,29,38,57,30,33,74",Soldiers of the Wasteland,Legend
38007,83.7652,1,45,We Are The Ruffest,Ruffest
614323,75.0733,1,47,JoJo Sono Chi no Kioku~end of THE WORLD~,STAR PLATINUM
5464943,67.5265,1,49,Ryougen no Mai,Osu Oni
1733039,338.7349,2,"50,21",Anoneanoneanoneanoneanoneanoneanoneanone Kouji ga Okureteruno,Net0's Extra
1295906,60.6939,1,51,ending note,Paradox
705091,75.045,2,"52,73",ENDLESS QUEER,Nogard's Extra
2076663,189.46,4,"53,46,68,54",Higan Kikou ~ View of The River Styx,Awakening of the Ancient Earthbound Spirits
2199470,51.2555,1,54,Verflucht,fanzhen's One More Extra
3561488,48.6437,1,55,Period. ~ Seishin no Kousoku to Jiyuu o Tsukamu Jouka (Cut Ver.),Extra Stage
1714634,60.0208,2,"56,79",Kami no Kotoba,Jounzan's Special
5683424,39.2888,1,59,End Time (Delay Ver.),Apollonother
1785659,287.8778,2,"60,21",Suicide Parade,Sakase
677938,33.5468,1,62,Everlasting Message,FINAL
3855779,28.6835,1,65,Empyrean,fanzhen's Ultra
4754261,25.8348,1,67,Symphonic Love (Game Ver.),Extra
278451,27.2308,2,"70,93",MEPHISTO,Extra
5421591,20.6039,1,71,Dadadadadadadadadada,Fluttering
50712,19.5535,1,72,Vicinity of Obscenity,Impossible
4242563,17.5793,1,74,soiree,"comete astrale, stellaire, etoilee"
5281911,362.2357,3,"75,66,18",just dance is now on xbox game pass (feat. jayceko),wavewy's average xbox enjoyer
434438,15.7969,1,76,Crescent Moon Island Boss Theme,[ -Scarlet- ]'s Extra
3697550,15.0012,1,77,Reishiki,misho45_701_4_0's another
120030,14.2375,1,78,Remind,Overdrive!!
324516,13.4886,1,79,AXION,AXION_REBORN
63804,11.9089,1,81,Yakety Sax,Ridiculous
3580003,11.3011,1,82,Deaf To All But The Song,Loreley
3443974,16.4028,2,"83,94",Time files,Ultimate
3549855,14.2123,2,"85,100",Eeliaas,MASTER
5269681,9.1392,1,86,sensitive 2001,synthetic
641605,8.6727,1,87,Proluvies,Ultra
5185616,8.2366,1,88,Wing my Way (Game Ver.),yencis' Extra
658733,305.5703,3,"90,58,22",Writing on the Walls,Extra
5624042,6.9903,1,91,The Commentator's Despair,Paper Wings
1075653,6.6404,1,92,Rampage,Kawabunga!
3229225,6.2633,1,93,Vitrum,captin's Extra #8
4044886,5.6433,1,95,Romancing Layer,Extreme
890190,1429.77,26,"96,83,85,70,71,96,99,31,85,94,8,53,31,46,49,84,89,45,59,63,82,68,92,57,50,74",Uta,Himei
1481149,5.0574,1,97,Daisuke,moph's Expert
44602,4.5489,1,99,Rolling Christmas,Insane
4386516,4.3156,1,100,pweh,pweh
1462180,2690.9433,11,"46,52,66,25,29,26,88,3,37,37,1",Yume Chizu,Adrift
2585252,189.6626,6,"65,91,81,44,71,60",Resurrection By Erection,Expert
2722840,2169.6624,14,"71,97,16,91,16,50,27,100,15,85,99,61,98,5",Shiroi Sakura Saite,Snowfall
2197486,411.3142,3,"74,100,14",Kuchizuke Diamond,Aishiteru
2538171,590.1219,12,"84,83,85,99,98,45,84,82,62,61,15,80",STARRY SKY,Expert
4767835,177.7228,2,"88,32",Split EX (Instrumental Ver.),EXTRA
2999335,19.7686,2,"97,79",Present,Petal
1909530,455.5796,6,"100,64,34,38,32,84",Open Your Eyes and Look North,Extra
2222669,992.741,4,"14,64,18,32",Mukoku,Kowari's Extra
5645415,6260.6913,11,"15,12,3,3,19,3,35,15,3,30,2",Nico Nico Douga Ryuuseigun,Marathon
2954960,297.2783,2,"24,69",GHOST,Asagi's Expert
2267030,548.564,5,"25,24,84,97,75",Dadadada Tenshi,Tenshi
2466406,1158.2097,5,"27,58,90,2,69",Sakura no Zenya,Tears
1398002,1675.1495,9,"38,5,40,41,98,18,26,95,87",I Bet You'll Forget That Even If You Noticed That,Extra
2208203,715.4907,5,"46,28,32,25,56",Ray,Expert
5440648,10044.6523,49,"54,87,53,85,41,75,51,43,82,34,23,33,36,61,26,21,77,24,24,13,44,42,100,34,1,76,63,29,19,7,30,4,77,14,6,93,19,15,25,23,44,11,24,91,13,6,73,54,18",Kimi no Shiranai Monogatari,Endless Affection
533775,1513.2556,27,"72,77,82,62,66,82,88,97,88,83,59,83,65,99,27,53,29,20,20,98,100,87,83,41,50,45,69",Hatsukoi no Ehon feat.Aida Miou(CV:Toyosaki Aki),Extra
3306733,546.9721,8,"74,51,52,57,21,96,58,65",Fuyu ni Saku Hana,Memories
3259994,313.924,3,"80,21,76",Delta Decision,Kowari & Ram's Extra
2685873,2970.8438,38,"92,70,60,82,58,71,89,80,33,55,83,47,43,90,84,75,97,22,71,18,38,100,90,42,41,38,17,91,69,46,37,78,41,10,76,29,58,76",STARTRAiN,Kowari's Extra
3769336,35.2847,2,"93,66",Duo Cup,Another
5195371,1229.3037,9,"99,77,51,58,23,96,24,7,45",OCTOBER STARLIGHT 4EVER! SIDE A (pt. 1),Marathon
2328042,612.3655,3,"100,28,14",King Sandybutt's Tomb,E      X      P      E      R      T
4590529,210.0508,7,"41,91,81,94,77,70,50",Get on the Tailwind,Final Dimension
4543713,106.3775,4,"47,99,93,70",Gales Of Winter,Boundless Devotion
4971202,383.1657,6,"64,76,18,98,79,93",Galactic Astro Domination,Werhakon's Galactic Terrorvortex
4948528,642.836,4,"67,86,64,7",Dark Divinity,"As the Wind Blows, the Shadow Shore Will Reckon Your Past Sins"
1282960,569.1208,3,"68,64,9",Once upon a Time... / There's No Place Like Home,Hideous Fairytale
3523496,1328.4688,26,"72,91,83,33,86,31,79,78,53,80,39,70,26,67,55,86,54,46,90,67,48,74,41,41,95,36",Worms of Soul,Somatic Delusions
658127,5026.783,58,"90,52,83,97,70,29,54,59,100,93,80,55,51,93,76,65,88,86,34,46,49,89,34,25,35,30,97,51,80,66,24,69,20,41,32,53,10,23,41,40,60,25,100,67,83,56,65,58,12,82,98,91,21,98,59,78,10,45",Blue Zenith,FOUR DIMENSIONS
2125262,1864.8651,9,"91,23,91,21,30,67,76,12,5",Dread of the grave -more fear-,Knox's Decalogue
4903055,905.57,12,"93,83,49,81,30,16,41,71,92,38,89,42",Symphony of a Dying Star,Sh4ry_'s Extreme feat. gay girl
5440133,1239.6716,7,"96,50,32,31,35,19,11",Pacific girls,handstream
3868386,2795.7091,9,"6,41,10,65,24,26,8,19,93",Silhouette,fruit punch
5294167,236.4671,1,27,Be Your Light!!,Kumocha's uow
1046536,923.2348,12,"42,27,21,92,70,81,81,100,64,70,32,79",Renbei no Searchlight,Satellite's Catharsis
978326,286.6981,2,"55,25",Redo,Re:Start
3018924,1211.2706,15,"80,60,99,53,80,29,91,90,97,21,97,13,40,63,74",Yozora ni Saita Hana,Fireworks
2976489,1070.061,13,"81,70,54,20,40,80,82,51,30,23,59,50,91",Imagination (Cut Ver.),Spike
2337729,1886.1539,15,"99,77,90,70,43,46,81,8,45,11,14,46,53,62,65",Itte.,Expert
4744347,3078.42,12,"22,63,74,31,18,18,21,5,83,3,90,50",Die Young (Nightcore Mix),Summer Party
2763312,1836.4431,24,"24,89,65,80,59,88,55,37,55,65,61,56,39,94,25,57,30,21,63,49,41,99,39,38",WE LUV LAMA,1025 DIMENSIONS
5101675,173.5118,2,"41,47",MONSTER,NIGHTMARE
3436822,237.6568,3,"43,38,73",Halloween Party,Nightmare
4491942,723.5576,9,"60,51,58,22,30,89,45,77,54",The silent world (Instrumental Ver.),Kyouaku
3206797,8816.3901,68,"62,81,77,98,70,47,50,73,53,64,45,34,41,86,77,92,62,70,95,47,51,48,34,41,55,31,63,20,61,76,46,29,20,14,32,51,67,15,76,85,46,25,23,37,13,94,42,77,20,18,27,72,26,42,82,27,86,15,68,15,54,4,30,23,78,20,6,40",Hi FiVE! (Cut Ver.),No Dap's Extra
5469058,15.7984,1,77,Hoshi o Kakeru Adventure ~ we are forever friends! ~ (Long Ver.),The Journey of a Warrior
4459177,169.8262,3,"96,80,31",curse upon me!,Lunatic
5394968,1081.1191,13,"100,40,82,31,92,56,63,17,84,27,84,46,37",Cherry Pop (Cut Ver.),Kuki's Extra
5661445,1673.5049,10,"22,87,41,76,70,12,20,44,14,88",snow storm -euphoria-,astronic's gravity
5432791,2859.735,11,"23,12,29,25,35,76,48,3,89,15,21",Over the Fullereneshift,Extra
4651523,8447.201,40,"32,42,2,94,52,26,14,17,44,70,71,63,57,7,23,42,45,49,15,62,89,75,88,9,22,11,7,57,98,87,7,26,91,17,3,65,38,24,82,33",toromi hearts 2,another
5680865,2254.0917,4,"33,14,4,2",snow storm -euphoria-,zabrid's heavenly
5808007,1510.2417,11,"39,41,67,21,27,48,21,32,59,31,36",snow storm -euphoria-,mizto's infinite
5224021,70.7644,1,48,Tower Of Heaven (You Are Slaves) (Cut Ver.),Evamare's 513
5394202,4492.8583,40,"49,100,82,75,37,58,57,70,59,64,41,47,96,26,27,43,58,38,62,44,31,44,20,78,74,21,53,22,83,21,56,32,46,45,21,23,9,32,26,35",Take me home,mizto's Expert
5840244,48.6382,1,55,Staff Roll (Extended Edit),Expert
4467037,46.1275,1,56,Valley of the Vale,Roupus' Extra
5714862,1491.8531,6,"63,10,14,91,19,46",Ange du Blanc Pur,Collab Extra
817155,300.3731,4,"67,22,87,73",Transcend,Chillout
3686107,56.3891,3,"69,95,65",AIR (EZ2ON Ver.),Another
4282790,1957.8541,29,"70,76,66,56,65,65,63,47,94,45,26,34,97,33,89,25,29,97,50,25,51,29,52,68,40,57,98,79,70",Kamui,Expert
5400560,536.6268,14,"71,57,81,59,81,52,51,28,85,78,72,57,68,60",Take me home,nebuwua's Expert
4650170,1690.4724,24,"72,53,74,71,75,75,61,88,51,70,64,49,72,35,76,49,17,52,78,37,13,70,44,31",Aragami (Short Ver.),Cellina's Extra
4819645,417.8647,12,"75,36,87,43,92,88,95,76,38,98,75,91",Wolf & Raven (Cut Ver.),Astronic's Extra
5161574,707.7167,15,"77,32,51,34,85,90,44,38,82,90,76,66,68,56,61",Mirai Reflect (Cut Ver.),Extra
4800461,3580.7197,34,"78,75,79,67,30,73,43,31,48,47,84,44,36,53,22,41,35,58,88,72,26,41,52,29,15,68,35,36,36,81,29,48,7,44",Slider,"It's-a-me, Mario!"
5295914,689.3369,17,"80,79,73,61,57,67,96,40,37,50,67,31,95,48,100,77,73",End Time,shoyeu's Expert
5683293,203.4198,11,"82,89,68,61,58,77,50,77,99,80,86",Heartless (Cut Ver.),Roupus' Expert
4309762,1550.1267,17,"83,77,54,25,48,77,33,100,51,31,32,51,40,10,72,77,49",Lilieze to Enryuu Laevateinn,Expert
5495259,9.6585,1,85,a wonderful days -rebirth-,aspen's Insane
5552637,440.6422,7,"86,42,43,54,50,50,39",United (L.A.O.S Remix) (Cut Ver.),Sempiternity
5573782,249.6107,2,"88,26",Hyakki Yakou -Pandemonic Night Parade-,Insane
5046323,6.9354,1,91,Green Greens,Stacked Expert
4139556,551.6264,13,"92,97,67,48,83,32,74,31,60,92,80,51,59",Tower Of Heaven (You Are Slaves) (Cut Ver.),DixAway's Extra
5461911,390.2763,4,"93,56,29,29",Metheus,Suicune3's Expert
5301994,49.7077,3,"94,76,60",End Time,mizto's Extra
4914172,520.7209,21,"96,88,84,73,62,52,82,64,60,77,92,64,90,84,100,66,50,92,33,79,49",Running Man,Expert
5052047,20.2651,2,"98,73",Seed of the Night,Astronic's Insane
256839,76.0111,8,"100,73,75,98,97,94,79,81",Reizouko Mitara Pudding ga Nai,Mythol's Pudding
4906159,1020.5462,8,"5,91,46,98,57,51,88,63",Start Again (Cut Ver.),Sotarks' True Repetition
4793648,1357.8168,8,"7,64,66,61,32,27,68,26",El Sonidito x Athletic Theme (DitzyFlama Mashup),Sotarks' MEXICAN CAT
4861214,2945.9233,16,"8,44,77,6,24,19,38,48,12,88,43,50,50,50,39,73",PADORU / PADORU,Sotarks' Crazy Gift
1053520,1455.5671,14,"24,25,28,18,23,90,79,80,97,71,97,78,96,55",Koi no Hime Hime Pettanko,Taeyang's Ultra Princess
1969637,307.6013,9,"29,91,100,71,73,98,84,69,65",Rockefeller Street (Nightcore Mix),Taeyang's Extra
4879629,207.9872,2,"31,67",Chikatto Chika Chika,Chika Chika!
4898204,619.9693,11,"41,94,33,50,53,29,73,69,79,77,91",SANTA SAN (Cut Ver.),FukA's Extra
4893638,201.0382,5,"42,54,100,76,56",Monochrome Butterfly (Cut Ver.),Monochromatic
2078961,187.9968,3,"45,45,72",Mr.Downer,Deception
5047893,341.1643,9,"51,95,100,82,92,77,78,26,71",The Glory Days (TV Size),Summer Sky
4913782,70.101,2,"52,84",Start Again (Cut Ver.),Visionary's Extra
2302135,61.006,4,"59,98,92,87",Cold Green Eyes feat. Roos Denayer,Mystical
5497462,2965.9011,12,"60,44,55,20,17,7,5,96,96,57,6,29",Still Into You (Nightcore & Cut Ver.),Lovely
1623093,26.8181,1,68,Monochrome Butterfly,Nevo's Extra
915925,160.8915,4,"69,42,66,100",Excuse Me,ShadrEuny's Ex
1992711,826.3663,9,"71,38,53,21,60,58,21,85,87",Gokujo. no Jouken (TV Size),Extreme
4864874,1294.0393,12,"77,29,75,40,24,23,15,44,77,80,84,70",PADORU / PADORU,Nymphe's Expert
2794354,320.207,3,"82,38,27",dawn (TV Size),New Era
2164274,2652.9343,28,"83,80,73,83,77,72,76,46,2,52,42,28,98,26,70,36,49,34,39,23,64,37,45,90,39,52,61,68",Start Again,Extra
968065,6.4982,1,95,Caffeine Fighter,Kilimanjaro
1700275,5.0051,1,100,Cry out,Sotarks' Misery
628753,2036.8197,9,"21,16,38,38,66,1,57,77,93",To The Terminus,RLC's Extra
655300,1214.7595,6,"24,49,26,12,33,89",Imprinting,Orchestra
1249175,409.915,4,"25,85,57,40",We Can!,Gomu Gomu no Mi
815219,198.4328,3,"43,53,55",chrono diver -fragment-,Extra
3891772,100.5954,2,"46,76",dogs,i like dogs much better
1783947,1219.5289,9,"50,64,20,88,22,35,30,45,29",GET BACK,Extra
3477913,65.4734,1,51,Kagerou Days,Kagerou
3257674,1049.6099,4,"52,37,19,8",Moua,Expert
2453671,247.7326,9,"62,86,96,76,39,68,96,79,60",Haruoto*Veil,Silzuku's Expert
804960,29.8085,1,66,caramel heaven,Chocolate Heaven
2872474,559.1968,3,"69,9,96",Ohayou !,Houtaro's Extra
711678,234.586,3,"70,47,34",The First Punch,pishi's Extra
724512,911.2884,10,"73,76,66,52,84,77,29,26,43,18",2010 (feat. Dave Lombardo),Extra
915675,1022.0456,10,"75,63,88,28,60,71,18,89,50,16",A Moment Suspended in Time,BOUYAAA's Extra
1712377,122.615,4,"78,88,43,94",Legend of Millennium,schoolboy's Extra
4341601,12.2119,1,83,367Days,Our Stage!
1563493,65.1531,5,"85,97,90,59,90",Kanade (Shadren Remix),Extra
864222,27.7323,2,"92,69",115,Extra
1601387,7.2565,1,93,Ashes of the Dawn,The Time Has Come For Me
3932583,6.5404,1,95,Divine Attack - Shingeki - (Cut Ver.),The Time Has Come
1524241,5.5848,1,98,"Thrill, Risk, Heartless",Meg's Extra
1216800,5.0371,1,100,Fighter,Extra
1770619,319.3272,2,"34,32",MIRROR,Expert
1949715,635.0476,4,"82,44,91,8",Colorful,Lami's Extreme
2143572,1815.6424,12,"86,42,43,48,65,30,33,79,39,9,8,79",EDEN,Taeyang's Extra
898576,339.701,3,"87,84,19",BLUE DRAGON,Kyshiro's Extra
1694501,213.2492,2,"48,33",Super Driver,A r M i N's Extra
1665716,224.2992,3,"57,95,29",Black Swallowtail (TV Size),Extra
665663,332.5573,7,"64,56,41,39,75,57,94",Bakunana*Testroyer,Expert
1818428,701.6446,6,"71,93,33,32,48,19",Kimi no Bouken (TV Size),SquareTude's Extra
93836,17.8605,1,75,Loudness War,Insane
243487,20.2249,2,"78,95",Shuffle Heaven,Another
563946,42.7046,3,"82,93,68",Asu no Yozora Shoukaihan,iyasine_sk's Extra
1084804,176.9734,4,"87,79,46,43",I Remember,NiNo's Memories
3628459,849.8891,9,"100,72,70,4,90,81,51,99,72",EVERYBODY DO THE FLOP (Cut Ver.),Extra
2027987,660.425,3,"33,17,41",Dedication,Collab Extra
3429536,110.844,1,41,border,Tsukumogami
3222123,94.5092,1,44,Omega Rhythm,Dance
941600,67.8287,2,"56,73",Understand? Understand!,EXTR@
951399,36.0897,1,62,Joyride,Fun Run
231917,1579.7079,15,"70,73,71,61,53,8,56,70,59,99,42,59,7,67,69",Plasma Gun,eXtra
641387,1568.5448,13,"71,35,33,45,96,63,97,54,19,69,48,5,45",20k (Aero Chord Remix),Insane
638551,4981.579,39,"73,48,74,73,85,44,33,60,39,42,21,88,27,26,54,81,40,54,23,49,82,75,14,29,70,29,7,98,57,10,21,44,34,21,67,27,30,34,75",Ai no Scenario,Extra
2327619,24.7618,2,"76,91","Don't think,Smile!!",DRe:AM START!!
1306493,185.1441,5,"79,50,59,70,52",oddloop,queerish dances
2201688,5024.8773,29,"81,95,30,28,28,42,48,64,93,97,30,22,20,83,28,13,21,15,28,15,75,25,16,60,90,93,64,5,18","Sasayaku, Kiekaketa Kouishou ga.",Satellite
1537817,3231.2712,41,"82,61,97,83,49,56,97,75,74,68,57,71,44,40,87,61,49,83,37,29,100,81,38,26,96,35,40,29,71,58,53,55,22,46,57,13,68,52,7,72,89",Kimi no shiranai monogatari,Serenity
992956,79.6502,3,"89,50,97",Hatenaki Kaze no Kiseki sae,Fractal
2663988,960.8463,8,"93,94,41,40,51,14,68,21",Prima Stella,Extra
1231520,6.7882,1,94,We Won't Be Alone (feat. Laura Brehm),Hikaru's Rose Extra
518069,31.4459,1,63,Untan Goose,Extra
5440237,90.6353,5,"72,53,95,87,80",clarity rmx (hayakou bootleg) (cut ver.),sharpay's extra
5050419,11.4192,1,82,Excelsia,IOException's Extra
4791612,57.7952,2,"83,56",Omoide Note,Conclusion
4772684,152.6944,3,"87,66,36",ROLLING GIRL (feat. Evil Neuro),Take & Sayuka's Extra
4891493,8.3245,1,88,the penis (eek!),the cat-allergic extreme (theshadowofdark!)
4879898,3544.6844,34,"89,88,94,54,38,38,68,77,69,63,59,82,33,52,39,21,36,36,91,78,64,64,45,18,41,15,89,28,100,17,16,24,95,18",Passacaglia (Short Ver.),Extra
5522769,577.7247,10,"95,78,32,89,40,53,69,43,54,32","Motto, Nee Motto (TV Size)",mizto's Expert
5151717,1226.4623,5,"100,4,78,21,40",Heat abnormal,Another
5068677,846.182,1,4,Summer22,Rose
1101611,712.4025,1,7,"Sonata No.14 in cis-Moll, Op. 27/2 - 3. Satz",Presto Agitato
936432,586.9336,2,"11,63",Paradigm Shift,Extreme
1543159,337.1922,1,20,Der Wald (kors k Remix),Entsetzen
5132070,318.2025,1,21,break/apart,utopia
3452597,149.574,1,35,Rip & Tear,PandaHero's Extra
4096684,119.949,1,39,Continue?,Yes
5607945,113.658,1,40,etheria,eternity
1329273,102.2864,1,42,Liar Liar (Wasteland Monarchy),Dark
972401,83.1909,1,46,take a step forward,GRAVITY
1689162,1845.3164,6,"47,11,19,4,43,80",Rinn Ding Dong,Sakase
5178705,74.8379,1,48,Spawn!,Kapooya!
1059323,67.484,1,50,At the Gates of Manala,Extra
5576554,2278.4497,11,"51,22,57,22,84,28,63,71,4,8,84",LittlE HearTs,Another
918041,57.3641,1,53,She Sings In The Morning,Extreme
2774775,51.3798,1,55,Acid Trip,Sepsis
2717662,48.5523,1,56,Unsafe Speeds,Extra
4637234,45.9108,1,57,LOVE B.B.B,subahibi's Atomosphere
5382184,35.3058,1,62,As the wind blows,Extra
3333794,31.8403,1,64,Mirage Age,Megafan's Expert
678106,28.6626,1,66,Acid Burst,Priti & Bonzi's Ultra
2737086,383.9001,6,"68,71,81,42,24,82",Bird Sprite -Awakening of Light-,Extreme
4637845,24.4262,1,69,"Surprise! I'm From Cuba, Everyone Has One Brain / 12 Hours, 630 Miles",Tragic Extra
2867842,22.0029,1,71,Dressed as Goblins,Another
3257370,20.8742,1,72,Period. ~ Seishin no Kousoku to Jiyuu o Tsukamu Jouka (Cut Ver.),expert.
255260,21.56,2,"77,95",Scream Hard as You Can,Insane
5635492,12.9003,1,81,Snake Eyes (feat. CoMa) (Sped Up & Cut Ver.),Fortune
2738376,46.5523,2,"82,60",Play,Can you play?
1982581,18.4103,2,"83,90",Grin,Expert
4622069,11.03,1,84,fragments,fractured
2924111,10.4749,1,85,The Falling Mysts,Expert
1906778,365.1537,2,"89,17",Izayoi Sakura,Pata-Mon's Expert
5343335,7.6429,1,91,Defragmentation,lazysloth's Extra
5600245,6.5386,1,94,Disorder,believer_i's Expert
2988161,6.1921,1,95,Chik Habit,Another
712972,5.5686,1,97,Helena,Kyshiro's Extra
821273,4.7603,1,100,Tears Don't Fall,The Poison
3857867,412.0915,1,16,Paleturquoise,Blue
1836851,373.8836,2,"18,94",Raikou -3rd Desire-,Extra
3605633,347.439,4,"32,51,38,76","Seishin no Kairi no, Sakebi to Nageki.",Eien no Kurushimi.
3860777,237.3673,2,"33,47",Utage wa Eien ni,The Feast Never Ends
1402392,4932.6465,37,"40,56,54,50,34,28,65,24,90,65,16,30,13,45,17,11,70,96,64,99,26,90,55,69,95,92,16,10,36,98,74,82,32,21,16,46,55",Hades: The rise,Hardest
3912744,148.3324,4,"42,77,82,66",Necrofantasia,Boundary of Life and Death
3893986,838.4604,4,"45,21,97,11",As the wind blows,Kyouren x Ascended's Extra
725718,596.5285,12,"46,85,92,45,56,60,60,67,74,92,23,51",BLUE DRAGON,Blue Dragon
3588981,75.8785,1,47,Anemone,Ultra
2903032,57.9058,1,52,Forgotten Hate,Misophonia
3551313,158.6794,4,"53,58,69,53",Stargaze Station,Cosmic Transience
3644429,52.0911,1,54,Is She U.N.Owen?,Forbidden Barrage
71562,55.2345,2,"55,92",Destiny (Nightcore Mix),MADNESS VER3!!!
3350321,62.6232,2,"56,75",Luscent,Another
3213722,44.4643,1,57,the Beautiful Cure feat. nayuta,Magnificat
3696280,298.8236,4,"60,90,60,24",Kakusei -Fractional Vision-,Insane
2744118,36.1062,1,61,Kuukirikigaku Shoujo to Shounen no Uta,Mirash & Delis' Collab Extra
4283937,706.6541,11,"62,83,51,53,100,44,31,61,47,97,25",Reverse Ideology,Extra
3828042,56.0862,3,"64,90,72",Gusha,Collab Lunatic
3085497,27.7509,1,66,Aegleseeker,captin's deliverance
2398960,170.0182,2,"68,33","own justice, once more",Vintage
1787835,22.5232,1,70,"Koyoi wa Hyouitsu na Egoist ~ Ego, Schizoid, Beat.",Embezzlement
2223963,61.1758,3,"72,89,61",Shadow Corps,Undead Empress of the Fairy Empire
2715016,540.1075,5,"73,63,14,45,87",Naikan Uchuu Shisha no Yurikago,Cradle of the Dead
2096921,278.9086,8,"76,69,57,35,78,83,82,58",Corona,OTO's Extra
3267957,155.3819,8,"80,85,68,57,57,68,97,87",Kyouki Ranbu (extended ver.),Candyland
2643849,21.1897,2,"81,86",dreamenddischarger,Liquidation
3089701,48.7643,3,"82,64,83",Xrocus,Sacrifice
1515526,142.4893,12,"83,99,96,67,84,97,88,85,54,72,92,81",FUCK YOU!,FAQ U
2306846,160.7593,3,"84,84,33",Messiah,Desire
3087082,9.599,1,86,ultima Thule,2014 MU69
3621507,29.395,4,"87,83,93,100",Replica feat. mami,Extreme feat. Enon
2234808,8.6077,1,88,Tokoyo Omohikane no Kami,Expert
1081936,397.7038,10,"89,63,86,86,63,32,56,51,52,75",My Dearest,Last Love
2789103,6.9908,1,92,Desire Drive,Lunatic
3508672,6.6397,1,93,Euclase,Dream Continuum
1066243,5.9763,1,95,Yakubyougami,Elimination
3800124,5.6513,1,96,ARCADIA,AdveNt's Expert
2643158,333.1813,3,"99,22,48",Maid to Chi no Kaichuudokei,Time Stopper
4580654,2314.7931,7,"1,31,75,16,39,31,14",oyasumination,dissolution
5008484,854.5097,1,4,Fairy Boukendan,Amateurre's Extreme
5337958,747.5954,1,6,Yumehayate,Toward The Light That Feels Almost Within Reach
3379944,639.9004,1,8,Bukiyou na Otoko,Extra
831705,550.1996,2,"11,93",Wonder Stella,Amamiya Crystal's Celestial
882272,516.3613,1,12,Hakone Hakoiri Musume,Extra
4429103,437.82,1,15,Yume to Shiriseba,Nostalgia
672100,353.5132,1,19,caramel heaven,Extra
5185406,2099.1328,7,"21,24,99,63,10,39,1",Yakimochi no Kotae,Echoes of Love
1207223,478.6235,3,"22,50,36",Uso no Hibana,Extra
4401656,286.2783,1,23,Ibasho,ponbot's Extra
3627857,256.4274,1,25,Silent Minority (TV Size),Unexpected Trap
1117251,243.5408,1,26,Ringo Uri no Utakata Shoujo,Cursed
1931138,206.0832,1,29,Ao ni Minasoko,Blue
1693566,195.3608,1,30,-ERROR,Reillia's Extra
955346,166.6031,1,33,Intensive Care Unit (feat. FIAB),Trauma
5181226,163.7523,2,"35,76",Marguerite,Yukio's Extra
2464761,635.8063,3,"36,57,12",one,Despair
438456,318.688,2,"38,30",Marine Blue ni Sotte,Serenade
4127679,120.5461,1,39,Newton,Liyuu's Extreme
4579499,108.572,1,41,Haru,Remembrance
2184542,103.1403,1,42,Aoiro Step (Cut Ver.),Reillia's Expert
3933678,92.9703,1,44,Inochi ni Kirawarete Iru.,Resentment
5362886,700.0746,4,"45,8,79,79",Yumehayate,Collab Expert
555965,75.2663,1,48,Toumei Elegy,Riziawa's Couple Extra
2109843,71.4442,1,49,Astral Dogma,Kyshiro's Dogma
1639219,67.3517,1,50,Independence,Extra
3681594,57.6889,1,53,Luminous Memory,Extra
401513,953.8813,11,"54,17,83,89,55,38,85,47,25,47,83",Songs Compilation,Marathon
1428482,49.2064,1,56,sh0ut,Collab Extra
4818129,46.6284,1,57,promise of twilight,Twilight Promise
2299553,44.2167,1,58,Yotsuya-san ni Yoroshiku,Kirai
2201576,625.58,5,"60,33,72,42,18",StaRt,Reform's Extra
1862062,1057.1875,6,"61,68,6,93,31,34",Reimei,Dawn Collab
1583135,33.9422,1,63,Ringo Uri no Utakata Shoujo,Happy Ending
688942,353.7806,3,"65,33,29",Zetsubou plantation,Extra
3565576,27.5549,1,67,Pyramid Head Is The World's Greatest Lover,EvilElvis' Extra
1770994,21.2272,1,72,Sayonara Waltz,captin's Extra
2291721,20.1432,1,73,Yotsuya-san ni Yoroshiku,Collab Expert
1538458,19.1276,1,74,Toumei Elegy,Mir's Extra
1257732,18.1699,1,75,Chase Me,Pantsu's Extreme
2606925,15.555,1,78,LET iT END (TV Size),UNRANKED SCHOOLBOY'S EXTRA
3434277,14.7712,1,79,Thoughtcrime,GalaxySkys' Extra
917129,84.7899,2,"80,47",quaver,NiNo's Extra
1314214,12.6256,1,82,Rock 'n' Roll Nandesu no,Extra
3208925,11.9933,1,83,Gaikan no Prominence,Yogurtt's Extra
3862399,11.3895,1,84,Ukigumo,Dazzlingly
958308,10.2592,1,86,Misanthropic Drunken Loner,Extra
5211344,9.2525,1,88,Worst Regret (Sped Up & Cut Ver.),Hayakou's Extra
3149839,92.3763,3,"90,68,51",can cry,despair
1647382,7.9187,1,91,Theater Love Song,Catharsis
5223324,6.4243,1,95,Golden,Born to Be
5370967,6.096,1,96,Heikousen,Extra
1036841,172.329,2,"97,31",New World,Nightmare
5070363,21.3468,2,"98,73",Yume to Shiriseba,EX
3299842,4.941,1,100,Aoi Chou,Ephemeral
4556372,746.6209,8,"24,31,54,71,40,45,54,78",First Storm (KonranP's Japanese Version),Akitoshi's Extra
4820214,964.7518,15,"33,77,80,92,97,41,40,92,24,51,70,52,33,69,47",Ange du Blanc Pur,Expert
4891482,878.4468,10,"37,53,41,65,22,99,60,24,83,59",Die (TV Size),Extra
4552675,162.6862,4,"62,50,89,47",CHOIR JAIL (TV Size),SAYUKA'S EXPERT
4879897,3486.7191,45,"68,70,85,87,85,62,41,56,27,60,99,57,69,53,95,51,45,48,60,40,65,25,70,31,39,69,57,49,33,37,44,18,54,30,25,35,49,63,14,90,75,82,81,28,51",Passacaglia (Short Ver.),Distinguished
432839,57.137,4,"70,81,94,70",End Time,Extra
2022201,82.5598,4,"88,95,47,93",Totsugeki Rock,Reform's Expert
2197401,235.6208,8,"91,76,92,97,44,39,68,92",SANTA SAN,REFORM'S EXTRA
3933758,3368.9108,54,"94,81,10,98,71,45,91,80,85,36,88,88,72,73,38,81,60,68,97,94,64,73,44,64,47,47,73,42,50,80,26,85,94,51,57,33,88,98,43,64,100,22,45,31,86,73,16,93,31,78,38,55,62,33",Life Sux (Sped Up Ver.),Extra
854616,1304.7884,24,"98,53,100,68,80,62,73,48,75,58,42,92,90,37,46,34,51,27,58,94,48,96,64,21",Asu no Yozora Shoukaihan,Linada's Insane
1266447,204.4238,9,"100,100,91,48,78,69,98,56,53",To Adventures,Venture
1713939,246.9874,4,"73,37,49,62",ReI,Eternity
2061192,21.8829,2,"89,78",Tensei Redemption,Maiden of Miare
4810916,2589.3355,14,"91,72,15,87,8,19,92,92,84,32,24,48,64,4",Ghost Rule,Deception
4728922,885.0452,3,"98,75,1",L9,sstari's Extra
4812454,623.5237,1,9,onostrapha,expert
4170171,696.8285,5,"21,47,71,40,26",Heavenly Blast (2022 Remaster),-Tynamo's Extra
5272984,232.1332,1,26,Xeno Phantasm,Ayesha's Extra
5405850,167.7099,2,"37,58",Wakuwaku Tabemono Land,Extra
3974395,109.1082,1,40,Myths Orbis,Musty's Expert
5272983,96.3536,5,"52,76,91,82,83",Xeno Phantasm,Another
4669375,51.0828,1,54,Diastrophism,nomi's Expert
4999511,41.2592,2,"62,84",Galactic Astro Domination,Sh4rq_'s Extra
350921,27.8387,1,65,Never Mind,Disregard
1647345,22.5619,1,69,Houmous,LMT's Extra
1419403,239.4787,5,"71,50,37,67,67",Heart no Atoaji,Sotarks' Emotions
2534930,190.6375,3,"73,98,30","FLYING OUT TO THE SKY (covered by Nanahira, moimoi, Nana Takahashi)",NiNo's INSANE
689290,52.7216,2,"89,55",Awake,Goodbye
3224505,464.8008,4,"91,17,50,69",Iro wa Jou e to Izanau,Extra Stage
3059110,33.5537,2,"92,63",Throwdown,Extra
2628162,202.7293,6,"98,93,59,91,43,46",Colorful (Cut Ver.),Log Off Now's Extra
129961,4.5157,1,99,Akasagarbha,Shiirn's Extra
4793132,1540.9152,18,"51,79,80,61,83,17,22,83,15,75,48,37,78,35,54,98,92,100",Kuroiuta (Cityyy Remix),"The Black Flower's Voice, A Harmless Song in Ice"
4066074,30.9074,1,63,lonely,forsaken
3355432,1110.7544,9,"73,93,36,20,59,30,15,57,74",Tinu rareta Syuren Ni Fukeru Homura,Tatare Enmi
2345714,1592.5386,20,"82,80,63,63,47,47,50,93,49,68,89,28,44,81,91,32,92,17,92,11",Tenkai e no Kippu,Before the Finale
3608737,312.4019,7,"88,50,57,80,58,52,39",Liberation,Salvation
1737169,555.4132,7,"91,42,45,76,18,72,76",Airman ga Taosenai (SOUND HOLIC Ver.),Unbeatable
5211129,14.551,2,"92,86",Eien no Tsurugi,"Under the Blue Sky, We Strive to Overcome Difficult Challenges"
5172331,740.865,9,"94,59,91,25,67,24,34,99,54",AugoEidEs,AbySs
4876927,5.6248,1,95,Shiten,Extreme
1397146,45.8481,2,"98,56",Youyou Bakko ~ Who done it!!!,Extra Stage
2721518,4.5581,1,99,Kira Ippai x Suki Ippai,Kinshi
3851983,449.4745,24,"100,95,73,68,67,81,99,100,65,99,95,47,99,90,69,77,47,66,83,57,78,70,99,55",Yami no Mahou Shoujo,Chaos
5591821,213.9857,2,"52,34",Ice Angel,Divination Break
4817853,35.8565,1,61,Why I hate you,Verdict
5178894,21.2387,2,"80,87",Denial // Rebirth,Burden // Benevolence
2624022,252.6001,4,"86,43,38,47",Zetsu,Chaos
4924181,8.6176,1,88,Behind Leaves and Vines,Silent World
4011129,4.7647,1,99,Ga1ahad and Scientific Witchery,gazimal's Expert
3539681,239.2697,2,"27,72",Hades Bossfight Mix,Beyond Styx
2248906,594.8959,12,"37,87,86,89,76,66,95,40,87,36,78,29",Sacred Bones Riot,Slay My Sins
655794,430.6426,4,"38,93,23,52",T-T-Techno (feat. Jesskah),Technonationalism
509510,103.9496,2,"46,64",Hanairo Biyori,Awaken's Challenge
948540,74.3969,1,47,Paranoid Lost,Nightmare
3802259,584.2023,8,"49,28,100,31,45,62,80,85",Shipwrecked,I'LL DRINK TO THAT
2478754,63.8739,3,"55,98,81",Critical Cannonball (Extended ver.),Limit Break
4284879,40.664,1,58,Where the Spirits Go On,Finale
592113,285.8266,6,"59,93,27,80,89,61",The Obsidian Crown Unbound  (Episode: IX),Onslaught
157861,41.7231,2,"62,86",Six Trillion Years and Overnight Story,0108
5160571,26.636,1,66,Hours feat. Lady Leshurr & Paigey Cakey (Cut Ver.),Challenge
662928,339.3024,4,"67,42,33,44",Firesong,NOX
3207042,23.9448,1,68,NUMA,Multifarious
1155085,659.1186,10,"71,81,72,42,85,30,40,27,57,70",Loose Change,$
1574230,47.588,2,"73,62",Outer Isolation,Segregated
1484776,172.7746,3,"87,61,34",Hoshizora no Ima,Shooting Star
907850,273.6719,6,"91,96,49,74,80,29",Skyclad no Kansokusha,Time Travel
1815397,2066.7418,33,"93,74,66,48,54,52,93,90,74,48,70,86,56,83,70,68,49,18,95,81,87,81,43,64,83,12,56,31,67,44,37,57,22",Angreifer,Das Gemetzel der rotblutfressenden Bestien
1843231,11.8115,2,"95,94",Rude Buster,Extra
5536673,630.2395,7,"96,68,68,43,23,47,30",Little Batty Foo Foo (feat. TechDiff's Modest Loft Conversion remix),FIGHT FOR YOUR LIFE
790415,140.9203,6,"97,75,55,90,48,99",DREAM SOLISTER,Melody
4743607,300.7956,1,22,Kawaii Razor Blades (Astrophysics Remix),@@@@@@@@@
5564630,824.7411,5,"28,13,45,70,88",BSPower Explosion,Another
5380386,55.727,1,53,* Crow Solace *,Chamine's Extra
4863442,3825.9499,25,"73,81,71,100,90,40,63,99,28,80,86,39,58,13,81,41,32,33,7,60,8,21,16,21,14",Chiisana Hari no Youna,Extra Stage
3296455,1758.4825,12,"82,74,33,24,37,97,14,7,38,56,73,51",End Credits,Goodbye
882897,2932.5646,40,"91,72,62,80,52,79,91,61,54,79,32,88,51,31,40,71,54,82,39,39,42,22,78,34,66,28,92,25,88,49,27,93,86,29,39,48,57,54,20,46",Abracadavre,Insane
5158368,332.5984,7,"42,50,48,44,86,78,90",End Of Sorrow,Awakening
4486700,2338.704,17,"64,99,19,44,20,57,45,45,42,32,3,49,64,96,32,97,24",THE END OF THE LINE,A THOUSAND FATALITIES
4270897,1779.9863,15,"65,84,64,33,14,20,69,74,25,39,20,50,29,57,71",Reincarnation,The Ever Evolving Labyrinth Engulfs the Last Connections of Our Eternal Love
4085833,240.2169,2,"72,27",Omoi Nochi Hare,Extra
5186053,1281.6727,13,"75,50,79,95,34,38,21,94,54,69,34,21,24",Hishin Matara ~ Four seasons where Starless disappeared.,The Divinity of Secrets
5377472,14.3653,1,79,Intro / Kuuchuu ni Shizumu Kishinjou ~ Counter-Clock World,Sanctuary in Reverse Flow
5290285,724.6256,4,"82,12,24,99",Let's go! Onmyouji,Another
5574407,8.4666,1,89,Naraku no Majo,The Witch Blooms like a Midnight Rose Under the Light of the Crimson Moon.
4397592,8.0418,1,90,Everlasting Eternity,Till The Epilogue Of Time
4704306,1482.7607,16,"93,41,89,32,59,51,42,34,79,16,81,43,92,13,58,70",Gekiai No Yobigoe Ga Dekiai No Sakebigoe Wo Kurau,Monogatari
5223159,5.5827,1,97,Thousandth Sky,Tsubasa+
5308110,171.2877,3,"64,52,42",Heart Attack (Rock Ver.) (Nightcore & Cut Ver.),Ram's Extreme
5125137,236.1253,3,"68,29,57",Adventure Starts Here (Sped Up Ver.),Andrea's Enchanted Forest
5391262,2304.8412,12,"69,99,54,71,33,18,12,9,9,38,41,76",How to Be a Heartbreaker (Nightcore & Cut Ver.),</3
4683931,504.7005,8,"74,95,45,29,90,38,40,67",Decided (TV Size),Tylerderp's Extra
4881965,37.3393,2,"78,67",klik klak brazil strelyayet,NOVIY HIT
4962398,303.0535,7,"100,94,70,88,42,29,76",Kani*Do-Luck! (TV Size),PikA's Steamed Crab
4853510,829.857,6,"18,29,30,63,73,62",Densetsu no Sabori Shinigami ~ Make a quick escape,Athanasia's Extra
5103175,284.54,1,23,Stop Saying We Sound Like Dragonforce,Not Collab Expert
5731505,351.1324,3,"50,29,36",Animation Warrior Theme,DEZU'S NEBULA
5731508,52.6117,1,54,Animation Warrior Theme,REENIX' GALAXY
5609067,29.1257,1,65,The Frozen Land,Faithless
3416136,133.3041,3,"70,58,47",Koe,Collab Insane
5674419,21.2804,1,71,My Heart Will Go On,Expert
4911725,424.8706,2,"73,14",Glint,Blaze in the Pyres of a Destiny that Calls
4101070,533.8491,6,"80,65,68,13,91,51",Herald of Aegir,Collab Expert
4941100,74.0647,4,"81,77,90,55",over the top,TACOYAKI'S EXPERT
3564458,874.9849,3,"85,69,1",Hanatachi ni Kibou o (2020 Remaster),Extra
3017374,642.2761,16,"91,73,48,81,88,62,85,79,86,77,56,83,50,48,34,29",You Can't Explain Anything Without The Word 'Destruction' / Destruction,BOUYAAA's Lunatic
4649193,255.3323,3,"99,24,87",Merry Axe-Mas,Nymphe's Extra
2184544,514.1488,2,"13,68",Aoiro Step (Cut Ver.),wkyik's Extra
2923009,403.8054,2,"17,88","Tougetsu, Rinzen ni Kisu.",Touch Your Dreams
1925405,1938.3526,20,"18,62,46,66,91,96,86,86,78,74,57,94,23,33,34,85,20,85,24,20",Shitteru? Madousho wa Donki ni mo Naru no yo,extra?
2603107,602.491,5,"30,56,78,70,17",Imagination (TV Size),Reform's Extreme
2559127,761.7099,2,"35,6",FaV (Short Ver.),Kowari's Extra
2820386,171.8131,2,"36,60",Lapis Lazuli (Cut Ver.),Beyond the Sea
2245766,1137.0412,14,"44,84,92,100,35,28,57,61,64,82,46,23,21,83",PADORU / PADORU,A r M i N's Extra
1810150,91.544,2,"45,93",Kimi no Sei (TV Size),Extra
1500991,276.319,4,"46,32,60,91",Uso no Hibana,Expert
889729,59.3482,1,52,FriendZoned,Slayed's Extreme
3320563,364.9103,3,"56,26,41",Say Goodbye (Sped Up & Cut Ver.),A r M i N's Nightmare
2410947,45.5632,1,57,Utsuroi (Short Ver.),Kowari's Extreme
2637354,44.9416,2,"61,87",Metal Crusher,Expert
2474570,1067.3397,4,"63,31,14,11",Saigo made II (TV Size),browiec's Extra
814293,45.6123,2,"67,71",Cold Green Eyes ft. Roos Denayer,Divine
2619743,77.0287,3,"68,72,56",killy killy JOKER (TV Size),Reform's Extra
1786111,31.1631,2,"74,76",GET BACK,Reform's Expert
1576304,17.0833,1,75,Kagerou Days,Kagerou
1091249,14.6013,1,78,Zen Zen Zense (movie ver.),Extra: Taki
1490581,93.5862,4,"81,65,87,53",Noise (English ver.),Expert
851255,11.2258,1,83,Inai Sekai,Kimi ni Todoku Ka Na?
1313431,6.6245,1,93,Hakkensha wa Watashi (Anime Size),Kencho's Grimoire
2596018,741.5045,20,"94,86,100,74,56,67,95,78,68,70,99,79,60,51,41,89,86,18,60,59",Horrible Kids,Kuki's Extra
980431,60.6151,5,"97,57,100,97,89",High Free Spirits -TV.Ver-,Skystar's Extra
1065863,57.9249,2,"99,53",EDEN,Another
3122809,369.5758,5,"100,71,72,92,17",Now On Stage!!,Let's Dance!!
1468734,732.7125,1,6,Excelsia,BOUYAAA's Extra
297668,684.6756,1,7,artcore JINJA,Skystar
506357,1315.3525,4,"9,23,18,41",Rigid Paradise ~ Dawn of the Dead,Extra Stage
4856368,227.9541,1,27,Heat abnormal,Ayesha's Expert
689775,358.2795,4,"44,24,85,91",Yakimochi no Kotae,Jealousy
246099,351.8223,2,"55,21",Anhedonia,Euphoria
1226904,28.8009,1,66,Solar Storm,Eruption
732724,1304.8466,6,"69,95,80,9,85,3",Yours Is an Empty Hope,Vanity
958819,40.1912,2,"70,73",ANiMA,Extra
397503,18.9366,1,74,SOUND OF GIALLARHORN,eXtreme
3900708,28.5795,2,"77,79",Majotachi no Shanikusai,Extra
742975,989.3861,14,"83,64,37,65,91,86,42,48,59,17,32,44,69,58",Caliburne ~Story of the Legendary sword~,Extra
4866217,9.122,1,88,A-Side of YTPMV,Marathon
475805,7.4084,1,92,Critical Crystal,wa's Extra
764292,5.1395,1,99,reunion,Elvis' Masterpiece
5364602,78.6305,2,"48,96",I Wanna,EX
3817010,341.9148,7,"57,67,52,40,39,64,95",Epitaph,Poem
1419243,862.4331,15,"75,88,91,36,70,49,65,73,26,83,83,71,22,91,42",HIBANA feat. Hatsune Miku,Lock On
2585550,6.0497,1,95,ENDYMION (long edit),AIONIOS IPNOS
2064046,874.4891,1,3,Tsubomi (Long Version),Cherry Blossom
4992092,270.238,1,24,Souzou Forest,Summer
4532433,156.9835,1,34,Bloom,Aspiration
5374538,513.8457,2,"42,15",Baby Sweet Berry Love (Tsukiko chan Maji kawa-E Remix),/// Tsukiko-chan ///
4801995,356.2229,4,"47,30,49,73",Yume no Tsubomi,Gambling
3668045,63.7939,1,51,ReI,Cataclysm.
3832347,57.5128,1,53,ODDS & ENDS,Reminiscence
2186281,77.6347,2,"54,69",Haruoto*Veil,Extra
2120917,49.0473,1,56,Soundscape,Extreme
1099369,41.8776,1,59,White Eternity (Soleily & Epsilon Remix),Yuuki
4833586,22.3331,1,71,Gunjou Infinity,Bouquet
4150202,928.7526,2,"81,2",Floating Darkness...,Extra Stage
3177985,68.5862,4,"84,59,91,80",Hajimari no Oto,Goodbye
2773133,972.3715,4,"85,74,30,2",Atlantico Blue,Sea of Dreams
1168821,339.5095,5,"86,49,45,33,55",chrono diver -fragment-,Tranquility
2003644,9.2282,1,88,Songs Compilation,Eternity Future
2322888,1622.8041,4,"95,79,4,3",Clover Day's,Rio's Extra
4385530,6.0923,1,96,Fansa,Expert
4852956,4.9481,1,100,Romantic Wedding,Confession
2695411,3366.2725,9,"21,78,86,4,11,6,2,63,22",Dear Brave,Kowari's Extra
4874773,449.2192,3,"35,74,23",Light Delight,Extreme
1769144,381.2922,2,"39,21",Monster Effect,Sotarks' Cataclysm
4796782,909.9161,3,"44,32,6",Light Delight,Extra
2815257,1156.5482,7,"49,73,12,92,35,19,39",Zankoku na Yume to Nemure,sbsonic's Expert
5260737,62.7734,1,51,Adagaeshi Syndrome,Rizia's Revenge
4470232,1039.8863,3,"76,5,21",Diamond Smile,Fly High!
4642531,11.6491,1,83,Careless,Nilou's Extra
4893028,703.3742,6,"86,10,90,46,57,47",I'm Not Okay (I Promise),Akitoshi's Extra
5640225,5.828,1,96,Yakimochi no Kotae -another story-,I'll listen to everything! Kohanari!!!!
843597,64.5355,2,"57,69",MONSTER,MOMOKO'S EXTRA
922172,389.2852,7,"81,77,57,96,50,54,25",The Azure Arbitrator,Chrono Collapse
2885884,387.9386,1,17,SEDUCTION (Vocal Remix),Extreme
180104,292.3112,1,22,neu,Gold
905684,258.7444,3,"27,81,65",Renai Syndrome,Cherry Blossom's Extra
2526538,77.1908,1,47,Empyrean,Heaven
381928,73.1816,1,48,.357 Magnum,Another
884089,521.636,4,"50,34,35,26",Joker,lsahi's Another
258634,53.7577,3,"68,70,92",High-Priestess,Sudden Death
50892,24.0988,1,69,Satori ~3rd eyes~,Lunatic
2619918,66.2962,3,"77,60,74",Disorder,Sylas' Expert
2481649,37.7493,2,"84,64",Judgment Day Has Come,Lunatic
75831,9.8283,1,86,MENDES,Another
2308904,1134.6635,13,"88,68,75,50,58,84,95,93,48,41,11,16,79",Image Liner,Lasse's Petal
770576,2135.1746,22,"89,66,62,28,40,58,73,59,22,89,16,33,30,44,21,44,42,55,67,44,68,86",monochrome(Asterisk Makina Remix),Scythe
3001356,135.7411,2,"91,36",Lunatic Tears... (Tatsh Remix),Collab Expert
1440742,36.2432,2,"96,62",Reason of being,Cookie M i N's EXTREME
161787,60.8409,3,"98,75,55",d.m.c (Band Ver.),Insane
1774140,4.9459,1,99,neu,Muya's Expert
2274002,754.1913,12,"15,82,58,43,86,81,66,93,72,54,51,95",Soundscape,Kowari's Expert
2991142,308.8472,2,"22,93","Massacre, The New American Dream",Annihilation
2519704,658.272,5,"40,34,23,96,34",DORAEMON,Best Friend
4771576,194.0558,5,"62,93,43,55,79",Kaisei,Summer Memories
2343583,15.5077,1,78,"Yuuga ni Sakase, Sumizome no Sakura ~ The Harm of Coming into Existence",happy30's Extra
255700,1385.3291,12,"81,37,47,59,18,38,16,42,73,48,31,69",Kanjou Chemistry (Drum 'n' Bass Remix),Exw
3661706,307.078,3,"86,99,20",String Theory,Singularity
5090210,247.1951,3,"97,63,26",Little*Summer Party,Extra
725198,299.6065,8,"99,61,49,95,68,98,87,30",Puppet in the Dark,Out Of Place ARTifactS
4746040,918.4994,5,"54,74,73,41,4",Sympathy take me to darkness,Fantasy
5579174,612.3803,2,"55,9",Over the Fullereneshift,aspen's Extra
4393175,47.656,1,56,Abandoned Land,Desolation
4991432,885.6661,8,"59,29,94,73,82,67,11,39",Luna Projection,Extra
5062874,78.5486,3,"69,72,59",Lux,zyn's Extra
3647055,354.4816,8,"79,99,97,45,52,31,53,78",Diane Young,Dying Young
3340985,228.4725,4,"89,65,32,63",all the joy in life was gone once you left,----
3644373,21.5157,2,"94,75",and Say Good Bye...,Demarcation
4806651,29.272,2,"95,66",Kawaii Razor Blades (Astrophysics Remix),Coll@b Extr@
3435049,53.2328,1,53,Densetsu no Sabori Shinigami ~ Make a quick escape,Cellina & TD's Collab Extra
1718671,454.7925,5,"84,83,99,14,80",5150,Expert
4112730,666.7431,6,"12,57,65,66,94,52",JAMMER,Atipir's Extreme
3708082,2684.3319,15,"13,12,46,70,30,70,47,31,27,60,85,21,19,53,14","semantics: the benzo chronicles, part 2",a ray of hope in this temporary world
2252829,392.4796,4,"19,93,86,58","Yuuga ni Sakase, Sumizome no Sakura ~ The Harm of Coming into Existence",Stage 6
4009988,429.8309,7,"35,70,93,41,79,34,60",The Magician,Conflagration
4767844,3104.9346,14,"37,20,23,60,5,27,49,44,33,40,11,8,71,55",Split EX (Instrumental Ver.),REALITIES COLLIDE
5219829,866.0032,11,"38,71,60,83,70,87,15,82,35,91,32",Danzai No Honoo To Koibito-Tachi No Rondo,Someday they will meet again.
4837918,143.4518,3,"47,60,57",Raison d'etre,Despair
5426594,609.6402,6,"49,45,18,98,43,47",Ange du Blanc Pur,Ange du Blanc Pur
4346785,502.5324,7,"55,51,36,89,40,38,44",BLUE ARMY,AMOR
5212343,844.7712,11,"58,16,32,93,93,35,92,45,81,77,89",Marunouchi surviver,Level One
5222064,57.7938,2,"59,72",The last straw,fergas' Splinter of Destiny
5339231,43.657,2,"60,90",OCTOBER STARLIGHT 4EVER! SIDE A (pt. 3),Marathon
4859466,439.9724,10,"63,65,86,51,76,60,37,40,57,60",Hold Up Your Hearts (Again),Memorial Heartache
5396873,29.568,1,64,Nastrond,Delirious
2354752,23.9045,1,68,Walk This Way! (Cut Ver.),Expert
2275674,749.8728,8,"71,81,67,78,73,33,10,52",Rigid Paradise ~ Dawn of the Dead,Stage 3
4510284,14.9423,1,77,Hades: The end,All Comes To The End
4215279,77.3625,2,"81,46",ArchangeL,Metamorphosis
4403711,176.9924,5,"84,83,76,42,49",Crystallite Dream,Materializing Heartache
4762534,547.2068,4,"85,81,11,84",FREEDOM DiVE,Camo's THREE DIMENSIONS
4955680,748.896,4,"87,24,10,82",Tetoris,Game Start
5207498,1377.4055,17,"90,33,74,57,82,45,72,55,83,13,88,30,71,97,43,20,51",Wedding of the Goodbye,Forever
4953436,4.371,1,100,The Stains of Time (Maniac Agenda Mix),DISAPPEARING DREAMS
4899428,1453.1276,5,"31,5,46,27,19",Tetoris,Why
3793495,577.3061,14,"36,83,90,60,85,75,62,88,49,54,47,84,77,34",Higher's High,Counterattack
4897202,913.8505,5,"43,24,15,43,35",Oh No! (Nightcore Mix),Prophecy
4561316,355.0765,8,"44,84,78,97,84,61,30,58",Believer,Belief
5071474,1429.9912,10,"57,42,73,23,23,56,79,73,74,4",Worst Regret (Sped Up Ver.),My Ending
4894931,2100.0557,13,"64,100,56,89,72,92,6,44,50,46,13,11,17",Trust Nothing but Love,Log Off Now's Ultra
2020385,54.0633,2,"69,61",Verflucht,†LEGGENDARIA
4635976,16.0763,1,77,Tee-hee Time,Angelic Wrath
4772470,63.9171,5,"93,96,57,97,87",The Last Blue Sky,Beautiful Sky
2177100,18.0706,2,"97,78",No Good Magia (Start the Witch),Collab Extra
4274997,88.669,4,"98,49,94,72",Trauma Recorder,Pain
5799678,897.7908,1,3,FOCUS,"YOU, YOU, YOU, YOU"
4422597,411.7895,1,16,AMERICA HAS A PROBLEM (feat. Kendrick Lamar),Dr+Gs
2287891,275.3526,1,23,promise,geddan
4093567,247.5968,1,25,Masquerade!,Extra
1127541,238.3813,2,"28,63",Outbreak,CBH's Extra
2989093,143.1481,1,35,Hashire Uma Musume,Hashire aramaki & ponbot!
4948344,135.8444,1,36,MOON-RAINBOW BUTTERFLY,Brilliance
3533482,98.7112,1,42,Shinteki Souzou,Ultimate Divine Creation
4680797,584.5506,4,"45,11,100,89",veladonna,Vengeful
1706996,64.3067,1,50,Sayonara Waltz,Expert
1121504,51.9448,1,54,Nobore! Susume! Takai Tou,Expert
4834849,46.7847,1,56,The Throne,Banished
1603957,659.8367,2,"59,7",Mabu,Extreme
2647601,37.7856,1,60,Meiji Juushichi-nen no Shanghai Alice,Expert
1580335,145.0333,2,"61,37",Spider Dance,Yoeri's Extra
622407,752.8798,9,"65,53,41,87,25,36,92,65,27",Hours ft. Lady Leshurr & Paigey Cakey,Gangsta Collab
4131111,19.8736,1,72,Ayakashi set 14 Another ~ Yoru ga Oritekuru,Borderline
3256946,17.0196,1,75,Batsubyou,Maiden Voyage
1589931,22.354,2,"81,83",Libera,Lachesismic Armageddon
4953777,11.1848,1,83,Arcadia (Short Ver.),announcerf's Extreme
2040486,10.6249,1,84,Horizon Blue feat. Kanata.N,Endless Expanse
2184669,10.0856,1,85,elegante,Extreme
5617316,9.5693,1,86,BLACKLOTUS,FINAL
804164,898.1771,17,"89,92,99,55,41,93,74,39,53,28,62,92,87,69,84,29,32",MONSTER,FOREVER
2136080,7.7568,1,90,Kokoro Odoru,Dance!
2484271,15.7843,2,"92,86",breathe,Expert
2172462,6.2561,1,94,Drawing Again,Flower of Happiness
2238336,5.9411,1,95,I wanna be a girl,"Can I Become One, Please?"
3205692,9.6203,2,"96,100",Biomech - Vals No. 666,Embryogenesis
5509430,725.6688,1,6,Metheus,Axilotl's Extreme
5337734,702.6526,2,"8,54",Over the Fullereneshift,Astronic's Extra
5296135,401.5701,2,"48,16",Hidamari no Uta,Farewell
5522005,1209.0008,13,"69,76,37,21,29,54,72,26,88,24,84,60,43",feeling good (nightcore & cut ver.),astronic's special
1223604,14.0487,1,77,Solar Storm,Shizuroh's Extra
4954793,254.0929,11,"80,100,71,86,74,69,64,53,98,57,45",Vertex Beta,Cellina's Extra
178353,432.9176,7,"89,79,53,54,38,94,26",Lapfoxed Forever,Nogard
756448,37.4501,3,"90,85,66",Fukagyaku Replace,Weakness
4694220,174.3312,8,"92,52,76,99,61,79,86,48",NE PLACH',extra
5413171,49.5652,2,"96,54",Marunouchi surviver,Collab Insane
5574278,210.2997,5,"99,74,47,57,39",intro,expert
5719198,2732.8612,12,"15,31,54,49,5,99,19,28,17,48,17,85",Nagareboshi,Endless Starlight
5348642,565.5877,9,"42,55,36,95,74,62,25,89,99",Sorry Not Sorry (Rock Ver.) (Nightcore & Cut Ver.),Liar
4689547,953.2372,8,"56,65,94,77,39,85,3,82",Ai o Chikaishi Hime Kazari,Tragic Love Extra
4642487,139.8864,8,"75,61,86,67,93,75,77,68",Skyfall (Cut Ver.),Collapse
2444149,1523.2153,13,"92,59,31,62,42,39,32,81,11,45,95,15,91",Imagination (TV Size),Extra
2077126,106.8639,4,"99,78,48,64",MIIRO (TV Size),TATOE
1125784,1379.9829,5,"3,60,21,27,59",Now Loading!!!!,KenZiaStarR's Extra
4310045,766.1331,2,"11,25",Songs Compilation,Starlight
3781668,463.877,3,"27,27,58",Hakkensha wa Watashi,Magical Fantasy
4852374,271.3272,2,"29,49",Acchu~ma Seishun!,We Love!
1934098,198.6179,3,"34,90,60",Dramatic Star,Constellation
3329210,121.5584,1,39,MELODY FLAG,HARMONY
3338949,114.7239,3,"44,92,79",Euphorium,Memories
4024009,89.0036,1,45,GROWING*,BLOOMING
1681106,1013.5504,5,"52,66,48,31,4",two-Dimension's Love (TV Size),Extreme
3486287,55.0427,1,54,Million Smile,Fantasy
2137749,49.5841,1,56,Clione no Akari,Flying in the Sky
5719394,478.8144,4,"61,13,94,83",Torawareta Kodoku no Chou,"As My Shadow Wanders Into the Empty Sky, I Bestow Upon You My Flower of Prayers"
2223017,15.5953,1,78,Endless Starlight ~Inochi no Kirameki~ (Full ver.),Xtrah
3982122,199.8554,2,"87,27",MELODY FLAG,Dreams
2034429,847.2996,4,"93,71,33,4","Haikei, Sakura Maichiru Kono Hi ni",Fond Memories
2183206,6.7621,1,94,367Days,Over the Dreams
4766137,641.5465,5,"55,10,82,68,74",Gekkou Karen Stripe,Candle
5375040,26.4914,1,66,"The Sun, The Moon, The Star",And Nothing Would Shine As Bright
3111877,1531.0543,6,"73,96,39,13,16,6",Painters of the Tempest (Part II): Triptych Lux,Blinding Horizon
5597018,415.3891,6,"74,50,48,98,22,80",Tarot,Witch of the Woods
4823987,121.5623,6,"79,79,81,51,67,90",Arkadia,Path to the Eternal Paradise
4796346,189.5972,2,"32,65","Motto, Nee Motto (TV Size)",Uri's Extra
887145,98.9934,1,42,Koitsubakihime,Skystar's Hime
4072615,262.847,3,"49,83,29",Bed Bath & Batman Beyond,Hiroto's Extra ft. buddon
97416,24.5097,1,68,AugoEidEs,Aphotic
210718,15.0944,1,77,Ikasama Life Game,Regou
1857527,5.2863,1,97,Bad Elixir,Another
4037655,259.4958,2,"98,23",Natsukashiki Touhou no Chi ~ Sic World,happy30's Lunatic
5420895,1138.3074,3,"43,4,18",KOLOKOL51,TSAR BELL
5855259,157.6015,2,"56,39",Kamigami ga Koishita Gensoukyou,Extra Stage
5089584,2806.0402,36,"70,57,75,44,68,57,45,44,58,63,43,34,41,54,78,63,76,29,87,73,45,43,71,44,77,84,17,92,17,93,39,48,20,43,43,25",on & on,-Tynamo's extra
5319166,175.8772,2,"93,29",Squidward Yell,SQUOG IS BEATING SPONGEGAR WITH A STICK WTFFF!!?!?!?!?
5817478,56.702,1,52,The Island (MaxNRG drum'n'bass remix),What Are You Waiting For? (2013 Version)
3833517,9.301,1,86,Eiyuu no Tsurugi,Final
2675332,133.3778,4,"95,99,50,48",Got Me Thinking (feat. Veela),Slips' Extra
1077323,430.2269,1,15,Strawberry Trapper,Kiss
4869656,1214.4503,15,"37,75,35,63,33,56,70,73,57,38,10,74,100,80,61",PADORU / PADORU,Reform's Expert
3483015,790.7114,7,"38,66,31,99,18,31,100",Ray (Cut Ver.),Emptiness
3864073,444.3172,2,"40,17",Seishun Complex,otudou's Extra
2403946,1210.3863,13,"49,69,50,91,64,75,62,33,14,60,22,71,38",Heart no Shuchou,Kowari's Confession
3026473,148.0993,3,"56,48,58",If You Can't Hang (Cut Ver.),Aching
2946557,49.9987,2,"57,93",SAIKYO TENSAI WONDERFUL WORLD of KORONE,Yubi Yubi
2546969,39.5538,1,59,Lost Word Chronicle,Fantasy
4863831,35.3667,1,61,Override,Amateurre's Extra
4845688,303.9936,6,"62,57,71,54,34,56",Wolf & Raven (Cut Ver.),virtuoso's Extra
4639927,31.697,1,63,Diddy Kong Racing Theme,Diddy Kong Racing 8 Deluxe Booster Course Pass
3461188,885.3951,8,"66,73,93,70,51,16,16,47",Like Flames,Tempest
3112747,25.5168,1,67,HELLO HORIZON,Believe
3945388,47.036,3,"70,70,99",Distortion!!,Meg's Extra
1514105,1695.8181,24,"72,100,74,61,76,38,48,64,91,60,42,65,72,54,95,44,28,21,66,22,75,38,26,49",Are You Ready To Fall Into Falls & Fall Of Tears,Tears Will Become Melodies Tonight
3717503,450.6896,4,"73,87,14,59",Hana no Tou,with
1025348,1400.2988,10,"74,82,49,55,49,16,15,84,38,17",Tsumi no Namae,Blooming
3036398,13.5981,1,79,Calm Down Juliet (What A Drama Queen),banter's Extra
1580557,123.5219,3,"80,43,67",More One Night (Assertive Hardcore Bootleg),diuS' Insane
4519376,10.9569,1,83,Heart no Shuchou (Cut Ver.),Love
2258127,7.1362,1,91,Uso to Shinjitsu,Hallucination
2682465,252.0827,17,"96,72,91,61,85,90,87,93,74,88,98,73,48,99,70,58,97",Inferno,Another
274276,3948.7547,39,"100,87,52,55,96,70,79,66,96,76,31,41,46,45,27,69,31,58,83,48,59,48,24,37,33,30,16,72,26,12,20,27,26,82,68,71,51,31,26",Deep Sea,Insane
4951949,444.674,6,"17,77,90,63,89,92",ANTIDOTE,EXTREME
4708147,644.8888,5,"37,35,66,17,100",Decided (TV Size),Kuki's Extra
2032971,47.7228,1,55,Joker ni Yoroshiku (TV Size),skytuna's Extra
4295145,49.961,2,"57,90",Can Do (TV Size),LeGoat
2044362,1825.8327,25,"71,77,47,100,96,48,44,39,31,56,50,59,85,80,38,29,23,79,79,76,14,77,50,81,38",JUSTadICE (TV Size),Extreme
2282067,86.8646,3,"76,51,71","""Tenohira"" (TV Size)",Master
4419203,145.5626,7,"82,90,83,53,91,50,84",Brazil,browiec's Extra
5416767,445.1776,5,"84,71,19,36,95",Christmas Slop,PikA's Extra
1795805,193.7504,4,"86,81,31,67",The Noise of Rain,Expert
1616500,8.9197,1,87,Lost Time Memory (TV Size),Kagerou
2336704,298.0332,8,"95,64,90,73,44,36,96,55",Beat Syncer,One More Time!
4637546,99.7609,3,"96,82,43",Unravel Sky,Kill Confirmed
1959275,4.9873,1,98,"Catch up, latency (TV Size)",Extreme
1011658,1324.8075,8,"53,42,61,27,16,37,48,15",Toaru Kaizoku Ou no Kimagure,Relentless
4380040,1628.9007,15,"58,42,80,5,65,84,62,63,13,26,87,75,70,75,71",Bubblegum Bitch (Nightcore Mix),Extra
2187179,815.6063,10,"69,85,82,68,96,60,73,53,41,8",Haruoto*Veil,Expert
4426272,29.7654,2,"82,72",Hanatachi ni Kibou o (2020 Remaster),Armszen's Expert
764293,2383.404,14,"25,83,62,11,52,51,69,83,50,3,30,96,34,15",reunion,Irrelvis' Another
3136800,87.3085,2,"47,85",Waidmanns Heil,Extra
736886,149.4569,4,"52,87,98,46",Hatsukoi no Ehon,Extra
1049903,124.0712,3,"80,42,71",CaptivAte2 ~kakusei~,Black Another
4519304,11.367,1,83,Chilly,Trito's Expert
2460502,6.7643,1,93,last moment,smm's extra
106033,507.6532,14,"95,76,71,60,67,60,68,52,30,68,69,79,42,85",F.I,Insane
3644656,207.037,4,"30,77,89,87",Unholy Warcry,"Personification of Death; the ""Grim Reaper"""
1651290,38.7288,4,"81,89,85,83",ReI,A r M i N's Extra
1144515,422.1912,5,"85,95,15,95,68",Showdown,Crisis
3465695,14.2083,2,"86,96",FLOWER,Hope
5594518,372.9554,9,"89,90,35,57,91,85,75,46,40",Yume Chizu (Cut Ver.),Dream
4021854,497.4974,11,"100,89,55,88,62,57,61,95,80,42,23",Harenohi Step (Soleily Remix),Radiance
3424998,107.4901,1,40,Merry Merry Go Round,Settia's Carousel
2047629,1516.417,13,"50,86,52,20,92,9,70,58,46,74,28,26,97",ANCIENT FLOWER,BLOSSOM
1829895,31.7561,1,63,High Five Adventure,Happy Treasure
3048810,1324.0534,26,"88,85,99,70,100,84,91,74,49,89,34,76,62,65,32,83,74,38,42,35,95,72,95,61,15,65",Ranbu no Melody (Cut Ver.),Reform's Extra
2606069,307.7487,2,"97,19",LIKE IT! LOVE IT!,Scarlet
2734925,857.4629,6,"100,94,12,60,38,25",Hyakka wa Gekka ni Chirinuru o,Ryouran
5344033,444.7589,3,"18,99,42",RAGE OF DUST (TV SIZE),KILLIAN'S EXTRA
5130941,1124.501,8,"49,14,34,59,34,85,42,24",Blue Youth,Fading Hope
5520212,551.5973,4,"50,18,37,52",Over the Fullereneshift,-Tynamo's Instrumentality
1860433,157.3914,5,"62,84,50,55,80",Lonely Go! (TV Size),Fiery's Extreme
5269312,10.086,1,84,Season of Memories,Seasonal Echoes
4250172,966.3086,7,"47,39,11,62,38,33,85",Hachigatsu no Yoru,Melted
1840044,31.2659,2,"83,72",Livelock Art,Eternity
2792203,48.4757,2,"90,57",Loser Girl,Snowforce's Expert
2351580,729.1566,8,"95,73,90,63,58,97,29,11",Gunjou Infinity,Forever
4170176,8.5233,1,88,SIREN,Expert
1383389,973.237,1,2,Harumachi Clover,Maximum Clover Power
1583483,848.1874,1,4,Driftveil City,Funky
794670,1222.3449,16,"6,89,18,64,77,83,99,97,100,91,95,80,75,76,77,58",Get Jinxed,Master
2005307,440.9149,3,"15,87,80",Fire (feat. Max Marshall),Reaching for the Love
1621068,1489.3042,26,"18,92,92,100,87,70,68,16,70,86,84,85,98,86,43,57,38,94,90,44,62,80,54,47,65,31",Monochrome Butterfly,Lami's Extra
2563055,502.2733,3,"20,31,97",I'LL BE THERE FOR YOU (TV Size),Reform's Magic Love
2942664,323.5334,4,"22,92,67,96",Shitsuren Repeater,Daisuki <3
953586,824.0744,24,"31,87,29,98,91,85,52,90,94,82,97,52,81,100,84,49,73,39,90,62,99,79,56,67",Shinsaku no Shiawase wa Kochira!,Happy~!
2512368,697.2253,3,"32,26,19",SPARK-AGAIN (TV Size),browiec's Extreme
2818112,150.476,1,33,Ringo Ribbon (Cut Ver.),Affection
3471940,121.0173,1,37,Connecting Happy!!,Happiness!!
2485565,397.5183,4,"41,61,23,93",I'll Sleep When I'm Dead,Onlybiscuit's Extreme
2017366,87.9961,1,43,Natsukoi Hanabi,Fireworks of Love
1460972,69.8575,1,47,My Hero,HIT ME ON THE GROUND
2200001,779.3671,2,"50,4",Dreaming!,Happiness!
2465106,462.8431,3,"51,27,28",IGNITE (TV Size),Reform's PHANTOM BULLET
2050536,49.4841,2,"55,97","Haru Urara, Kimi to Sakihokoru (TV Size)",Yuzu
1630299,1116.2759,16,"56,58,95,12,70,99,52,58,69,36,83,72,37,44,94,41",Kimi ni Pierrot,Sotarks' Emotions
965243,682.297,11,"58,50,96,93,79,67,49,48,23,59,33",Seasons,Legend
2860521,634.3488,24,"59,99,94,97,79,99,92,71,87,66,41,95,64,65,89,50,70,37,50,83,83,88,45,85",Kira Kira Days (Cut Ver.),Shiawase!
1573320,59.2538,2,"61,65",Best FriendS (GoldenWolf Edit),Extreme
2808923,336.1178,6,"62,53,40,52,52,52",Zankoku na Yume to Nemure,Yarinaoshi
3584338,237.517,6,"63,88,67,31,86,75",We are DREAMERS!!,Dream ON!!
3725129,71.7356,2,"66,53",Under Kids,Not Classic Extra
1973410,50.4731,2,"67,64",Chikatto Chika Chika (TV Size),IQ 3
2118444,6020.5001,34,"68,76,58,66,32,26,24,36,62,66,56,27,95,86,14,52,79,75,33,51,30,10,12,12,64,12,81,96,16,17,4,16,45,14",Bass Slut (Original Mix),Taeyang's Trashy Extreme
3880919,38.2106,2,"70,72",reunion <Platinum Long Version>,Collab Expert
3669551,40.4434,2,"72,68",Yuugure One Room,Luscent's Expert
1571309,784.1527,19,"74,77,73,83,89,100,24,66,92,99,76,75,36,93,44,58,62,40,56",Blade Dance,Special Kneesocks
2233205,21.6701,2,"75,92",Anoyo-iki no Bus ni Notte Saraba.,Jigoku
1610189,14.5097,1,76,Katayoku no Tori,Sephiroth
1187302,13.7311,1,77,Guilty All The Same (feat. Rakim),Shame
1721685,116.599,2,"78,39",Towa yori Towa ni,Tragic Love Extra
977770,33.5965,3,"80,85,78",Yuudachi no Ribbon,Extreme
3866299,10.0136,1,83,Crocus,Illusion
3854229,32.815,2,"85,67",Sing Alive,"From an Undying Flower, Always by Your Side"
669496,64.912,3,"89,98,51",VIRGIN CODE,Shining Gate
2530755,154.7598,10,"90,71,77,65,97,90,68,67,68,76",Ao to Natsu,Reform's Summer
1474012,12.7281,2,"91,92",Yoru Naku Usagi wa Yume o Miru,Madness
2084319,6.2239,1,92,Gravitation,Opposing Fates
1762429,5.9053,1,93,Rolling star (TV Size),Seni's Expert
3160882,17.603,2,"94,81",Ren'ai Fantasy,Illusion
3869499,453.6818,4,"21,47,76,47",Alive,Expert
1736333,315.348,4,"38,85,37,45",km/h (TV Size),Lami's Extreme
2276210,48.2453,1,55,Tengaku,The Petals of a Now Fully Bloomed Look of Madness Adorn the World
1640362,735.3932,8,"56,90,67,58,43,13,75,44",Silhouette,Sotarks no Jutsu
3121104,2033.3637,23,"65,59,30,92,49,76,16,48,21,65,43,86,58,58,78,48,39,75,74,17,33,62,66",Mischievous of Alice,Divine Guidance
1649842,80.2372,3,"85,58,62",ReI,Cataclysm
5584027,20.6482,1,71,Anthrocon 2012 Megamix (pt. 3),Marathon
4963082,726.9658,8,"87,19,29,53,77,64,38,92",DEKOBOKO,Egg
142954,501.4037,10,"88,78,43,55,78,30,36,90,66,100",Senketsu no Chikai,Insanity
4595471,542.4083,12,"95,86,81,45,89,85,82,88,86,15,62,86",Symbol I : Fire,Temptation
5655336,586.5733,4,"98,25,21,42","Hana ni Ame o, Kimi ni Uta o",SkyFlame x Vermasium: Sing With Life to the Point of Breaking
4867579,895.643,11,"29,48,71,17,83,78,99,99,25,94,79",For The Love Of The Game (Nightcore & Cut Ver.),Extreme
5291466,238.4058,4,"66,28,88,68",HIKARI (TV Size),Hayakou's Nostalgia
5313780,2189.4106,13,"71,51,85,95,81,13,27,14,79,29,18,18,21",No title -10 Years Later Edition- (Cut Ver.),Sytho's Extra
5308367,279.9791,7,"78,62,51,86,90,32,77",Heart Attack (Rock Ver.) (Nightcore & Cut Ver.),Reform's Extra
837694,213.7253,1,27,Tsukitourou,Countless
794750,316.4662,2,"31,33",Wonder Stella,Marvel
2166045,194.1343,2,"48,36",Gravitation,Reform's Extra
4806851,63.7142,2,"52,84",Tsukitourou,Reform's Extra
1868446,221.3828,2,"53,31",Livin' La Vida Loca,Shrek
4264036,52.0531,2,"55,93",Kimi to no Asu o Negau kara,Dream!
5435314,69.6672,3,"60,74,69",Yuuaku no Inori - Anima immortalis est. -,Iter Misericordis
820733,252.0346,3,"61,27,79",FIRST,Extra
2086379,23.561,1,67,"world's end, girl's rondo",Bottomless Addiction
422762,20.1295,1,70,BIRTH,Insane
1538480,19.7761,2,"75,96",Indifferences,Senseless
4975488,8.0022,1,87,/data_eraser.wav,/expert.osu
2684029,1101.5395,28,"89,91,76,57,64,68,94,69,45,86,71,44,62,88,59,91,64,44,98,40,46,41,71,50,93,32,73,46",Dear Brave,Extra
1294192,5.1812,1,95,MELODY FLAG,Extra
2643264,377.8873,20,"100,70,90,97,69,82,94,59,92,91,75,65,59,59,91,80,51,51,77,84",One In A Billion,Kuki's Extra
311573,668.7635,3,"21,95,16",The Primal Scene of Japan the Girl Saw,Extra
602547,188.1024,1,30,Imprinting,Impress
5451162,357.1052,3,"43,94,21",OCTOBER STARLIGHT 4EVER! SIDE B (pt. 3),nohtaraM
1744110,742.8601,4,"44,9,52,66",LiFE Garden (Extended Mix),Bloom
509346,64.0121,1,50,Headphone Actor,Survival
662054,1328.1929,8,"58,29,81,25,23,43,25,19",Starlite,Incandescent
5270008,130.7055,2,"69,37",OCTOBER STARLIGHT 4EVER! SIDE A (pt. 2),Marathon
3030766,260.9898,3,"74,80,25",Mochio-,Challenge
3086275,14.3894,1,78,Kanbu de Tomatte Sugu Tokeru ~ Kyouki no Udongein,Ayyri & Zelq's Expert
4780999,60.3201,3,"81,59,82",Dystopian Exodus of the Magical Girls,Kojio's Ultra
2173079,11.7021,1,82,secret garden,Ascending Current
5820411,8.9764,1,87,Mephisto,Momentum
5434369,38.1579,2,"89,61",OCTOBER STARLIGHT 4EVER! SIDE B (pt. 2),nohtaraM
5371079,124.4529,3,"93,83,38",OCTOBER STARLIGHT 4EVER! SIDE B (pt. 1),nohtaraM
2442176,669.073,3,"94,51,7",SLOTcore Is Dead,EIGHT
2118440,323.3955,5,"22,93,91,90,69",Bass Slut (Original Mix),Dereban's Lewd Extra
1520550,257.2983,3,"28,57,84",SHIORI,Memories
3338592,203.8865,2,"30,72",Careless,Heart
3670895,58.785,2,"60,70",Returns,Memories
2559126,279.2854,7,"61,94,48,55,74,40,80",FaV (Short Ver.),Endless Happiness
5225588,739.4644,9,"81,96,84,76,57,58,99,59,7",Kimi no Shiranai Monogatari,Daybreak
4582321,29.8536,2,"88,70",Fatima,El Psy Congroo
2154507,160.757,3,"91,86,34",Yosoku Fukano Driving!,Sunshine
1749322,35.0192,4,"92,74,89,95",You Suck At Love (Speed Up Ver.),Extra
1159687,669.8759,4,"95,96,5,65",Heart no Atoaji,Heart
1995114,161.8233,1,32,Packet Hero,Alumetri's Extreme
1956730,127.8055,1,36,Packet Hero,Extreme
2963036,79.0508,1,45,Aozora Jumping Heart,Sunshine!!
1809691,977.5843,10,"52,95,75,65,66,25,44,93,82,8",color,Newly Colored World
3551549,861.4393,24,"78,15,88,96,90,63,87,77,89,85,63,69,82,98,66,53,79,82,72,82,59,56,51,46",Blue Zenith (Cut Ver.),TWO DIMENSIONS
974662,138.0191,6,"80,80,77,60,55,63",Omoide Kakera,Memories
1611251,105.7205,2,"87,39",Shounen Ripples,Nevo's Expert
3009885,6.4537,1,92,Hatsune Miku no Gekishou,Riana's Extreme
2278930,25.8581,3,"93,83,86",King For A Day (feat. Kellin Quinn),Extreme
881417,338.9577,1,19,Joker,Extra
2198494,185.4002,1,30,Polaris (TV Size),Mordred's Extreme
2780547,211.6658,3,"32,58,85",Koinu,waji's Affection
3656104,63.569,2,"52,85",Star map,Promise
1633675,428.3694,7,"60,80,59,34,66,64,33",Fuyu ni Saku Hana,Beloved
1774893,455.7777,7,"64,30,57,75,51,36,100",Junshin Always,kotachi's Extra
1164100,18.6777,1,73,Mono Logic,Extra
2348578,14.3988,1,78,Jinsei Matatabi,Expert
3473676,12.9861,1,80,Re:Create,Creators
1566387,9.9771,1,85,Finale,Determination
1982762,9.4769,1,86,Moratorium no Oto,Innocent
2105251,7.6641,1,90,Hi High,Orbit
2359453,7.277,1,91,Light for Knight,Lasse's Expert
2682795,6.9106,1,92,Hoangpungnyuga,ExpertPlus
1980972,231.0184,2,"94,24",youthful beautiful,Original
3805781,5.6013,1,96,bumpy-Jumpy!,Shizuku's Nostalgic Summer
784411,702.3493,13,"97,71,88,84,63,88,56,34,55,17,67,49,98",Alone Together (Krewella Remix),Extra
2683901,4.536,1,100,Hoangpungnyuga,Expert
949736,349.8433,2,"95,17",Shiroi Yuki no Princess wa,Extra
3436261,81.1901,3,"68,51,98",Die,Time to Say Goodbye
3229006,332.7248,4,"76,41,49,29",Serment,DepthFlame's Eternal Blaze
5276838,24.6207,2,"81,76",Jetpack Race,Lightspeed
4426662,132.5245,3,"89,99,35",Ira,Wrath
4798382,4.8753,1,96,Tyranny,melon's KACHOW
4729371,26.0877,2,"97,69",1HOPE SNIPER,RESOLVED
3917025,77.7482,7,"99,82,68,96,67,83,91",SURVIVE,DIE
4753900,578.9318,2,"11,52",FREEDOM DiVE,ONE DIMENSION
2271070,680.881,9,"26,70,33,84,67,53,94,83,27",FREEDOM DiVE,Extreme
3536514,2079.6837,10,"34,48,88,9,28,18,22,30,61,15",Marie-Luise,I hope we can always smile together like this...
4541861,112.2937,1,39,The Famine,Impossible
5570185,533.5507,8,"55,82,71,47,43,34,68,29",intro,preliminary
3682177,123.7984,2,"69,40",Mado o Akete,90 Minutes
1215688,149.8675,4,"70,87,90,36",Mikasa,Wretched
2991731,132.5054,3,"75,40,79",Sacrifice,After Checkmate
3468147,542.379,6,"76,81,22,25,77,85",Glorious Crown,FOUR DIMENSIONS
3189756,327.8589,3,"81,35,27",Dystopia Rock Hero,Paradise
2589997,966.2832,12,"86,88,62,16,38,76,68,100,89,93,15,77",A Dark Omen,Demonic Colossus
4383860,92.9018,5,"94,100,56,68,69",Snow Goose,Avalanche
5053255,869.3609,5,"95,43,60,40,5",Garyou Tensei,Sayuka's PERFECT DiMENSiON
5302833,719.3898,13,"97,73,31,77,47,45,97,57,42,71,59,23,96",FAITH,MEKADON'S EXTREME
1763938,79.5741,3,"98,85,47",neu,end?
3432909,9.0367,2,"100,97",GOODTEK,Doomsday's Extreme
2468866,865.8625,22,"40,97,97,84,70,72,95,33,70,58,79,74,81,87,100,62,83,33,33,49,62,53","No pain, No game (TV Size)",Revolution
4864071,152.8361,3,"57,39,97",Poison (Nightcore & Cut Ver.),Chaos Elixir
4780358,24.0053,1,68,Kruche chem vy,aqilmanuar's Extra
4761695,953.1689,14,"74,38,89,75,33,89,43,90,40,34,61,84,35,29",u/n (Cut Ver.),Fiery's Extreme
2530810,1343.1082,18,"75,77,92,86,14,82,18,62,92,86,97,74,89,52,15,62,66,84",Today is Gonna be a Great Day (TV Size),browiec's Something That Doesn't Exist
4792591,1238.5264,15,"92,99,15,73,98,50,31,53,20,66,93,48,83,79,32",El Sonidito x Athletic Theme (DitzyFlama Mashup),UN DOS TRES CUATRO
2822288,475.3955,5,"93,41,60,69,18",confidence driver (Cut Ver.),Expert
4792247,477.4697,11,"97,97,72,90,25,44,80,79,55,45,85",The Replacements Main Title (TV Size),Kuki's Extra
4933392,368.8882,1,17,LIFE,Loneliness
1915983,961.3599,8,"27,24,18,58,79,46,49,88",FREEDOM DiVE [METAL DIMENSIONS],Another
4932034,1846.8781,16,"29,88,84,95,96,95,23,11,43,69,40,67,75,56,44,8",Parasite (Cut Ver.),Kuki's Extra
1874119,193.8803,4,"35,89,55,92",ReI,ggf's Extra
736214,127.2636,2,"44,55",Highscore,Extra
4035879,71.7759,1,47,nothing (in my head) (Sped Up Ver.),killian's expert
1830635,26.1325,1,66,Touhou vs. Fortnite Dance Compilation,schoolboy's Extreme
2067426,22.3688,1,69,Eastside,Bearizm's Expert
3004527,138.8888,3,"70,50,49",Sunflower (Cut Ver.),Sunflowers and Evening Skies
797018,355.7223,3,"74,66,18",Guilty All The Same (feat. Rakim),EXTREME
3570177,15.3669,1,76,Welcome to Chaos (TV Size),Hole
3621661,31.6879,3,"78,77,100",Eu Li Na Biblia (Sped Up & Cut Ver.),Amigo de Deus
2225036,519.6015,12,"82,100,95,57,48,66,99,55,78,33,58,34",Start Again,Again?
5045992,151.2857,2,"84,33",Up From The Bottom,Apex
813938,24.501,3,"92,88,84",ONE-PUNCH MAN FOREVER,estellia's X-Class
1883862,5.9619,1,94,Nice For What,Aeril's Another
2073335,5.3746,1,96,Hold (Candyland Remix),With You
1032263,4.8272,1,98,GATE~Sore wa Akatsuki no you ni~,NiNo's Extra
5047170,528.1407,2,"12,63",RUSSIAN STYLE,Madness
2415476,1047.9709,6,"23,100,15,19,74,57",Not For Sale Fossil,Kowari's Extra
3788131,965.0511,13,"63,83,60,43,36,47,42,31,33,35,86,81,41",Oboetete Ii yo,Ayesha's Expert
5271747,2145.9329,25,"71,65,62,71,53,55,46,36,60,43,53,67,48,72,94,49,66,55,2,43,68,64,28,33,74",Of Our Time (osu! Edit),Nymphe's Extra
1587703,541.8319,8,"82,95,79,30,72,93,35,27",Melt 10th ANNIVERSARY MIX,Melted Heart
1994597,93.2243,5,"88,55,87,73,75",Yamero,Keitaro's Emotions
3251036,1203.2518,21,"95,71,78,69,99,29,75,92,44,86,72,54,35,28,60,85,59,63,53,19,54",Hanatachi ni Kibou o,Extra
1165105,102.8652,2,"55,51",Heart no Atoaji,Extra
1941712,404.7591,7,"62,98,75,64,100,68,19",Kimi to Iu Tokuiten [singular you],Melancholy.
3501824,502.8246,8,"65,41,62,89,79,79,31,33",Rinne,Eternal feeling
3116141,451.0184,2,"73,14",Sayonara kara Hajimaru Monogatari,"If I'm born again, I'll always be there for you."
1640330,259.4555,8,"82,81,60,63,71,68,35,90",Silhouette,Expert
2459413,7.9397,1,89,Till the End,Endless
923245,59.7091,4,"93,78,84,62",Sakura to Kotori,Serenity
2081844,389.353,11,"96,99,76,75,51,78,67,84,68,27,57",Diamond,Emotions
2203622,1493.3406,9,"97,25,100,46,28,16,50,90,8",Yuuki wa Doko ni? Kimi no Mune ni!,Sunshine
2096997,4.679,1,99,Rinne,I'll find you any time and place.
5214103,342.4251,3,"20,90,68",Enneagrammatos,IX
4888061,77.5804,2,"49,81",Between Sea and Sky,Planet's Edge
3909823,13.123,2,"100,85",Myths Orbis,Sh3rg_'s Extreme
4409454,658.294,3,"13,29,88",KIRISAME MAGIC (DJ katsu CLUB EDIT),KK's Lunatic
2201575,441.0568,1,14,"Kouengekka, Zanshou no Zetsu",Eternal Damnation
1971458,397.6364,1,16,Ga1ahad and Scientific Witchery,Extra
3687389,357.3035,1,18,Ichizu,moph's Expert
2764718,321.82,1,20,Azalea,Expert
1766841,304.4757,1,21,A Man With A Plan,Extra
5634676,391.8378,2,"23,36",HoYoHoYo ni Shite Ageru,Andrea's LV.999
4316799,231.7018,1,26,V804N (BMS Edit),Extra
3397214,505.4661,2,"30,17",BAD APPLE!!,Drowning in a Neverending Sea of Agony
4956993,160.0276,1,33,"Nijiiro Kekkai, Gekkyou no Goku",Frantic
2838736,144.2137,1,35,Dreaming Days,Shining Stars
1414519,214.3001,4,"36,73,54,77",OneRoom Ending Song Anthology,OneDiff
5706809,569.3551,3,"38,60,14","Approve please, Genie!",Wish
2134945,117.1433,1,39,Nautilus,Extra
374405,950.0956,7,"40,81,55,32,95,39,9","Yami ~ Shoujo no Yume , Kyomu no Sekai ~",Yuki's Extra
1500846,388.55,4,"41,96,75,21",Crystalia,Owens' Another
3643925,405.3169,2,"42,20",Noushou Sakuretsu Girl,Expert
4383804,94.8058,1,43,The Shell / Wreckages Ghost,Her Final Breath Will Heal My Chronic Death
4736035,1090.9236,12,"44,31,63,52,62,73,16,45,44,79,33,64",Violet SunLight,Extra
473992,85.3414,1,45,Last Hope,Extra
3153029,81.0418,1,46,Ineffabilis,Ethereal Extra
4041233,76.9399,1,47,dreamenddischarger,Showdown
3665978,62.19,1,51,sabotage,Alive
923985,89.6151,2,"52,63",eliminate anthem,Demarcation
3911945,55.9747,1,53,Psycho Gene,"""Paralysis"""
4214693,53.1666,1,54,Aihana,Love+
5630241,41.0849,1,59,Gift of Magi (Game Ver.),Xexxar's... Extreme?!?
5630225,39.0188,1,60,Gift of Magi (Game Ver.),shoyeu's... Collection?!?
3046191,43.7712,2,"61,92",Stabbing In The Dark,Kang Sae-byeok's Expert
3231039,35.1465,1,62,New story,dahkjdas's Extra
2679024,105.1163,4,"63,82,55,77",Todokanai Eien no Kyori,Extra
5184503,27.0298,1,67,Ricochet Love,Bouncy
4147567,298.8975,10,"69,50,87,98,64,69,55,56,63,59",Kimiiro Subliminal,Satellite
2250659,21.9587,1,71,The Government Knows,Noz' Expert
3651944,20.799,1,72,Funeral Derangements,TheMefisto's Extra
638821,368.5215,3,"73,69,17",WARNING!,Lunatic
1588845,18.728,1,74,SAY BAY,Firika's Expert (Winner!)
5294707,17.789,1,75,Retry Now,207944155
3283617,16.878,1,76,Crimsonate,Expert
2716411,16.0319,1,77,Change&Chance! (Game Ver.),Jump&Chance!
4374936,15.2152,1,78,Hana wa Odore ya Irohaniho,Karcher's Blooming Flower
4406654,26.7501,3,"79,99,88",Princess Bride! (Redecorate Version),malutka
2255705,12.3561,1,82,ito,Expert
3917954,11.732,1,83,Love? Reason why!!,Tokimeki
3975864,15.6455,2,"84,98",Furrymon: Gotta Smash 'Em All! (feat. Black Gryph0n & PiNKII),Expert
2095041,10.583,1,85,Natsuirozaka,Akito's Insane
4002837,405.7624,6,"87,44,44,47,47,41",Kawaikute Gomen,Extra
4658661,18.6774,2,"89,84",Kefka2006.Dekishi2.7 (Sped Up Ver.),extra
4230346,8.1408,1,90,-> unfinished ->,truth
3148851,7.3359,1,92,Ikouze*Paradise (Turbo Eurobeat Remix),Extra
5277748,126.0565,3,"93,40,68",Tsuzurenu Mori no Shoujo,Satellite's Lunatic
2651830,611.2648,5,"94,23,35,28,79",SCARLET TEMPEST,Origin
3359865,6.2796,1,95,N.O.S (Short Ver.),Rolniczy's Extra
4172711,24.4694,3,"96,78,95",Hana wa Odore ya Irohaniho,Bloom
2560878,26.1873,2,"97,70",Sentimental Crisis,I love you
891079,5.3753,1,98,Perpetuum Mobile,Expertum
5203282,25.1817,3,"99,75,94",Dear <3 My Friend,Extra
4815428,4.8448,1,100,Ikusagami (Cut Ver.),I am GOD
1627157,221.8584,2,"27,91",Make a Move (Speed Up Ver.),Lami's Extra
2149446,958.7946,5,"32,100,28,17,20",Kto Vse Eti Lyudi?,Daycore's Independence?
2245772,775.9075,7,"43,75,79,71,76,84,6",PADORU / PADORU,Fiery's Extreme
1670393,1963.0408,5,"56,11,1,53,12",Galapagos de Warui ka,Akitoshi's Extreme
909032,5.3826,1,97,Sendan Life,Crystal's Garakowa
3329211,109.6273,2,"41,93",MELODY FLAG,KOTACHI'S WISH
710881,971.0075,14,"53,25,25,91,65,59,80,100,21,63,68,91,79,77",Wings (Nu:Logic Remix),Freedom
4043514,1217.9718,10,"72,76,41,36,28,29,56,37,17,44",Yume Chizu,Destination
2995221,11.8547,1,82,Sing My Pleasure,Extra
1689076,268.9519,3,"89,52,25",Darling,Extra
2282103,276.472,5,"91,27,93,74,55",Overdrive,Fixxis & Kowari's Extra
3090299,6.0159,1,95,Break Away (feat. RIENK),Reminiscent
2486602,236.0874,1,25,Out Of The Woods (Taylor's Version),Yuuya & Altai's Getaway
5121272,401.4866,4,"30,33,70,47",Remote Control,Full Control
1682436,122.2033,1,37,Tokoyami no keiyaku KEGARETA-SHOUJO feat. GUMI,Extra
683147,414.3999,4,"39,85,33,32",Let This Go,Gone
949029,537.6957,8,"43,48,82,54,73,73,30,35",Kimi ni Pierrot,Emotions
2421769,102.5254,2,"47,58",affection,Devotion
678347,178.3652,4,"65,91,48,44",perthed again (yambabom remix),Frey's Insane
5083751,140.7375,4,"67,56,97,46",SAVE,Hopes And Dreams
4794721,20.7565,1,70,El Sonidito x Athletic Theme (DitzyFlama Mashup),Fatfan's SQUARE-THEMED CAT
1828691,18.668,1,72,Choose me,Choose Atalanta's Extra
4368666,26.8204,2,"73,86",Bull's Eye (TV Size),Nexus
5237493,393.5954,5,"77,72,25,81,34",Eu Li Na Biblia (Sped Up & Cut Ver.),"Grite, grite, grite"
4867754,20.9649,3,"81,98,95",El Sonidito x Athletic Theme (DitzyFlama Mashup),Fiery's FIERY SALSA
5053749,9.32,1,85,schastliv vstretit'sya s toboy,your heart is my pain
1634114,7.1901,1,90,Outlaw!,S-Rank (Extreme)
1962416,6.449,1,92,Flower,Collab Expert
4552671,7.0379,1,91,CHOIR JAIL (TV Size),EXTRA
1610746,298.4625,7,"96,57,55,64,50,89,35",Make a Move (Speed Up Ver.),Kyuukai's Extreme
4912108,96.6354,1,41,over the top,FOUR DIMENSIONS
4578998,247.2714,3,"42,34,76",Signal of Abydos (xi Remix),nathan & arminFH's Extreme
3910834,1464.5753,7,"43,25,58,96,29,1,34",SURVIVE,"Shatter the Shackles of Your Agonizing Past, Search for Your Unwavering Identity"
744673,95.943,3,"62,94,48",Everything will freeze,Freezing
4128717,37.7182,2,"65,80",Heavenly Blast (2022 Remaster),FOUR DIMENSIONS
2340906,26.5518,2,"70,93",Blow,Mikan's Ultra
3792984,1776.6245,9,"79,37,28,4,34,73,17,84,18",Tsuioku no Kuroki Makenshi,Fate
4194071,289.417,5,"83,29,56,64,65",Heavenly Blast (2022 Remaster),FrenZ's ENDLESS DiMENSiONS
5277324,7.3258,1,89,Sayonara kara Hajimaru Monogatari (TV Size),Happiness
4377511,34.9598,5,"91,97,99,78,89",paranoia,farewell
3404946,17.2872,3,"93,92,95",FREEDOM DiVE,LiBERATiON
5187400,65.9093,2,"99,46",Xeno Phantasm,BOUNDARY DIMENSIONS
3577296,191.7457,4,"100,62,33,68",Glorious Crown,Chizu's Another
5616556,329.7198,2,"22,51",The Law (Cut Ver.),Superiority
3715625,155.1201,1,33,"Fairytale,",Firework Memories
3357329,830.5622,5,"64,10,75,24,89",Live Beyond!!,"Let's Live, Smile, Run, and Shout!!"
4859330,26.073,1,66,I'm Not Okay (I Promise),Wear Me Out
3863230,38.7853,2,"75,68",BE the HERO (TV Size),CRUSH the FEAR
1820921,15.2123,1,76,SHIORI (TV Size),Everlasting
2190891,591.5321,19,"82,70,87,52,64,49,91,54,64,91,95,78,71,95,46,99,40,47,58",Sakura no Uta,Kowari's Extra
5505554,77.0663,2,"85,49",Marine Blue ni Sotte,Kataomoi
5086217,84.3125,2,"88,46",Bouquet for Me,Malphs' Extra
2574913,545.7338,3,"95,44,11",Niwaka Ame ni mo Makezu,Kowari's Extra
5368832,25.1684,2,"97,70",RAGE OF DUST (TV SIZE),REFORM'S EXTRA
2445806,52.6067,3,"100,91,56",Tomoshibi,Reform's Extra
4962286,2294.6687,7,"38,24,36,22,2,82,3",Bubblegum Bitch (Nightcore Mix),Sytho's Extra
4894243,129.8456,3,"40,92,71",Trust Nothing but Love,Silverboxer's Extreme
5081818,440.2049,3,"41,57,19",Unique Battle,Rival
5125102,90.0558,1,43,Ellipsis,Modern Mirror
4532793,887.2598,15,"50,79,54,45,54,94,80,77,25,74,95,69,18,61,82",Kagayaku Hari no Kobitozoku ~ Little Princess,Satellite's Lunatic
5404392,302.1203,4,"54,41,33,63",Dance in the Light,Empyrean
1102054,11.4933,1,81,Last Ride of the Day,Extra
4270838,238.1552,7,"62,57,72,68,47,54,71",Cellar of Ghosts,Bleeding Memories
5611415,517.5288,4,"47,39,63,18",Kimi no Na wo Hibikasete,Shine
5416105,44.3166,1,56,Kegare Naki Yume,Nasmoeb
5064281,63.8077,4,"60,86,100,74",American Girls (Juztan Remix),Obsession
1665829,13.529,1,78,Megalovania Dual Mix,Gruesome Genocide
2138577,210.9756,5,"80,76,37,65,62",Touryouka,Ascension
1406011,9.3337,1,85,"Feelin Sky (Camellia's ""200step"" Self-remix)",Hollow Sky 200
5511801,180.0575,3,"86,47,38",#WE <3 YURI,Himea's Extreme
1312375,4.2421,1,100,Chiisana Koi no Uta (Synth Rock Cover),Kroytz's EX EX
148083,326.3258,4,"21,60,94,85",Chase the Light! (TV Size),Insane!
3695841,163.5261,3,"36,84,60",Azul Remix,Bakugo-'s Expert
2570594,394.9136,5,"60,97,41,21,93",Yang Guang Cai Hong Xiao Bai Ma,Chromatic
4770341,204.1729,4,"74,83,65,31",rose-tinted bitter grudge,gibune's expert
125448,11.4793,1,79,Pure Ruby,Another
714546,46.7261,5,"80,74,94,86,91",ENDLESS QUEER,Sharkie's Extra
2609731,740.0521,19,"87,84,78,78,92,28,90,38,81,67,40,95,42,71,64,41,84,84,71",Simarik,Yakalarsam
2089376,6.6748,1,89,ONIGIRI FREEWAY,ANOTHER
969681,16.9204,2,"95,80",Acchu~ma Seishun!,Fycho's Seishun
949011,141.4413,9,"97,47,82,83,78,92,82,87,76",Shinsaku no Shiawase wa Kochira!,Dan Dan
3055652,46.4705,5,"99,100,65,84,98",Twilight Symphony,PaRaDogi's Extra
5730604,30.4641,1,63,BSPower Explosion,wjddjs's Another
1036354,8.5403,1,87,Look For The Truth,SABAKI
657054,168.7396,10,"98,85,84,75,99,83,93,41,76,95",AiAe,Expert
1092090,217.9659,2,"27,89",Zen Zen Zense (movie ver.),Extra: Mitsuha
256027,121.9651,2,"41,70",Reizouko Mitara Pudding ga Nai,Jumpudding!
111302,756.3973,3,"45,8,35",Far east nightbird,Extreme
4462788,68.4629,1,48,Trauma (TV Size),Sotarks' Extra
3708050,167.7278,6,"55,72,98,96,40,98","semantics: the benzo chronicles, part 1",despair; loneliness
5095962,44.4505,1,56,Re: End of a Dream,Re: Vived
2921856,84.7372,2,"61,54",RGB,Eternal
916972,32.3633,1,62,Gokusaishiki,Myriad of Colors
815857,32.5892,2,"65,96",Kyouran Hey Kids!!,God of Speed
2205657,149.6598,4,"69,92,84,37",ouroboros -twin stroke of the end-,Muya's Extreme
2132924,21.1038,1,70,KillerBeast,Death Rave
951173,12.4442,1,80,Hoshikuzu no Interlude (Serji Remix),Master
4622106,66.9938,3,"82,53,87",Fuujin Shoujo,Extra Stage
2466369,406.856,7,"88,76,58,95,52,57,21",The Beginning (Cut Ver.),Nostalgia
1847043,63.1998,3,"91,83,53","Energy * Drin-ko Fein-chan! (Camellia's ""MONSTERISTIC"" D. M. P. Remix)",C8H10N4O2
1168018,12.5081,2,"92,94",Liquicity Yearmix 2016,Marathon
4847546,6.2571,1,93,AJITAMA Adventure OST,Egg Quest
2132928,4.7841,1,98,Arche,Vertex
28783,20.7056,3,"99,86,86",Sakura Kagetsu,Pasonia's Insane
3986984,919.9017,16,"51,87,35,20,59,83,29,98,85,93,41,88,90,65,65,59",Seijouki no Pierrot ~ The MadPiero Laughs,Stage 5: Clownpiece
1681105,641.6287,5,"79,59,89,45,9",two-Dimension's Love (TV Size),Lami's Extra
4979261,91.3845,3,"94,99,43",Break Of A Heartache,Tylerderp's Extra
1996531,627.5435,11,"96,44,87,56,80,44,32,81,35,35,88",Yamero,Extra
5374737,682.6249,1,6,LINK *Mihappyou ReRecording Sakuhin,Absolutely
698252,573.2828,1,9,Asymmetry,Guycat's Extra
3535138,389.5204,1,16,Answer,Desire
1748071,602.7974,2,"17,24",Unhappy End World,Extra
4885715,314.7155,1,20,Bitter Bitter Sweet,Collab Extra
1695991,563.7585,3,"21,97,20",First Storm -Japanese Version-,Confidence
2852748,282.422,1,22,Shinsekai no Alpha,Expert
3622321,254.2192,1,24,Omoide Kakera,Extra
5539687,228.2913,1,26,Choose me,Concealed
331506,216.2072,1,27,Yuuki no Reason,Expert
895822,832.7129,4,"31,22,36,23",New World,Lunatic
4920155,157.5302,1,33,Aoharu Ouenka (Cut Ver.),Musical Trailblazers
3503549,149.6532,1,34,Snowy Diamond,Winter Kiss
4421498,134.5828,1,36,Gruppo,Extra
4858501,478.4231,2,"40,15",Hetakuso na Koi,Extra
4408681,83.6935,1,45,Wo Xiang Dui Ni Shuo Baby (Yu vs. CTM Radio Mix) (Nightcore Mix),DJ dahkjdas' Extra
3814837,79.4292,1,46,Arrival of Tears -void remix-,Despair
2906125,75.2913,1,47,Kimi no Yozora Shoukaihan,Livermorium's Endless Journey Through the Bright Night Sky
4248267,49.4484,1,55,Believer (Game Ver.),Ares' Extra
5085984,56.348,3,"58,85,96",End of the World,Moon
4479061,38.0944,1,60,"Gaman Dekinai no, Iwasete!! (Game Ver.)",Extra
4466537,36.0442,1,61,Unreal Color,Reflection
4013412,30.7892,1,64,Crying Heart (Game Ver.),Destiny
2787182,29.2389,1,65,Crying Heart,Snowfall
4429940,27.7513,1,66,Koisuru MODE,Extra
4836625,26.3179,1,67,Unravel Sky,Yours' Expert
713594,116.4243,3,"71,49,61",Happy Time wa Owaranai,Eternal Happiness
2429113,16.4146,1,76,affection,Expert
1451747,13.2726,1,80,Sakebe,Mikii's Extra
3532513,929.294,10,"82,64,59,22,88,49,42,38,64,19",White Promise,Memories
3717577,9.7086,1,86,Songs Compilation,Memories
2708899,21.5713,2,"88,77",Paradiso=Inferno,Expert
4810293,7.0774,1,92,From That Summer To Forever,Collab
4597593,28.1476,2,"93,69",Fukagyaku Replace (re:rec),Expert
1882337,6.063,1,95,Watashi no Tame no Monogatari ~My Uncompleted Story~,Another
4833585,5.1945,1,98,Gunjou Infinity,Ayesha's Expert
4745591,560.9858,3,"29,62,16",the EmpErroR (Full Ver.),DistRactioN
5580227,161.3837,1,32,Kimi no Shiranai Monogatari,"Tonight, let's go see the stars!"
984762,137.3402,2,"42,54",Watashitachi Kinenbi,Haifuri!
2520046,88.086,2,"46,81",First Storm -Japanese Version-,KKip's Extra
4566343,55.2793,1,52,Panorama chime,Extra
392220,44.8226,1,56,Airman ga Taosenai (SOUND HOLIC Ver.),Skystar's Extra
4672163,27.9234,1,65,Eyes Half Closed,Till we meet again
1913605,16.4014,1,75,Momoiro Typhoon,Net0's Extreme
3766380,14.7711,1,77,Little Regret,Honesty
471257,14.03,1,78,Kyoumei No True Force,True Dance
940751,20.2823,2,"87,79",Kanshou no Matenrou,Lunatic
3637091,45.0709,4,"88,71,96,81",Merry Merry Go Round,Rio's Extra
1139789,7.9043,1,89,Wakusei Rabbit (feat. TORIENA),PYON
3976062,7.5062,1,90,Spica,Astraea
959426,10.9628,2,"91,99",Ghost Rule,Mayday
4669009,6.7419,1,92,R4V3 B0Y (Future Shock Remix),D3L1GHT
3812177,5.4832,1,96,Hoshishizuku,Festival
5630117,39.257,2,"98,61",Glory Eyes,Expert
5333286,344.7736,2,"31,29",Countdown,Regret
3293083,100.7712,3,"58,64,60",Through the Hollow Raven's Eyes,Wailing Cries
3276769,13.256,1,79,FAKE PROMISE,NISEMONO
4140160,18.5046,2,"86,85",A Very Polish Christmas,Feel the Wrath of Polish Santa
1943817,497.3333,5,"94,36,81,53,18",Forget Not,Dreamscape
633993,250.2465,6,"100,97,26,84,80,85",furioso melodia,Wrath
5261947,137.6443,1,35,Heart no Atoaji,Bloom
4947083,1243.1695,14,"73,86,52,81,73,68,53,43,47,40,99,13,12,86",Kokou no Sousei (Cut Ver.),Tylerderp's Extra
5315940,1806.4087,10,"82,67,41,13,65,17,6,45,71,29",No title -10 Years Later Edition- (Cut Ver.),PikA's Extra
2131813,96.5919,3,"88,45,88",Kani*Do-Luck! (TV Size),Extreme!
5315678,1349.2241,11,"95,15,59,14,86,13,53,83,74,91,72",No title -10 Years Later Edition- (Cut Ver.),Nymphe's Extra
5114456,364.198,7,"98,67,44,54,75,97,27",Tell Me You Know (Cut Ver.),Reassurance
4528432,813.6692,4,"6,42,59,86",Blooming Kiss! (Game Ver.),Love Princess
4379944,75.4756,1,46,ektoplasm'o'matic (nfmMix),Master
3100786,39.5127,2,"80,62",Nurikabe,Kegare
2538786,7.7311,1,89,Naglfar no Senjou nite,Beyond Naglfar
252238,281.4162,3,"93,21,76",IMAGE -MATERIAL- <Version 0>,Scorpiour
5176402,96.4153,6,"97,77,100,84,64,58",Pretty Little Psycho (Nightcore & Cut Ver.),PikA's Extra
2728092,4.5666,1,99,Relapped Foxification,Clinically Renarded
4795354,225.9571,1,24,"Motto, Nee Motto (TV Size)",Werhakon's Extreme
5362315,137.3836,2,"37,59",Sidetracked Day,nebuwua's Distraction
2924352,108.5182,3,"40,76,83",FAITH,MOUNTAIN OF FAITH
905800,82.0445,1,41,FAITH,Nanatsu no Ishi to Nanatsu no Ki
4795262,73.9585,1,43,"Motto, Nee Motto (TV Size)",tacoyaki's Extreme
5296480,69.5123,1,44,FAITH,SYTHO'S EXTREME
5574279,26.413,1,60,intro,extreme
5428913,16.9014,1,68,Turbo Trainers,Extreme
4864861,70.3849,4,"75,97,59,72",PADORU / PADORU,Ren's Extra
1951034,10.9649,1,76,Go Beyond!!,Transcension!!
2628777,16.608,2,"78,89",Discommunication Alien (Cut Ver.),I want to communicate with Pekora
5262236,17.7734,2,"81,81",FAITH,PIXELGLORY'S EXTREME
3008156,22.9599,3,"88,85,85",Hatsune Miku no Gekishou,HAPPY END
2349470,4.8157,1,91,ROCK-mode,Kuki's Expert
5345468,3.6879,1,96,clarity rmx (hayakou bootleg) (cut ver.),chasing relentlessly
5127726,304.1204,5,"99,42,32,57,71",bbydoll (nightcore & cut ver.),extra
2320634,611.8443,2,"49,9",I'm in the side,Promise
482147,309.3882,2,"60,22",Swing It!!,Extra
4674858,32.4678,3,"77,79,91",Uragiri no Yuria,Betrayal
3616426,526.5607,12,"80,55,46,71,78,60,99,88,46,39,32,98",Arkadia,kerupt's Extreme
3141681,146.2889,3,"81,59,37",Garyou Tensei,FOUR DIMENSIONS
4706688,390.3933,3,"97,15,69",Apparitions in Candlelight / Dissever,Remnants
1601787,4.7801,1,98,Reason Living (TV Size),Existential Crisis
2459145,13.7941,2,"99,85",The Fire Still Burns,Insanity Lives On
5689434,602.9907,2,"24,18",Kimi no Bouken (TV Size),New Horizons
5374715,151.7504,2,"44,49",Escape Rope,drainfan's Expert
4763026,338.4407,6,"70,92,74,24,71,57",Zettai Tokken Shuchou Shimasu! Hoshi Syoko Solo Remix (Cut Ver.),Kuki's Privilege!
5264879,830.1463,2,"72,3",Imagination (TV Size),Competition
5559960,207.4139,4,"99,47,35,88",Helios Rap Remix (JerseyClub mix),MekaDevious Ohio NPC
5556343,1781.62,4,"5,6,17,42",GRIM (NIGHTCORE MIX),KARMA
5517389,1793.1771,7,"8,81,4,18,54,94,46",Blame Brett (Sped Up Ver.),Vulnerable
5541584,2017.4994,9,"14,55,7,81,33,57,4,45,86",Bass Slut (Original Mix) (Sped Up & Cut Ver.),Nilou's Extra
5759021,959.3029,4,"29,62,4,70",HandClap (Nightcore & Cut Ver.),Attraction
5313801,641.8152,8,"31,29,28,84,52,64,84,97",No title -10 Years Later Edition- (Cut Ver.),Smoke's Extra
5388209,138.8296,1,35,Paper Rings,Extreme
5649459,1491.0703,5,"58,2,83,8,59",TEEN TITANS THEME (JAPANESE VER.) (TV SIZE & NIGHTCORE MIX),GO!!
5574964,429.2634,3,"61,20,39",Rift (Cut Ver.),Nothing Comes Easy
1978372,1005.8844,9,"74,52,76,62,21,75,57,21,21",Chiisana Lion feat. Minami (CV: Toyonaga Toshiyuki),SkyFlame's Extra
2060305,656.2114,11,"83,49,81,74,92,42,84,25,36,39,76",Take a Hint feat. Victoria Justice & Elizabeth Gillies (Speed Up Ver.),I Think You Could Use a Mint
1762431,773.2179,13,"88,75,51,71,76,71,74,66,45,96,26,31,28",Rolling star (TV Size),Venix' Expert
4901283,228.6246,7,"89,66,62,96,83,89,32",Parasite (Cut Ver.),Reform's Extra
5054157,4.9076,1,98,Songs Compilation,Sky
5117481,911.4049,10,"8,89,49,70,43,69,93,77,62,44",Remote Control,Upside Down!
766560,487.3883,1,12,Hyouri Ittai,Hunter
2166311,476.3159,8,"16,90,59,79,95,68,98,98",Start Again,Onlybiscuit's Extra
4491026,395.3437,4,"45,67,72,20",Kimi no Shiranai Monogatari,Precious
2690223,59.3551,1,51,Tsunagaru Connect (TV Size),Kowari's Extra
4817108,50.3297,1,54,Shinsekai kara,Ayesha's Expert
2726491,587.8934,5,"55,52,45,62,14",Kimeta yo Hand in Hand (TV Size),Expert
3410653,40.6921,1,58,Sansan Days (TV Size),Shizuku Cosplay
4697390,43.5715,2,"60,90",Kimi no Shiranai Monogatari,Shining Light
5141330,605.5531,3,"68,13,33",Kimi no Shiranai Monogatari,Let's go stargazing tonight!
3238820,33.618,2,"69,82",SHIORI (TV Size),Ougi
4599781,24.2873,2,"71,100",Part Of Me (Whippa Hardstyle Remix),now look at me
1059894,82.3692,3,"80,89,48",Harebare Fanfare,Bright & Cheerful
4672206,295.1928,7,"81,93,70,74,81,33,41",Aitakatta Sora,Kiseki
5119735,11.4667,1,82,Blame Brett (Sped Up & Cut Ver.),Ram's Extra
5240907,10.891,1,83,Time for the moon night,Natsu's Moonlight
2456559,10.3349,1,84,Genjou Destruction,browiec's Extra
2237467,9.7862,1,85,Yume Chizu,Expert
3217116,24.6382,2,"90,73",Stay,Wasted
1981053,48.5103,5,"93,80,98,77,75",ya zhenyus' na devochke iz anime,alumetri's extra
1534523,213.8707,6,"94,82,70,38,50,78",Yuima-ru*World TVver.,Laura's Extra
2043178,5.8203,1,95,DREAM SOLISTER,Deca's Emotions
4917671,5.5144,1,96,Start Again (Cut Ver.),Reform's Extra
3982149,4.9701,1,98,Shooting Voice!!,Tokimeki
4129360,310.8805,1,20,Crystallite Dream,Extra
4804435,251.1133,1,24,Wolf & Raven (Cut Ver.),Generic Expert
1625858,6.4636,1,93,Sanctus Absurdus,Sacer Ludicrum
1626385,58.877,3,"96,98,53",Jikininki,MKL's Another
3029339,104.8431,4,"69,56,88,57",Eclipse (TV Size),Destiny
5228680,76.3085,1,45,Feel So Close (SKIYE DnB Remix),Charity's Extra
1579673,263.2205,8,"58,82,100,63,74,74,32,86",Blade Dance,A r M i N's Extra
1400414,107.257,4,"65,87,53,62",MONSTER,DARKNESS
2974590,620.0403,15,"80,81,74,60,98,96,77,60,68,42,22,41,93,65,80",Rakata (Cut Ver.),Perreo Intenso
1586059,7.7704,1,88,Dear Brave,Bravery
1360649,1002.391,2,"5,21",ChRoNiClESeVeN feat. Annabel,Insane
321559,565.1804,2,"12,44",Hiroari Shoots a Strange Bird,Extra
2195938,331.2251,1,19,LOUDER,Amateurre's EXPERT
3604416,201.9611,1,28,Stella,Astrophel
2831362,188.6879,3,"31,82,96",Minikui Ikimono (TV Size),Unrequited Love
3672326,147.3967,1,34,MIIRO (TV Size),Nevo's Tatoe
4390203,139.9167,1,35,Hinarin no Yakui Kankei (Edit ver.),Amateurre's Extra
5112601,125.2065,1,37,Deglaciation,Melt
759056,1895.1357,13,"38,78,70,62,61,29,32,25,60,15,12,20,93",Dark Flight Dreamer,Shawajoy's Lunatic
3625240,112.2128,1,39,EDEN,Delis' Extra
4881796,106.187,1,40,Operation: Zenithfall,FINAL MISSION
2477261,498.304,8,"44,37,44,40,46,89,73,70",Chicago,Reform's Extreme
2514909,199.9138,4,"45,65,42,93",Voyage,LMT's Extra
441721,77.5653,1,46,sola,Flower's Lunatic
4530146,62.7853,1,50,Despair Refrain,Expert
166350,59.468,2,"53,94",Stark Raving Mad,Raving Mad
4859859,110.1316,4,"58,55,89,72",Guitar to Kodoku to Aoi Hoshi (Hayakou Bootleg),Azrealy's Rehearsal
4171632,26.9273,1,66,Kisaragi,Lost Way Home
5014208,94.1097,2,"67,46",Temptation (feat. Rebecca) (Nightcore Mix),Sayuka's Extreme
4519915,17.5561,1,74,Hymn For A Droid,mindfuck
60238,14.9997,1,77,Nightmare,Lesjuh
4706077,367.8347,12,"78,69,87,61,90,46,63,63,80,36,99,61",Say Goodbye (Nightcore & Cut Ver.),Sotarks' Extreme
240689,8.8456,1,87,Mushikui Saikede Rhythm,RLC
439956,39.4475,3,"90,92,65",Tengoku to Jigoku,Hell
1593252,345.6877,2,"93,18",ReI,Milan-'s Extra
4749569,721.7154,21,"97,62,71,75,71,69,80,59,87,56,73,98,52,77,25,77,75,81,37,56,55",Say Goodbye (Nightcore & Cut Ver.),Fiery's Extreme
2561147,4.7214,1,99,Namikare,Collab Extra
1710846,57.3678,3,"100,81,57",encounter,Frey's Expert
5609333,864.4668,1,3,Rockefeller Street (New Nightcore) [#Rockefellerstreet Remix] (Cut Ver.),Andrea's Symmetrical Extra
5775200,514.1683,1,11,tree,derevo
5330716,380.1594,2,"17,85",No title -10 Years Later Edition- (Cut Ver.),Fiery's Ultra
954692,474.5519,9,"19,82,84,75,67,53,69,87,76",Kira Kira Days,Shiawase!!
4246493,269.4786,1,22,Believer (Game Ver.),Ex
3257738,489.064,15,"29,72,55,95,67,49,100,75,84,68,89,55,80,61,71",Happy! Lucky! Dochy! (TV Size),Ultra
1126460,117.6006,1,37,oath sign,Excalibur
827488,713.4101,11,"39,55,75,27,66,68,48,70,55,43,42",Sakura no Uta,Euphoria
1075888,61.0703,1,49,Remind,Ghost Girl in the Netherworld Tower
2535520,650.6249,2,"50,7","Hana ni Ame o, Kimi ni Uta o",Extra
5114785,44.1172,1,55,Watch me! (TV Size),Beige's Extra
2819332,190.7799,2,"59,30",Hyadain's Jojo Yujo,Extra
5603713,24.6013,1,66,Mind Craft (Cut Ver.),Extra
5239422,63.7916,2,"67,55",2024 (Bad Apple x u i a oiiaoiia cat),mekadon's tiny spinning maxwell
1949675,21.0122,1,69,Colorful,Kroytz's Extreme
127047,181.7129,3,"72,63,33",Answer,Insane
2245962,127.041,3,"80,49,49","SAMURAI GHOST GIRL, KILL! KILL!",KILL THEM ALL FOR A BETTER FUTURE!
2689176,10.582,1,82,Shiny Smily Story,Pata-Mon's Expert
1132846,5.043,1,96,Labios,Sabes Lo Que Digo
5168390,604.4039,1,8,Black Fairytale,Never Ever Dream
4798246,359.5684,3,"18,99,98",Luciola passionata,Illusion
2674582,462.199,7,"20,85,80,77,84,65,42",Existence II: Collision,Null Resonance
4122431,650.0424,13,"43,77,53,84,60,98,76,92,32,22,96,79,64",We are DREAMERS!!,HASHIRE!!
2195031,41.2193,2,"61,90",Ontology,Brutal King
410193,32.9129,1,62,Junoesque -cryolite edition-,Sky
5633656,37.7753,2,"64,88",Whispers of the Deserted,namriee's Extreme
4651512,23.806,1,68,Suigetsu Kyouka Koubou Issen,Phantasm
4441028,260.4011,4,"74,76,44,32",Pro Tanto Quid Retribuamus,Admiral of the Navy
2517705,251.2651,12,"75,99,89,95,97,60,94,78,98,79,34,70",The Fool,Shadow of the Light
3602497,13.3084,1,79,HAVOX (Long Ver.),DIVINITY
4225364,7.8663,1,89,the Beautiful Cure feat. nayuta,lovelorn
2245777,405.0126,10,"92,36,97,43,50,96,46,96,75,61",PADORU / PADORU,Kyuukai's Extra
5046241,189.3219,3,"94,51,33",WINTER ARC (CUT VER.),EXTREME
5616120,4.5033,1,98,HEAD,riot's EXTREME
2163407,954.9533,8,"43,34,25,56,18,59,43,85",POTOMIRU PINERA,Tatan's Expert
4368285,252.3566,6,"68,59,34,84,56,68",Clear Mind,Extra
3010348,400.7584,9,"72,83,81,82,47,92,39,29,98",moment,astronic's another
1778180,443.3493,17,"76,81,74,98,95,95,86,96,86,69,58,85,50,89,66,63,27",Yuujou >>> (Koerarenai Kabe) >>> Renai,Satellite's Renai
4552003,425.1137,19,"78,64,94,94,60,55,61,70,81,92,78,59,70,83,83,70,56,45,63",Flight of the Bumblebee (RST Classic),Cellina's Extra
899398,26.6132,3,"80,93,87",Kotonoha,Night World
773195,390.4186,18,"82,80,93,77,91,56,56,82,71,93,90,46,53,77,55,80,60,79",Get This Right,byfar's Extra
1011398,1287.7986,40,"83,97,20,94,61,67,97,79,81,83,63,93,87,82,78,70,88,63,43,76,88,89,82,76,51,90,50,40,55,73,58,48,67,97,47,76,50,72,44,95",Attakain Dakara,Pati's Shiawase!
4900686,97.4382,7,"85,96,90,75,98,65,57",Sukitte 100-kai Itte (feat. Hatsune Miku),Extra
514824,188.2666,8,"86,68,46,50,69,90,96,94",Changing,Pinky
3481136,110.678,7,"87,95,78,88,63,73,59",CATCH ME (Cut Ver.),CAN'T STOP ME
4785597,249.1065,7,"89,31,77,82,73,54,94",Konba Poison Reverse,Myling
386759,222.6331,9,"93,80,72,82,76,49,64,65,48",snow storm -euphoria-,INFINITE
2720001,448.1582,4,"97,54,21,35",Forbidden Light,Expert
1041710,273.4645,15,"98,86,84,89,74,93,89,80,66,50,78,82,90,60,46",SAKURA Skip,Press START
892853,96.2095,5,"99,92,81,100,45",All Night,Insomnia
4919915,43.5405,3,"69,87,75",Bubblegum Bitch (Nightcore & Cut Ver.),PikA's Extra
4971612,31.7438,3,"71,87,92",erase u (sped up & cut ver.),Fuxi's Expert
5014310,158.8621,3,"81,34,88",The Glory Days (TV Size),Kuki's Extra
5032529,222.2145,9,"83,84,65,75,35,71,94,97,62",Green Greens,Expert
4882601,64.4738,3,"84,87,54",Parasite (Cut Ver.),Tylerderp's Extra
3077971,139.9338,6,"89,86,98,87,89,36",DiViNE (TV Size),BROWIEC'S EXTRA
2431373,357.7147,15,"99,95,68,56,90,92,50,93,38,87,100,71,62,52,100",Say Goodbye (Nightcore & Cut Ver.),Reform's Extreme
4765046,3.8968,1,100,Zettai Tokken Shuchou Shimasu! Hoshi Syoko Solo Remix (Cut Ver.),Not DT Farmer's Extra!
4734312,680.5838,8,"78,83,99,18,66,62,87,20",CRIMSON VIOLATOR (feat. Eugenics Scarlet Divinity & KOKOMI & Onikoremon Junya),Everlasting Vibrance
5143698,79.6704,2,"79,47",Ispoved' Loki,Yggdrasil
4252710,296.4517,3,"80,63,21",Sei Juuji Gakuen,Blade of Justice
5152082,265.2332,2,"85,21",Misericorde I - As The Flesh Falls,Glorious Putrefaction
1811477,60.3005,2,"92,52",Goodbye,SEVEN COLORS
4977050,553.9434,3,"100,40,11",Fist Bump,TOGETHER WE CAN SHOW THE WORLD WHAT WE CAN DO
1724776,710.91,5,"31,64,19,89,26",bumpy-Jumpy!,Summer Dream
3877103,121.3322,1,37,Hikariiro no Uta,Expert
4337671,107.4056,3,"44,79,81",Cherry Bomb,Expert
2643868,55.0664,1,52,Ultraviolet,Collab Vision
4869193,310.4098,8,"65,72,100,68,33,91,58,48","Motto, Nee Motto (TV Size)",shoyeu's Expert
1564294,14.8945,1,77,Excalibur ~Revived resolution~,Kyuukai's MASTER
733772,925.4302,16,"87,56,50,83,61,78,94,41,74,45,41,60,27,48,88,25",Mynarco Addiction,Hyper
1938365,112.0123,6,"96,93,98,93,79,43",Mynarco,IOException's Extra
5036213,12.2356,2,"97,90",Amore - Aoboshi -,Hiroto's Expert
1829146,433.0318,1,14,Pure Furies ~ Vengeance is Mine,happy30's Lunatic
3600675,329.8261,1,19,Oshihen nante Yurusanai!,Love!
804534,1814.2658,13,"56,84,33,72,24,44,56,90,20,12,76,18,26",Foughten Field,Last Spell
3799726,34.0648,1,61,Say! Fanfare!,Fuwa Fuwa!
3095207,27.4046,1,65,Plastic Smile,Confession
1844229,105.6893,4,"72,45,83,100",Itazura Fiction,Expert
876685,187.9727,6,"75,78,65,42,90,58",EOS (kamome sano rmx),Stardust
3658340,12.3263,1,80,Lucky Clover,litoluna's Expert
1987428,198.5219,3,"89,48,34",Moratorium no Oto,HeTo's Extra
3719000,34.2601,4,"90,99,93,72",yamisame,imsame
3781014,5.8816,1,94,Hokori Takaki Idol,<3
819641,4.7538,1,98,Honey Come!!,Simple
2461075,111.0655,2,"99,38",Remote Control,L R L R STOP AND DASH!
3805867,62.403,2,"52,92",Sesshoku,lapp's Extra
4393660,47.9881,1,55,BLUE ARMY,EXTRA
5190768,5.3161,1,97,I'm invincible (Game Ver.),Extreme
516052,65.0277,1,49,Storytellers,CrystLer
5115215,372.1279,2,"51,18",Delivery (Helianthuz Bootleg Mix),Haitatsu
4338021,865.516,7,"52,25,28,51,61,20,66",Renatus,Bag's Extra
5063213,455.5803,3,"59,53,16",Tamashii no Katari ni Michibikarete,allein's Lunatic
3214586,206.3356,4,"72,72,36,50",Iskander D'hul Karnon,At The End of Time
722224,397.589,5,"74,81,43,21,95",Colorful. (Asterisk DnB Remix),Megumi
5183181,20.2433,2,"76,99",Koi no Hyouketsu Otenba Yukemuri Cirno Onsen,dectopia's Lunatic
4316417,470.6939,6,"80,65,98,99,28,22",The Fool,morphne's Extreme
53554,13.7883,2,"84,100",Emotional Skyscraper ~ World's End,Extra Stage
792989,191.3143,7,"89,74,62,40,94,61,85",Speed of Link,200 000 000m/s
569735,6.3999,1,93,Watercolour,Extra
895643,72.7981,2,"49,87",uNDeRWoRLD MoNaRCHy,MaRaTHoN
3642423,39.4898,1,58,Autumn Shore,Somber Evergreen Ataraxia
4305892,111.3201,2,"64,43",Tengu ga Miteiru ~ Eye of the Needles,happy30's Extra
3239319,23.3338,1,68,Yuugen,Mayu's Extra
124264,180.9991,4,"85,91,72,31",THE LAST STRIKER,Another
855456,80.6076,2,"86,45",Brain Power,Len's INFINITE
2948845,77.6967,1,46,Omoide Shiritori,Ring Ring You!
1040115,197.5059,4,"47,59,72,46",You Say Run,Plus Ultra
3895775,742.8727,14,"74,55,58,84,82,63,31,82,77,71,49,34,34,47",Bullets,Tomorrow
1055818,440.9027,4,"89,69,50,16",FaV -F*** and Vanguard-,Expert
2492022,163.68,8,"96,65,72,57,77,65,93,65",Jet Rocket,Kowari's Extra
4327326,9.4486,2,"98,97",rog-limitation,Challenge
3299257,126.9205,3,"100,80,38",Egao no Kimi e,Affection
4732555,1288.3277,4,"30,4,32,24",Megumi no Ame,Precious Memories
4475771,171.6882,3,"32,98,80",Hiroari Kechou o Iru Koto,Extra Stage
5220162,100.8347,1,40,Mir ostanovitsya,THE WORLD
4011742,62.0794,1,49,Ditto,1e-9
2583616,45.1098,1,55,Doro no Bunzai de Watashi dake no Taisetsu o Ubaouda nante,Seclusion
3127075,40.649,1,57,Golden Journey,Emotions
5110195,32.9888,1,61,Espiazione,"A fragile offering, from a broken heart."
4212498,22.5999,1,68,IMAGE REBORN -DIVINITY-,Throne of the Forsaken -Feel in Image-
5245966,18.318,1,72,The Bewitching Voice of the Nine-Tailed Fox,The Howl of Ubiquity
948389,200.8385,8,"79,65,68,71,99,57,62,52",[A]ddiction,Vert's Expert
4754115,53.4013,4,"80,60,95,99",Walk This Way!,Bliss
2916949,11.3729,1,81,true DJ MAG top ranker's song Zenpen (katagiri Remix),Scub x Nathan's Insane
3369939,15.4615,2,"83,96",Okaerinasai (tomatomerde Remix),Sparkling Memories
2595678,8.7389,1,86,Snow Halation but it's Bakamitai,Yakuza Idol Project
2287401,382.6147,13,"92,28,80,82,86,99,54,99,53,72,89,76,90",STARTRAiN,Don't Stop!
3506072,9.8793,2,"95,99",Shinsaku no Shiawase wa Kochira!,Fuqing's Extra feat. Yogurtt
3458074,4.5901,1,98,Kairikou,Timeless Suffering
4286331,2129.0485,14,"50,66,56,48,23,22,6,13,65,73,96,69,26,48",My Dearest,The Final Message
5086956,4.389,1,98,Excelsia,Excalibur
24722,761.7871,1,4,BARUSA of MIKOSU,TAG4
1071424,200.1818,2,"31,57",Granat,Kyshiro's Extra
3650854,143.6531,1,33,Total Eclipse of The Sun,die
2233760,405.6774,3,"52,84,16",humanly,MirashMyMommy Collab
2026320,327.8595,4,"54,26,92,49",Chikatto Chika Chika,Taeyang's IQ MAX
1332969,32.032,1,61,AS IF IT'S YOUR LAST,RIDE OR DIE
1778453,30.1858,1,62,Croatian Rhapsody,Presto
2644371,24.4292,1,66,Meiji Juushichi-nen no Shanghai Alice,-Tynamo's Oblivion
888305,251.2844,5,"71,82,39,38,81",FriendZoned,"Sorry, But We Are Just Friends"
1312156,143.0605,3,"76,48,49",Unknown Title,Let's show them Monstrata's powerful stance.
2044366,899.0774,15,"79,88,87,100,77,72,42,47,85,14,62,62,32,61,53",JUSTadICE (TV Size),Lami's Extreme
2050696,19.412,2,"81,83",Space Invaders,Dimensional Virtual Arcade
1967350,5.313,1,95,Happy Time wa Owaranai,Extra
3261566,4.7877,1,97,Go Berzerk,Black Another
5622481,166.4854,1,31,Beneath the Vortex,AmaBoo's Extra
5408172,65.2282,4,"62,79,74,83",* Crow Solace *,Astronic's Expert
2144183,8.2743,1,86,Verflucht,Hyper
4819984,155.6273,6,"90,52,76,61,64,53","Motto, Nee Motto (TV Size)",Expert
754799,60.8298,4,"97,83,59,77",Wizdomiot,Another
3306679,8.2887,1,88,Ray of bullet,Kowari's Expert
288660,6.3656,1,93,Hatsukoi no Ehon,Insane
4335577,6.0415,1,94,Four Leaves,Lasse's Extra
1879801,11.9926,2,"96,92",KIZUNA MUSIC (TV Size),Special
4895825,151.6611,6,"71,45,75,72,68,98",Aoiro Step (Short Ver.),Reform's Extra
5278841,145.6919,4,"84,47,49,95",Of Our Time (osu! Edit),Fiery's Extra
4959297,304.8279,10,"96,100,100,49,73,69,82,63,44,44",El Mismo Sol (Cut Ver.),FukA's Extra
2102287,65.5876,4,"99,69,60,86",Guinea Pig Bridge,Guinea Pig Technology
3805780,778.8643,1,4,bumpy-Jumpy!,Kaikyuu
1319547,577.133,3,"13,37,91",Re:TrymenT,A Dream
2372825,421.5962,2,"15,71",Zoetrope (TV Size),Sotarks' Lost Memories
1536489,304.6244,1,20,Yakusoku -Promise code-,kotachi's Extra
2022202,385.8295,7,"22,97,93,96,41,97,97",Totsugeki Rock,Shiinoha's Extra
2714361,277.6809,2,"24,62",Hikariiro no Uta,kotachi & Kowari's Extra
1536491,110.3744,1,39,Yakusoku -Promise code-,Meg's Extra
3816602,104.8528,1,40,GR4VITY G4ME,4KITOSHI'S EXTREME
1658474,94.4679,1,42,Six Trillion Years and Overnight Story,Ewigkeit
1769222,99.2119,2,"44,76",Monster Effect,Onlybiscuit's Extra
4834142,65.0325,1,49,Fake out,Kumocha's Extreme
2548908,58.3406,1,51,Theater of Life (TV Size),Kowari's Extra
4535482,49.7371,1,54,Yukari,Transcendence
1232440,418.8236,5,"57,93,97,16,78",Catch the Moment -Radio Edit ver.-,Lami's Extra
2473047,293.1197,2,"59,22",Just Moving On Now,Progression
1854022,34.453,1,61,No title,Sotarks' Sky Dream
2461849,22.6077,1,69,Futari Nara (TV Size),Xandit's Extreme
1341959,11.9555,1,81,distance (NARUTO Ver.),Hokage
3086402,10.2313,1,84,Red Criminal (TV Size),A r M i N's Extra
1271985,26.052,3,"88,78,98",Hakkensha wa Watashi (Anime Size),Extra
2272860,6.7034,1,92,Shadow is the Light (TV Size),Darkness
2283641,5.7343,1,95,Ai no Sukima (Rock Cover),Log Off Now's Expert
1352342,32.8072,2,"98,63",Datte Atashi no Hero. -TV ver.-,Plus Ultra
703584,414.6355,4,"32,27,84,61",Crazy Hot,Crazy Night
125702,154.5795,5,"62,63,96,54,56",Identity Part 4,Insane
1534949,44.9993,2,"72,65",DropZ-Line-,Warfare
2507465,73.5916,4,"97,55,96,72",Let The Senses Clear Your Mind,Liberate
3127829,4.7538,1,99,Sayonara kara Hajimaru Monogatari,Meg's Extra
3121079,302.1133,8,"74,98,95,29,76,53,87,60",Songs Compilation,Calamity
3232558,13.223,1,79,Zenbu Kimi ga Ita kara Shittanda,Tomorrow
5124304,619.1332,10,"10,84,84,86,83,94,60,99,93,94",Adventure Starts Here (Sped Up Ver.),FukA's Cute Oak
5534431,148.0488,3,"52,43,78",Why Worry (Nightcore & Cut Ver.),Kumocha's Extra
5121187,38.1907,1,58,OBSESSED POST-FRAILTY EXTENDED JERSEY MIX HOSTED BY TWERKNATION28 (NUMBER EDIT),EXTRA BY THESHADOW
5632423,26.3989,1,65,good 4 u (nightcore & cut ver.),unaffected
4791383,233.7016,7,"72,59,68,66,73,37,78",Song That Might Play When You Fight Sans,Akitoshi's Extra
5438072,460.2534,11,"78,92,66,59,55,54,66,95,90,43,28",I Don't Know (Nightcore & Cut Ver.),Do You Know?
4744695,364.2944,10,"80,63,65,98,32,39,84,75,90,85",Path to glory (Game Ver.),Black Lotus
5598908,275.4724,3,"88,49,25",Ot vinta! (Cut Ver.),Tachi's Extra
5395689,6.2421,1,92,hate the way you love me (nightcore & cut ver.),kumocha's extra
4853247,1045.295,6,"93,77,30,54,6,24",Sentou! Battle Tower,Tylerderp's Extra
3895496,555.2875,4,"26,71,36,28",Guitar to Kodoku to Aoi Hoshi,YamYA's Extra
4765625,15.1586,1,76,Wolf & Raven (Cut Ver.),Collab Extra
4256127,11.0288,1,82,Yuki wa Naniiro,Delight
4254659,18.5704,2,"90,81",Amber Wishes (Deemo edit),Crescendo
1698115,1285.8672,4,"17,18,16,25",Kakushigoto,Asaiga's Extra
4205311,192.9137,3,"40,46,73",Tonight,Akitoshi's Extra
5843672,67.3616,1,48,Kimiiro Hanabi,Festival
4399021,19.7877,1,71,Hana ni Natte (TV Size),Medical Emergency
2200171,16.9329,1,74,Android Girl feat. Hatsune Miku,Beyond the Artificial Feelings
5235350,16.0665,1,75,Cherry Pop feat. Hatsune Miku,Fuxi's Extra
1863992,26.0824,2,"79,78","Sakura, Reincarnation",Extra
4802994,11.7409,1,81,Lost and Found,Extra
4213424,10.0111,1,84,Kawayo,Docchi
2046653,434.2833,9,"88,90,69,38,77,86,60,95,24",Yume Tourou,your name.
2831363,25.051,3,"96,79,89",Minikui Ikimono (TV Size),Extra
3236151,5.06,1,97,Blue Youth,Lifeline
4890555,1159.2948,9,"35,88,3,54,72,45,87,55,49",Bubblegum Bitch (Nightcore & Cut Ver.),KPMY's Extra
5376179,70.6236,2,"53,69",Noah Fence,Roupus' Expert
5013476,867.4748,9,"68,67,87,49,16,99,23,36,76",CTRL + ALT + DEL (Cut Ver.),Auriga's Extra
3970436,44.7204,4,"77,92,88,74",Divine Attack - Shingeki - (Cut Ver.),Extra
4918572,234.4566,7,"83,61,55,62,71,89,40",Johnny Test Theme (TV Size),A r M i N's Game Controller
3965630,113.688,5,"85,96,57,68,52",10 Things I Hate About Ai no Sukima,4 - You're Extra
5126104,6.9991,1,91,tak po***,PARAD0XA'S BUNNY BOOTS
4653060,1056.215,5,"37,22,75,12,25",Noise (English Ver.),Expert
403276,111.1147,1,39,Reiwai Terrorism,Terror
861971,39.5266,1,58,Avalon no Oka,Extra
4293574,23.3549,1,68,the tyrannical reign of lord foog the 2st,i'd like to introduce you to the fantastic world of gay s
1485507,15.2218,1,76,Down From The Sky,Heavensfall
4835650,301.5067,5,"89,98,91,29,36","Chug Jug With You, but i can't anymore",Tylerderp's Extra
3120531,5.5945,1,95,Somnambulism,LMT's Lucid Nightmare
642687,501.3931,1,11,Fuyu ni Saku Hana,Sanctuary
1009530,154.0911,2,"33,97",Big Brother,Challenge
858271,136.5276,3,"39,67,92",My Hero! Up to you!,My Hero!
738929,97.9934,2,"42,92",Girl meets Love,Expert
1046339,603.8638,12,"49,62,42,95,82,80,67,72,37,40,36,58",Tsukinami,Fragile
638493,326.4239,3,"51,22,69",7 -seven- -TV SIZE -,Expert
1174467,38.625,1,58,Wagamama MIRROR HEART,Revenge
690410,36.6746,1,59,GET THE WORLD,GET THE FLY
735272,530.5133,11,"60,64,49,97,67,67,81,24,41,79,83",MIIRO vs. Ai no Scenario,Tatoe
1026729,32.9861,1,61,Bye Bye YESTERDAY,Taeyang's Good Good Time
747855,21.5344,1,69,Aitakatta Sora,Dream World
1843607,215.8253,6,"72,73,50,99,39,69",Tenshi ni Fureta yo! (Asterisk DnB Remix),Above Heaven
1572198,104.416,3,"74,46,74",Now On Stage!!,Extra
1951973,14.9145,1,76,"DAI*TAN SENSATION feat. Nanahira, Mii, Aitsuki Nakuru (Short Ver.)",SENSATION OF REVOLUTION
974854,263.84,11,"83,88,99,81,58,44,80,90,59,49,77",Killer Song,Edge
1102144,189.8383,5,"86,35,59,83,96",Endless Starlight ~Inochi no Kirameki~ (OP ver.),Challenger
98496,79.1209,3,"87,50,74",Ridorii,Insane
2112902,205.9761,9,"90,75,56,55,68,85,86,56,72",Inferno (TV Size),Lami's Extreme
1932923,44.2605,4,"92,97,65,84",Taisetsu no Tsukurikata (Asterisk Remix),Extra
1262832,6.0659,1,93,Hitorigoto -TV MIX-,Soliloquy
574471,4.6065,1,98,Best FriendS,Insane
994495,173.794,8,"72,74,54,87,57,98,59,88",Yuima-ru*World TVver.,Ultimate
2149822,149.6919,6,"78,63,68,60,80,57",JUSTadICE (TV Size),SMOKELIND's Bull Thrust
1742483,214.1616,4,"87,72,31,65","Watashi, Idol Sengen",Kokuhaku
1701404,4.6212,1,99,Take me to the top,Sotarks' Ascension
1204683,542.052,5,"23,88,81,25,53",Kissing the Tears,Acquiescence
2965848,121.0854,2,"64,40",Destruction,Seni's Ultimate Sacrifice
4575997,14.6598,1,76,Deus ex Machina,Corrupt
2659870,427.7123,5,"87,49,43,26,43",Todokanai Eien no Kyori,Eternal
4131680,178.0303,3,"93,31,76",Avalon,Truly Alive
3784710,220.7337,4,"94,43,37,64",Insert Coin,Arcade Metal
5171630,186.8646,1,29,Yoake Maeni Tobinotte,Omekyu's Extra
4853059,436.8787,3,"32,100,20",Sendan Life (Cut Ver.),Expert
4868016,729.674,5,"85,15,22,86,50",Kuusou Mesorogiwi (TV Size),PikA's Extra
5110609,507.7333,3,"94,55,11",Dokuryuu no Cobra,quantumvortex's Extra
1852572,1054.0957,9,"53,72,37,24,51,11,58,48,60",Acchu~ma Seishun! (TV Size),Sotarks' Peace of Mind
1804393,317.8841,4,"67,42,33,49",Blade Dance,AF's Extra
2530762,30.8217,2,"81,71",Beginner's Sailing,Sunshine
1221602,434.9273,8,"84,90,94,51,36,24,94,72",Remote Control,Take Control!
3663941,8.7769,1,87,Amy,Cataclysm
1971822,177.2229,6,"90,50,76,79,49,64","Watashi, Idol Sengen",Confession
1922808,120.6672,2,"93,38",Gyu DAYS,Hug
3007471,144.4921,2,"98,33",Ano Yume o Nazotte,MeaMea
1580814,232.5565,5,"100,60,36,58,54",Haruka Mirai (TV Size),Sotarks' Ultimate
5414241,429.0046,1,14,Heikousen,Miyo's Expert
821086,328.2114,1,19,THE HERO!!~Ikareru Kobushi ni Hi o Tsukero~ (TV Size),Expert
4553907,199.8304,1,28,Blown Away (feat. Astronaut),Classic Extra
5029247,653.2894,5,"29,20,49,63,45",LEMON MELON COOKIE,Cookie Melon Lemon Cookie
4993785,984.2398,6,"35,56,17,13,81,69",SKILLAWAKE,Expert
3124983,137.6246,2,"37,76",Obelisque,The Game of Oblivion
5356016,103.5495,2,"42,83",WEIWARD ROMANCE,BEIJING EXPERT
1597247,277.6063,3,"43,88,29",osu!favourites,Marathon
4831814,40.4164,1,58,Kouzen no Himitsu,Nymphe's Extra
763520,515.5792,2,"68,10",Asymmetry,Kyversible's Extreme
5546724,19.0818,1,72,Popcorn (DJ Hepci Trance Mix 2005),MADNESS!!
5429753,88.1832,3,"76,46,97",Mmmmmmm,namriee's Extra
5350038,13.1779,1,79,Hyper Psycho feat. Hatsune Miku,CMR's Deranged Thoughts
416492,10.0843,1,84,Calendula Requiem,Shiki Revive
5368984,9.5708,1,85,Get a Life! (Game Ver.),Kuru's No Life Queen!
1160967,9.0764,1,86,Mousou Kajitsu,CRN's Extra
4376188,447.5215,6,"87,26,56,34,69,65",Space Rainbow*,Cosmos
4056974,8.1827,1,88,MOVE ON!,Akitoshi's EXPERT!
1321823,7.0047,1,91,Nostalgic (Nightcore Mix),Posthumous
5342654,5.9795,1,94,Otoichie,"If my voice has a place where it can belong, I wish to go there with you."
618865,61.4244,2,"96,49",Oceanus,Fortune's Insane
1172029,4.3653,1,100,Streaming Heart,Expert
5062246,540.4561,3,"68,16,30",hopeful hyle,Fragments of Hope
5213930,589.8422,1,8,Step for Joy,Maple
4030406,495.6572,1,11,Connecting Happy!!,Yay!!
3737725,470.8118,1,12,Sayonara kara Hajimaru Monogatari,otudou's Extra
3453388,446.4039,1,13,Ashita no Kimi sae Ireba Ii.,Amateurre and dahkjdas' Ex
5239758,259.426,2,"27,51",Cherry Pop,killian's Extra
3831211,174.6025,1,30,Muffin,Despair
5105297,134.5861,1,35,uyuyu(';w;`),Expert
5416121,249.386,3,"54,71,28",Kitsune no Yomeiri,Mischievous
1657695,43.8768,1,56,Blade Dance,Curi's Extra
4525625,41.6433,1,57,Kyun Kyun MIKO Kyun kyun <3,Ayesha's Expert
3197548,348.9287,4,"58,91,26,39","Thrill, Risk, Heartless",Lethality
2017880,225.8947,4,"64,30,98,67","Hachigatsu, Bou, Tsukiakari",Collab Extra
3511701,50.6116,4,"66,93,90,80",Koi wa Chaos no Shimobenari,rollpan's Extra
3446914,77.4,3,"80,97,48",Txxs or get the fxxk out!!,Extra Stage
4725365,9.0775,1,86,Hazukashiika Seishunwa,Perspective
5218418,8.6016,1,87,ERROR 403: paradise x paradigm,Battle's Expert
3890628,13.0287,2,"89,95",Last Surf Holiday (Night Tempo Edit),Extra
3789340,275.4142,3,"90,22,76",Hikariiro no Uta,Remake Extreme
3870286,235.3503,5,"92,92,77,59,28",Guitar to Kodoku to Aoi Hoshi,guitarhero
4197953,5.9443,1,94,Super Nuko World,Nya!
3925597,46.0222,3,"96,59,90",Myths Orbis,Serenhaide's Extreme
3068945,4.5763,1,99,SprrRush!! (Long Ver.),HEAVENLY
2647589,4.344,1,100,Atashi no Kamisama,Special
1594774,228.1799,2,"50,29",Daisy Blue,Extra
1752368,39.794,3,"78,71,84",Quaoar,Trans-Neptunian
2527875,85.8346,2,"96,44",Little Singer,Emotions
972834,444.7395,2,"14,71",Historia,Pain
118226,1089.2415,4,"16,96,4,93",My Pace de Ikimashou,Yuri
556263,64.9342,1,49,Pochiko no Shiawase na Nichijou,Extra
559446,58.5041,1,51,Akatsuki no Suiheisen ni,Catharsis
281035,54.5413,2,"60,69","Anisakis -somatic mutation type ""Forza""-",Another
1036735,26.3996,1,66,GHOST OF LORELEY,Expert
369981,19.3329,1,72,China Dress,Guy's Extra
1725347,269.3054,3,"77,60,25",Unhappy End World,Meg's Unhappiness
155235,6.0467,1,94,F.I,Extra445
581141,946.3519,8,"98,51,72,20,41,26,21,91",Frame of Mind,Chill
374777,143.3441,3,"99,33,96",Dynasty,INFINITE
1942388,838.9071,5,"100,6,47,44,73",-ELIS-,Mikan's Extra
1055147,274.9141,4,"33,54,44,99",Responsibility Response,Slayed's Answer
2109982,83.9513,1,43,Soundscape,Expert
2178087,64.5483,1,48,Yume Chizu,Another
4838793,111.1253,4,"49,96,79,59",Lies playing Truth,Facade
3764362,87.5553,2,"54,56",In the Black,Dailycare's Expert
133938,65.9825,3,"70,63,71",Atama no Taisou,Nogard
3408258,159.261,8,"71,95,60,75,49,81,89,98",Colorful -2017-,Affection
1649062,14.4499,1,76,Star!!,Lami's Extra
476149,16.3155,2,"88,83",Super Nuko World,Insane
1913603,6.5122,1,91,Momoiro Typhoon,Extra
3815421,32.6847,4,"94,95,77,85",Fata Morgana,Despair
3601518,5.0003,1,96,Hakidasu,Splooge
773567,8.9068,2,"97,99",Honey Come!!,Bloom
756508,119.7317,4,"99,42,97,64",Pride Kakumei,Darkness
1500990,441.9767,4,"93,40,18,77",Uso no Hibana,A r M i N's Ultra
1271007,250.0028,5,"94,59,47,62,37",STORY (TV Size),A r M i N's Extreme
3539535,176.5519,5,"98,86,71,54,39",LEVEL <yanaginagi ver.>,Heartbeat
2306689,657.1017,1,6,Chimera feat. Annabel,Expert
4661248,558.5881,1,9,ELECTRO SYLPH. (Ver.Cristierra),Brilliance
4538700,447.1242,1,13,Kagayaku Hari no Kobitozoku ~ Little Princess,sstari's Another
4168943,898.1967,2,"23,6",Scarlet Rose,P_O's Extra
4355507,233.122,1,25,Moonlight (Sanaas Remix),Extra
4322683,197.4637,1,28,Shukusei!! Loli-Kami Requiem*,Disgusting...
2332153,115.67,1,38,Image Liner,Blossom
953361,93.3477,1,42,Lunatic Sky,Yuki's Extreme
5025721,88.6582,1,43,Sora o Hirokusuru Soushitsu Michi,Easy Extra
363010,136.4854,3,"47,77,53",Pi Li Pa La,Insane
434118,582.81,2,"49,9",Tenyou no Mai,Yuki's Extra
2123394,60.9245,1,50,Karma,Incarnate
1428997,33.8604,1,61,Sasagu Uta -Higan Retour Symphony-,A Peaceful Journey
4351053,32.1517,1,62,Yoiyami no Tsuki ni Dakarete feat. Ayane,Lunatic
5124837,29.0045,1,64,Switcheroo,Expert
482142,21.1297,1,70,Romeo to Cinderella,Tragedy
3968695,20.0692,1,71,Yuujou Pop,Ultra
3909170,18.0816,1,73,NONSTOP TOUHOU EUROBEAT MEDLEY,LUNATIC
1569894,66.1738,2,"75,53",CaptivAte ~compilation~,Black Another
5568522,13.907,1,78,Nyan Cat,nyan3
676802,12.543,1,80,Mannen Okigasa ni Gochui o -Festive extended,Extra Umbrella
5317524,10.7321,1,83,Side by Side,SUISEI's Extra
5443745,9.1783,1,86,Extreme Fantasy,an3's ExtrA
1993287,7.8203,1,89,Shanghai Wu Long,EXHAUST
405981,7.0411,1,91,Fanatiker der Liebe,Extra
4877885,6.0199,1,94,Taketori Hishou ~ Lunatic Princess,N a s y a's Extra
2901015,504.2415,2,"95,10",change your core self,resolve
4898065,5.4254,1,96,Kasoku Suru Koi wa Dare mo Tomerarenai,-kevincela-'s Extra
4919527,4.8911,1,98,Malice Call,Asaba's Extra
4952560,99.9981,1,40,Sakura to Kotori,Blossom
4642783,273.5447,8,"78,56,66,94,60,70,34,82",two-Dimension's Love (TV Size),Secret Magic Ticket
5280417,14.616,2,"99,82",FairlyLife,Impossible
4827320,67.0581,3,"100,70,55",Asphodelus,Leave your endless loneliness to me.
3385966,432.5286,19,"74,86,82,36,90,77,58,86,88,93,79,75,44,94,87,90,60,78,52",My Heart Will Go On,Extra
3096069,140.8306,1,34,Sacred Bones Riot,Pain
3353486,42.8504,2,"63,77",Tengoku to Jigoku,Heaven and Hell AKA Super Hyper Can Can
3151263,209.2669,6,"72,80,64,91,73,34",DESTINY,A THOUSAND WISHES
2211019,140.3953,2,"100,33",Highway to Oblivion,Legendest
1162628,1074.3449,4,"17,9,63,28",Tsumi no Namae,Contempt
3267820,101.2859,3,"46,66,92",Machinegun Poem Doll,End Game
4108168,63.675,2,"54,75",Demystify Feast,Feast
1853547,1381.8313,26,"63,70,31,63,57,70,69,53,46,53,75,91,34,43,24,56,94,51,95,66,48,34,62,78,46,81",Shoujo-tachi no Majogari,Accusation
435273,396.2355,13,"65,62,69,79,37,60,76,73,99,79,54,63,53",Tokohana,Insane
4017865,433.7934,3,"70,67,14",MUKANJYO (TV Size),RESTLESS
2238053,14.6169,1,76,Of Strength and the Lust for Power,Neverending
603591,11.1876,1,81,Chameleon Love / feat.Kano,Camouflage
731975,9.5725,1,84,Imprinting,toybot's Extra
4683143,7.7897,1,88,Cross The Finish Line [feat. Nanahira],Turbo
1579914,6.6704,1,91,Jikininki,Japanese Ghost
1736727,443.2326,4,"30,22,80,90",A Sacred Lot,Lunatic Oni
147327,137.9215,2,"34,100",Gimme! Gimme! Gimme! (Nightcore Mix),CDFGimme!
148009,82.5101,1,43,Tenkuu no Yoake,Another
132043,70.1647,2,"48,91",HEAVENLY MOON,Extreme
4871320,90.5719,3,"55,66,64",You're a Winner!,Fatfan's Expert!
772476,30.0552,1,62,Dreamer's Dream,PRESSURE
699471,70.1999,3,"68,59,80","Watashi, Shuyaku no Akaza Akari desu",Akariiin~!
48416,20.6136,1,69,BASARA,BASARA
5405853,175.0158,3,"70,59,36",Wakuwaku Tabemono Land,Insane
24517,12.1171,1,79,Du Hast,Du Hast Mich
1217241,10.8974,1,81,Insaengui Huejeonmongma(ppongjjak ver.),Happil
140167,9.7858,1,83,Kamui,dksslqj Style
824359,5.7575,1,93,The Blonde Lead The Blind,Extra
776594,89.0065,2,"98,43",Everlasting Message,Guy's INFINITE
2804276,154.9165,3,"39,68,60",Manemane Psychotropic,I'm Sorry for Cheating...
1816320,45.7843,1,54,"RISE (ft. The Glitch Mob, Mako, and The Word Alive)",Summit
3307758,7.8958,1,87,Super Luminal,SHD
2045979,38.158,5,"88,87,95,77,91",humanly,humanly
2799753,6.3948,1,91,Manemane Psychotropic,Imitation
4051851,236.9251,2,"27,59",furioso melodia,Obliteration
4465093,203.2258,3,"29,84,75","Comma, ~ Imi to Kouzou no Bunri",", funky?"
1627723,129.2749,1,35,Sugar Song to Bitter Step,Bittersweet
5091604,341.7805,3,"36,28,57",Free Bird,Collab
1682373,1334.2969,5,"40,20,43,52,3",Rap God,Tap God
4111938,94.6073,1,41,Motivation,Think About It
3689413,80.4202,1,44,That That (prod. & feat. SUGA of BTS),CAN YOU FILLET
4382678,76.311,1,45,Black Berserker,Chain of Abomination
4068548,87.7255,2,"49,63",Anomaly,?????
3323078,50.1863,1,53,Kyu-kurarin,Kyrian's Heartache
2541434,36.6216,1,59,Monkey Business -Satire mix-,-PC's Krazy
631413,24.0118,1,67,The Bravery,Depravity
3255948,30.1777,2,"68,89",Last Dance Again,Insane
2823866,19.4579,1,71,Mekakushi,Lasse's Expert
816327,54.1514,4,"73,70,88,82",Tengaku,Uncompressed Fury of a Raging Japanese God
3223735,15.0003,1,76,Memory of Tears II,Condemnation
3979647,245.4601,3,"78,25,72",Danzai no Solitude,Kneel Before Me
3555173,12.8343,1,79,Kyu-kurarin,...
1862525,12.1532,1,80,psychology,Subconscious
2636826,7.9857,1,88,Ego mo Id mo Tanjun ni,Expert
2633754,14.7814,2,"89,88",TAPIOCA,FURY
2660097,4.508,1,99,Compute It With Some Devilish Alcoholic Steampunk Engines,Retrofuturism
5279166,196.3351,3,"42,71,41","Jashin no Konrei, Gi wa Ai to Shiru.",mithew's Cthulhu and the Third Bride
5539781,51.6637,3,"62,100,74","The Sun, The Moon, The Star","By moonlight and starlight, I turn my gaze to the sky."
5104724,7.6605,1,89,Shinbatsu o Tadori Kyoukotsu ni Itaru,Maiev x choco x Sayuka's Extreme
5259408,201.2213,1,27,Aurora,Expert
192515,89.5382,1,42,Oriens,Extra
1828961,276.8153,6,"47,57,93,32,81,77",Destr0yer,BEAM
4852527,84.1466,3,"61,52,98",You're a Winner!,Jackpot!
3920486,210.6192,9,"75,76,61,93,86,82,40,59,92",Twinkle Twinkle (Sped Up & Cut Ver.),Extra
4704018,296.7308,12,"76,55,89,69,98,72,72,67,44,77,57,53",Age of Tyranny,Astronic's Expert
1372586,104.1906,3,"82,42,100",ANiMA,Extra
2384149,8.8387,1,85,Satsuriku no Keifu,Insane
2719893,105.5452,7,"86,78,62,84,87,66,71",w/WWW feat. Hoshimiya Toto,Utopia
4915087,17.5549,3,"87,92,99",Tetoris,Extra
2097992,6.1054,1,92,MUKANJYO (TV Size),Extra
3964717,5.5037,1,94,Karen Setsugetsuka,Insane
1027542,21.6401,2,"98,72",R4V3 B0Y,3XTR4
2579405,411.3174,1,14,Bokura wa Ima,Believe us
2017881,518.2624,3,"22,45,28","Hachigatsu, Bou, Tsukiakari",Extra
2204927,278.3134,3,"27,68,48",Cherry Bomb,Love
3873668,135.3857,2,"83,36",Thoughtcrime,Akitoshi's Extreme
1785865,15.6553,2,"84,91",First Storm -Japanese Version-,Asami's Expert
4205675,5.6774,1,92,THE WORLD ORIGIN,Age's EXTRA
1736329,4.5863,1,96,km/h (TV Size),Gotta Go Fast!
3205626,23.071,1,68,Belief,Decalfj's Radiant Wings
660698,54.5403,2,"77,57","Yuuga ni Sakase, Sumizome no Sakura ~ Border of Life",Extra Stage Collab
1632362,9.0239,2,"97,100",EVERMORE (M@STER VERSION),Our Wishes
339640,306.6379,2,"22,58",Smoke Tower,Trauma
1980295,257.3286,1,23,Methods,Expert
356030,175.3459,1,30,Masquerade,Extra
1676603,141.9287,1,34,Yokuatsu Sakuran Girl,Insane
2202493,97.0071,1,41,Alexithymia | Lupinus | Tokei no Heya to Seishin Sekai,Chronostasis
217651,252.5785,3,"42,39,51",Kakuzetsu Thanatos,Pokie
1555034,70.1191,1,47,Gensou Roman Kikou (is the limit.),Extra
4702508,62.5376,1,49,Amethyst Aurora,Knight's Extra
1082403,59.3826,1,50,Tokei no Heya to Seishin Sekai,Horologe
1025530,235.7959,3,"53,38,45",nightfall,Skyloft
538404,48.0828,1,54,Move That Body -Extended Mix-,Extreme
1922693,42.7943,1,56,Tank!,Bang!
1871283,38.4799,1,58,Kagachi,Yusomi's EX
2646355,34.6987,1,60,Kaikai Kitan,Extra
2962941,24.0585,1,67,U,Affection
171678,21.6302,1,69,Smile of Split,Insane
239104,20.4887,1,70,Mushikui Saikede Rhythm,Skystar
1662095,29.8645,2,"73,80",The Ballad of a Mindless Girl,Expert
1510461,14.9266,1,76,Manimani,Yamazakura
499839,19.458,2,"77,94",Yokuatsu Sakuran Girl,HW's Expert
1789641,13.464,1,78,Romance ga Ariamaru,Extra
4152865,12.0721,1,80,Drenched in Air,Insane
1939172,11.4594,1,81,G e n g a o z o - f o o n,Another
1015266,10.3195,1,83,Groundhog (Beat Juggle),Rhythm Master
1493143,63.2313,2,"84,51",Kaefig,kwk's Extra
763946,9.2826,1,85,Tokyo (Innovaderz Remix),Welcome to Skystar's Tokyo
3788261,199.746,3,"87,65,29",Vicinity Of Obscenity,Lasse's Expert
2908653,6.7932,1,91,POLKAMANIA,BURSTMANIA
99342,189.4686,3,"95,76,29",Chousai Kenbo Sengen,Insane
1808400,4.9727,1,97,Angry Birds Epic (Remix),RRRRR!!!!
533622,4.2522,1,100,Dopamine,Kotori's EXTREME
2096800,577.8504,12,"45,65,80,69,89,72,78,90,80,27,33,47",Mizuoto to Curtain,Sabishii
5113096,39.4931,1,57,ANTIDOTE,COLLAB EXTRA
1052871,175.6116,1,30,FaV -F*** and Vanguard-,Happiness
2274780,102.1919,2,"49,58",COLORFUL DAYS!!,Aozora
3894551,48.2327,1,54,Silhouette,lapp's Extra feat. bao
2953423,34.4214,2,"63,98",I'M A BELIEVER (TV Size),Spike
1463237,25.404,1,66,HOPE,INSANE
4006497,21.6392,1,69,Marine Blue ni Sotte,Kuki's Extra
2139974,17.571,1,73,"Sakura, Reincarnation",Petals
898575,14.2512,1,77,BLUE DRAGON,grumd's Extra
4745770,11.4954,1,81,Yasashisa no Riyuu,Wentarks' Curiosity
4238762,193.7738,5,"60,72,35,79,97",Slider,FrenZ's Extra
151169,25.8875,1,66,"Yuuga ni Sakase, Sumizome no Sakura ~ Border of Life",Extra
5555554,80.8094,3,"77,75,51",Anthrocon 2012 Megamix (pt. 2),Marathon
4891801,11.6792,1,81,Koi no Hyouketsu Otenba Yukemuri Cirno Onsen,Delis & dasdwqdf's Lunatic
4570592,16.3033,2,"91,83",Raijin no Hidariude,Extra
3544927,616.057,1,7,TWiNKLE CiRCLE,WE LOVE MUSiC
4364466,377.5879,1,16,Oshihen nante Yurusanai!,Every Note I Sing Resonates with My Unyielding Path of Dedication
3360553,288.7719,1,21,Tengoku to Jigoku,Extra
4213425,59.6744,1,50,Kawayo,iljaaz's Expert
860472,37.1039,1,59,Sayonara Usotsuki,Goodbye
1796420,14.4739,1,77,ADAMAS (TV Size),DiAMOND SWORD
1949535,165.0537,9,"88,90,74,69,84,90,63,89,48",Colorful,Akitoshi's Extra
1790755,5.9002,1,94,Anti-Clockwise,Rain
1256376,5.6023,1,95,We Can!,Atsuro's Extra
4636979,57.7193,2,"55,79",Tensei Shitara Ken Deshita (TV Size),Nymphe's Extra
2451721,51.6416,6,"82,100,94,92,74,82",Genjou Destruction,Annihilation
1255789,205.67,9,"96,88,54,91,95,100,74,47,51",Shinzou o Sasageyo! [TV Size],Titan
2225736,24.0031,4,"98,84,94,96",Acchu~ma Seishun! (TV Size),A r M i N's Extra
1941890,269.3011,1,22,M flat,Sotarks' Emotions
968220,94.9835,1,41,GO!!! ~NARUTO OPENING MIX~,Fighting Dreamers
1784189,91.0503,3,"47,74,91",Heart Goes Boom!! [GAME Mix],sahuang's Sweetness
2245860,57.5445,1,50,PADORU / PADORU,Doormat's Extra
2250747,60.9884,3,"56,82,80",PADORU / PADORU,Fatfan's Extreme
451414,14.2427,1,76,Syumatsu no Fractale (Game Size),Insane
1932649,23.6952,2,"79,80",Chikatto Chika Chika (TV Size),Hazu's Expert
2112908,79.4675,2,"80,46",Inferno (TV Size),Taeyang's Infernal
2897135,10.9552,1,81,Ouran Romancia,dkblaze's Expert
2025942,137.0453,3,"85,98,35",Mizuoto to Curtain,Lucid
388623,8.008,1,87,Trust in you (TV Size),Insane
719517,24.5725,2,"91,72",Hanagoyomi short version,Sakura
1961271,5.8347,1,93,Koi no Hime Hime Pettanko (Karaoke),Ringtone
4990362,22.1436,1,68,Last Dance,The tainted blood trickles from my hand as the melody ravages my innocence...
4649191,719.121,2,"30,9",Merry Axe-Mas,Kirishima-'s Expert
974352,118.8608,4,"50,66,86,63",Into the Void,Eternal Darkness
4538704,744.0129,4,"72,91,72,4",Pest,Salvation's Denial
5621975,6.7139,1,90,etheria,namriee's extra
4705082,500.0405,1,11,Die,Ayesha's Expert
3943833,1547.2962,3,"16,10,5",M1917,Extra
928937,428.3378,2,"17,44",Gee,Pink me up
2730429,263.7285,1,22,Kto vse eti lyudi?,riffy's Extreme?
2656918,85.4576,1,43,Qesia,Extra
4872813,55.9155,1,51,merry fucking christmas (cut ver.),Kyuukai's Extra Gift
5436292,76.6489,2,"58,59",Yappari Sekai wa Atashi * Legend!! (TamolarM Remix),Expert!!
4674311,23.7764,1,67,WILLSHINE (TV Size),Akitoshi's Extreme
822643,200.6641,2,"79,27",Deadliner,eze's Extra
1863228,8.7023,1,86,Apocalypse in Love,Extra
4845516,7.4054,1,89,FREEDOM DiVE,Ciyus Miapah's Expert
5053250,6.6742,1,91,Garyou Tensei,Collab Expert
3404135,6.0089,1,93,It's you,Kowari's Extra
4291598,5.4174,1,95,A Very Polish Christmas,shoyeu's Extra
2397136,130.8447,7,"100,93,52,97,61,68,76",One by One,Extra
4573398,310.2601,1,19,letter writer,Extra
2179560,49.9266,1,53,Nai Mono Nedari,YURAYURA YURAYURA
3010882,206.9877,8,"66,81,54,80,82,47,86,60",Sorochinskaya Yarmarka,Seni's Extreme
5233338,127.1834,3,"79,51,48",Cherry Pop feat. Hatsune Miku,<3
2516616,1000.1488,14,"85,41,93,58,64,47,24,44,99,45,32,47,46,37",And Plague Flowers The Kaleidoscope,Painted Path
4863996,77.1876,4,"86,82,54,73",Better Off Dead (Cut Ver.),browiec's Extreme
1848732,4.2095,1,100,Daisy Blue,Extra
4569323,28.4227,1,59,FOR THE COMPANY,Accnome's Insane First Day On The Job
5053319,21.6624,2,"68,95",Green Greens,THORWAVE's Expert
4956785,11.9484,1,74,Bubblegum Bitch (Nightcore Mix),Castie's Expert
2282064,7.8764,1,81,"""Tenohira"" (TV Size)",Extra
780182,433.1685,10,"83,67,75,57,90,96,40,53,78,26",Reign of Fear,I
853926,6.3415,1,85,Asu no Yozora Shoukaihan,Insane
3030156,5.6762,1,87,ReI,Suou's Insane ft. torriru
2659371,4.2858,1,92,Juvenile,Insane
3852941,4.0602,1,93,Yami no Mahou Shoujo,Maruk's Insane
1033154,3.6634,1,95,Inferno,Agonizing Insane
1110531,2.9457,1,99,"Trashed, Lost & Strungout",TheMefisto's Insane
4921402,159.2312,3,"99,97,31",The Frozen Land feat. Philippe Giordana,A Bitter Life
2504668,73.0347,5,"66,78,70,87,80",Seasons,Dark Clouds Fading
2349497,62.5952,2,"76,52",Three Hammers,In The Burning Red Sky
5605953,24.271,1,67,Gokujo. no Jouken <3,Flower
5013474,410.4251,3,"82,78,14",CTRL + ALT + DEL (Cut Ver.),Amami Yuu's Extra
5391267,15.1468,1,72,BPM210 no Shanghai Alice (Instrumental),SUZU'S LUNATIC
5273163,136.851,5,"74,57,70,82,46",FAITH,MIZTO'S EXTRA
5287832,306.0356,8,"82,54,77,37,95,37,93,95",Determinate (Nightcore & Cut Ver.),PikA's Extra
4891660,7.6031,1,84,Bubblegum Bitch (Nightcore & Cut Ver.),Fuxi's Extra
780914,7.1949,1,85,Vagrant (feat. Veela),Still Alive
5570181,6.8021,1,86,intro,another
1453152,3.7737,1,97,Sakura Mitsutsuki,Petal
2372012,219.1916,2,"35,41",Aruku,Enerugi's Extra
753100,135.5417,4,"65,49,56,97",Hall of the Mountain King,VI
1945175,785.3874,3,"83,24,8",Hidamari no Uta,Expert
152849,188.91,10,"85,96,94,93,87,67,77,86,41,63",Ubertreffen,Gold
3509218,5.917,1,93,Avant,Sorrow
1962756,4.0758,1,100,Go Beyond!!,Expert!!
2516621,218.4987,1,26,Panic! Pop'n! Picnic!,Alpaca's Extra!
1097612,709.9297,6,"27,64,73,56,46,16",Delta Decision,Linada's Extra
2403266,121.9644,1,37,Xiao Long Bao,Extra
5389480,68.2594,1,48,Kagami no Mary Sue,Angelic
576789,198.8947,3,"49,37,74",Six trillion years and overnight story,Starfort's Insane
4887064,200.8302,2,"76,27",White Eternity ~Memories in the air~ (10th Anniversary Re:mix),Re:Eternity
2368664,14.9489,1,77,Watch out!,LMT's Expert
1183256,273.5976,2,"92,22",Uso no Hibana,Extra
2040981,42.5479,1,55,Gateau au chocolat,Spinity's Starlight
126859,130.2251,7,"71,85,60,72,53,92,93",Enkan no Kotowari,Another
345099,34.6563,4,"73,87,100,85",Airman ga Taosenai (SOUND HOLIC Ver.),Insane
1620228,143.6272,12,"74,97,78,100,75,66,88,67,78,99,74,78",SAY BAY,papapa's Insane
988793,762.2755,19,"75,87,83,86,46,78,10,92,86,78,65,88,89,78,80,64,66,81,82",SLoWMoTIoN,LoLIS
230523,17.8324,2,"76,99",Airplanes (Feint Remix),Shooting Stars
1982874,12.7519,1,77,as x sist ~Amae Beta na Watashi Nari ni~,Ex
1584191,50.7688,5,"80,100,79,83,75",FIXED STAR,Wish
1958927,10.275,1,81,blooming,Solution
1817320,8.8021,1,84,Ao to Natsu,Reform's Extra
3530438,25.0361,2,"91,69",SLoWMoTIoN,Marathon
537235,10.4895,2,"96,92",Hot Right Now (Radio Edit),Insane
908373,4.1136,1,98,Love your enemies,Extra
889327,49.6689,3,"67,88,71",Junshin Always,Extra
388878,7.1471,1,90,Wake up! (Anime ver.),Extra
1992467,57.2804,2,"97,51",Ghost Assassin (Hourglass Bonusmix),Luminosity
2264553,22.2237,2,"99,71",MeltyMoment,Koiiro
1681126,11.2875,1,81,two-Dimension's Love (TV Size),Extra
1522332,251.4668,1,23,confusion,Ohwow's Expert
4954505,104.68,1,39,crystallized,"lux's heart is extra full of diamonds, might be a heaven sign"
1514253,67.9258,1,47,MTC (Radio Edit),Expert
5458625,60.997,1,49,BGT-No.14,Expert
437377,308.2953,5,"59,58,47,30,99",Paranoid Lost,Yuraki
162363,20.6722,1,69,Music Revolver,Kana
5384601,15.7066,1,74,Sentou! Cassiopeia,Fudrea's Expert
114635,12.7266,1,78,Rubik's Cube,7x7x7
778929,95.4288,10,"80,82,95,78,99,80,87,73,100,75",Changing,Freedom
95382,9.2724,1,84,chipscape,Ragnarok
314645,8.7669,1,85,Maware! Setsugekka (TV Size),Skystar
4204410,8.2972,1,86,INTERNET ANGEL,YUA'S EXTRA
4918003,6.7115,1,90,Celebration Music,50/20
145601,4.4024,1,98,The First Star,S h i a's Insane
4415535,4.1807,1,99,Bye Bicycle,Bicycle
2337943,436.7817,3,"37,89,19",Nisemono no Koi ni Sayounara with Wakeshima Kanon,Meyrink's Extra
1443674,69.8322,2,"51,77",Koi no Hime Hime Pettanko,Sweet Sweet Angel
4421970,665.8415,3,"56,41,8",Cake by the Ocean,Sidetail's aYaYaYaYa
611363,98.9247,2,"77,43",Hoshi Ori Yume Mirai,Skysign
1575386,12.0509,1,80,SHIORI,Extra
2400815,25.43,2,"96,70",Wings of Courage -Sora o Koete- (K@keru Dnb Remix),Expert
3900334,314.3495,1,19,Silhouette,Glaceon's Extra
4711006,348.2708,2,"20,52",FIRST,Ben's EXTRA
4947088,133.4329,2,"37,77",Die,Extra
3266014,78.9882,1,45,"Skyfall feat. Koie from Crossfaith, MAH from SiM, Masato from coldrain",Descension
4504938,41.4827,1,57,Dr. Fondoom,IKEA
4701320,15.7712,1,75,Kawaikute Gomen,Envy
4607113,17.6415,2,"78,100",Lonely Go! (TV Size),Extreme
1853005,22.0495,3,"95,88,83",Daisy Blue,Bloom
3972806,142.1891,3,"40,80,62",EVERYBODY DO THE FLOP,Akitoshi's Extra
1080094,23.9253,1,67,Unhappy End World,Hope
5281382,5.1854,1,96,Hoshi o Kakeru Adventure ~ we are forever friends! ~ (Long Ver.),Whimsy
3211577,12.1497,1,77,Hachigatsu no Yoru (Cut Ver.),The World With You
83338,4.1242,1,97,reunion,Insane
1131747,391.6647,3,"39,76,20",fleshbound,martyr
3759170,121.9978,3,"44,89,58",Shotgun Symphony,Addled upon Verisimilitude
3681081,40.8747,1,56,Fallen Angel (el poco maro Remix),Tainted Archangel
4786235,67.4885,3,"61,62,92",hurt to the core,pained and broken
4557237,343.2593,5,"65,72,85,20,86","Devour Me, Colossus (Part I): Blackholes",Reveries from the Stained Glass Womb
765873,58.9475,4,"75,97,70,68",Kagayaku Hari no Kobito-zoku ~ Counter-Attack of the Weak,Extra Stage
2915644,133.4794,5,"76,84,40,86,95",Black Pentagram,Ritual
3460338,5.8906,1,92,Passenger,Obfuscation
1838165,15.7328,2,"97,80",Bad Elixir,Idealism
4407820,10.968,2,"98,91",Battlefield,Lionheart
2791350,50.5799,2,"100,53",Gengaku Opera House,Give it all.
4110850,616.1695,2,"9,46",JAMMER,Collab Expert
4572659,515.7965,2,"12,51",On the Frontline (TV Size),Endless Journey
3996406,355.3992,1,17,Princess Brave!,BAKA!!!!!
4208143,284.8701,1,21,Ravensong,Extra
391182,228.0718,1,25,Streaming Heart feat. Hatsune Miku,Extra
3317368,95.8926,1,41,Swampwitch,Extra
4637590,65.2686,1,48,Unravel Sky,Resilience
2788239,55.6625,1,51,Kimi no Tonari de,Lemaire's Extra
3735916,49.977,1,53,M1917,Extreme
847197,44.9517,1,55,Aragami (Short Ver.),Azer's Extra
4960051,34.5578,1,60,The Stains of Time (Maniac Agenda Mix),OME & HAYA'S EXTRA
194953,32.6054,1,61,Seijin no Tou,Another
4629881,30.94,1,62,Unravel Sky,Resolve
743896,29.3303,1,63,Wizdomiot,Lunatic
1100642,26.2945,1,65,cross the line,Kibbleru's Extra
1564926,22.4191,1,68,Owari to Hajimari no Oto,Cheerful Bits
4331765,18.0887,1,72,Tensai Rock,killian's Extra
1355247,16.3126,1,74,Ginza vs Ginza,Ex
3641435,13.8753,1,77,Break your desire,Extra
4696040,11.8746,1,80,Guitar to Kodoku to Aoi Hoshi (TV Size),Vaporfly's Extra
1063907,10.6954,1,82,Heart no Atoaji,VINXIS' Extra
3131480,10.1386,1,83,nostalgia,aerous' extra
1799238,9.6241,1,84,Atropos,Anze's Extra
4625968,8.2434,1,87,Contract Trigger,Revelation
1318245,7.8281,1,88,"Daisuki, Evolution",Karen's Extra
2305393,7.0577,1,90,Dramatic Hizakurige,adioni's Expert
1071242,33.6741,2,"97,63",The Glory Days,Glory
2501724,4.6592,1,98,Redo (TV Size),Apollo's Extra
3273816,937.6716,4,"18,15,37,39",Shuumatsu no Bishou,Looking-glass Insects
1173869,72.9193,1,46,Idola,Meg's Extra
4157663,58.7445,2,"52,93",Magic Girl !!,Whisper the Magical Spell with the Everlasting Emotions
887095,130.1197,2,"55,42",Akasha,Insane
3316661,25.2509,1,66,Wakusei Rabbit,Akitoshi's Expert
350132,224.3221,7,"73,82,96,99,71,53,35",Monosugoi Ikioide Keine ga Monosugoi Uta,Lunatic
1836484,14.8044,1,76,quaver,NiNo's Extra
1485831,15.5443,2,"89,87",Moratorium no Oto,Atalanta's Extra
4485821,109.1889,6,"91,69,79,96,52,69",Everything will freeze,Daycore's Frozen Extreme
3481011,44.0729,3,"94,60,94",(^3^)chu * Dere * Rhapsody,(^3^)
148000,85.2663,2,"99,43",Flight of the Bamboo Cutter,Lunatic
1007522,228.7796,3,"36,96,39",Extraction Zone,Legend
3275891,254.9331,3,"40,32,85",Of Petrichor Weaves Black Noise,"Swan of Pale, of Porcelain White"
3757508,287.7388,4,"49,27,81,68",Mirror Mirror,Reflection
1612129,25.3653,1,65,Help,Serendipity
2018512,27.5959,2,"88,70",Tinu rareta Syuren Ni Fukeru Homura,Chaos
2680280,5.9751,1,92,Eiya 'Imperishable Challengers',Tragic Love
3212416,4.3428,1,98,Immortal saga - Again,REVOLT FROM THE ABYSS
1649528,240.3481,12,"99,33,81,71,98,93,77,80,96,88,62,91",Legend of Millennium,Xexxar's Best... Succubus?!
2064453,415.3507,1,14,Blood on the EDGE (TV Size),Through the BLOOD
1829131,83.3223,2,"94,44",Kimi no Bouken (TV Size),Squilly's Extreme
4610841,194.5779,1,28,Gulyayu,Saunter
1678956,280.14,2,"82,21",Surrender The Throne,Sotarks' Immortal Throne
3988655,54.1132,1,51,Kawaikute Gomen feat. Chuu-tan (CV: Hayami Saori),Jealousy
2245373,20.9424,1,69,Army Of The Night,NeKro's Expert
2547378,110.5682,5,"77,55,55,94,92",Triple Baka,Baka Baka Baka!
3890269,53.4292,2,"80,56",Yurari,Expert
2485259,8.5945,2,"99,99",Yubi Bouenkyou (TV Size),Delis' Extra
5312754,856.8848,5,"30,64,59,7,88",No title -10 Years Later Edition- (Cut Ver.),Parad0xa's Extra
5281751,172.9242,3,"42,72,47",Determinate (Nightcore & Cut Ver.),Mita's Extra
4873748,650.2834,4,"45,98,8,64",Bubblegum Bitch (Nightcore & Cut Ver.),kolman's Extra
5101506,59.1154,1,50,Tell Me You Know (Cut Ver.),Extra
5673178,412.7135,2,"51,16",HandClap (Nightcore & Cut Ver.),Mekadon's Extra
5337976,1318.4206,4,"63,6,10,32",Blame Brett (Sped Up & Cut Ver.),Bittersweet
5517387,1134.18,5,"65,35,24,4,56",Blame Brett (Sped Up Ver.),Kumocha's Expert
4906145,22.1852,1,68,Start Again (Cut Ver.),aaeky's Extra
5728888,19.9561,1,70,Ren'ai Circulation (TV Size),Love
4874181,126.667,3,"72,55,48",Poison (Nightcore & Cut Ver.),Nymphe's Extra
5485060,15.1311,1,75,Best Day Of My Life (Cut Ver.),Euphoric!
5143160,42.3432,2,"80,61",This Little Girl (Nightcore & Cut Ver.),Don't you know?
5586535,9.9201,1,83,Marshmary (Cut Ver.),Reflection
5395166,397.2274,9,"87,49,55,58,41,71,50,70,49",Maniac (Nightcore & Cut Ver.),Ram's Extra
5571529,389.7118,6,"91,70,65,34,42,36",WONDERFUL WONDER (TV Size & Sped Up Ver.),Nymphe's WONDERLAND
5518073,136.7743,6,"94,88,66,60,49,89",The Best of Both Worlds (Nightcore & Cut Ver.),Mita's Extra
4940783,5.0015,1,96,NBTSA,midwest's Extra
5222182,50.5924,3,"98,60,77",Pretty Little Psycho (Nightcore & Cut Ver.),Ram's Extra
98452,526.7824,2,"99,9",Dancing Kong Fu,Insane
1936782,100.2342,4,"47,88,72,97",Shiny Ray (TV Size),Sotarks' Extra: Phasansheer Shearylla
3272851,5.2813,1,96,goth girl,Fly Day
3709851,16.3629,1,74,Diane Young,zglock's Expert
1498091,15.5247,1,75,me & u,toynathan's extra
4762683,210.5033,7,"86,90,79,38,82,62,54",Sentou! Champion Iris,Fiery's Extra
3157180,7.4134,1,89,Light Delight,Expert
559809,260.5236,14,"92,90,93,85,95,74,57,80,49,62,88,52,81,85",Desire,Aspiration
1124630,277.562,1,21,We Won't Be Alone (feat. Laura Brehm),Kyshiro's Extra
1762981,727.9924,3,"23,75,11",Kioku x Hajimari,Expert.
3855031,187.2575,2,"34,53",want,akitoshi's expert
1642605,118.4551,1,37,over and over,Kamiya's Extra
2622976,106.6541,1,39,JUSTadICE,Addy's Extra
543221,96.1939,1,41,Drop It Down Like (fang Remix),Drop it
750846,74.1157,1,46,Kanshou no Matenrou,The Great Magician
4668596,53.8875,1,52,Hakumei ni Utsu,Expert
1476592,16.8405,1,74,Trust in you,Asfand's Extra
2267539,14.3214,1,77,One Me Two Hearts,Expert
1954466,11.6043,1,81,Perfect-area complete!,Walao's Extra
887144,71.8074,3,"84,87,51",Koitsubakihime,Another
2755722,6.8733,1,91,Solace (Cut Ver.),Extra
2973711,5.8766,1,94,GROUND-ZERO,AmaCandy's Insane
785097,61.6917,5,"96,84,69,73,84",Stella-rium,Starlight
942418,43.9488,2,"98,57",Mitsuba no Musubime(Sanaas remix),iyacat's Clover
3686623,384.1,3,"31,26,86",Tokohana,Unbreakable
4050392,123.8579,2,"43,58",Darling in the Night,Stardust
1497709,240.7858,3,"45,50,38",Ashita no Kimi sae Ireba Ii.,Karia120's Expert
4105352,64.7075,1,48,I'LL BE THERE FOR YOU,AFFECTION
3958387,8.0584,1,88,Make our sound,Dreams
4473571,6.8908,1,91,Tokohana,Habi's Extra
5192324,9.6527,2,"95,100",I'm invincible (Game Ver.),Extra
4859785,233.4593,3,"64,62,28",Kuusou Mesorogiwi (TV Size),Tylerderp's Extra
5278843,26.5433,1,65,Of Our Time (osu! Edit),Log Off Now's Expert+
5423414,23.9003,1,67,Accept Yourself,"I Believe In It, The Story of A Dream"
4855574,16.5468,1,74,Zange,Ilya Erokhov
4847505,9.7644,1,84,CLIMAX BREAKER!!,Resolve
5310563,49.849,4,"87,75,95,68",Heart Attack (Rock Ver.) (Nightcore & Cut Ver.),Nymphe's Extra
4440930,11.3619,2,"91,97",You May Not Want To Hear This But,Phantasm
4669154,25.3692,2,"96,69",Bleeding Hearts,Meg's Extra
4370423,4.9281,1,97,"Mudai ""Soratobu Miko to Futsuu no Mahoutsukai no Itsumo no Mainichi""",Blazing Star
4993831,57.0462,4,"99,89,77,58",Galactic Astro Domination,Dabbe's Inhuman Rampage
4172054,381.6334,1,14,Dice,Highroll
4861693,667.7605,6,"24,47,100,76,57,16",Paradiso,Exile
3281757,240.1497,4,"30,84,56,55",Hades: The end,Despair
3105129,108.3397,3,"51,54,81",HERA (LONG Version),Parthenos
598867,57.6484,3,"58,100,70",Kando*Reduction,Pho's Elimination
3359653,185.7407,4,"63,67,37,64",Vampir / Opfer,Reincarnation
1905654,60.3691,2,"66,57",MIND CONDUCTOR (TV Size),Extra
1759171,290.853,4,"69,54,55,28",Rubik's Cube,Extreme
1730178,31.6082,2,"79,68",Anoneanoneanoneanoneanoneanoneanoneanone Kouji ga Okureteruno,Extra
1955242,15.1191,2,"83,91",Gold Dust,SMOKELIND's Extra
380646,4.8396,1,95,Granat,Extra
4552004,4.588,1,96,Flight of the Bumblebee (RST Classic),Challenge
4905011,416.1038,1,14,Haruhi of The Sprite Tribe,-Tynamo's Insane+
5125830,341.6603,2,"19,61",A-TYPE,Aranel's BonuS-TYPE
5571523,65.324,1,47,WONDERFUL WONDER (TV Size & Sped Up Ver.),EXTRA
5087962,45.2357,1,54,Faded Winter,Apostle
4911434,22.3712,1,67,Take a Hint feat. Victoria Justice & Elizabeth Gillies (Nightcore & Cut Ver.),Oh!
3784709,8.9046,1,84,Insert Coin,8-bit Extreme
5367904,82.67,4,"93,95,49,71",BPM210 no Shanghai Alice (Instrumental),DICECREAM'S EXTREME
5594227,4.1271,1,98,FREEDOM DiVE (Short Ver.),Mizujin's CONCENTRATiON
2659911,3.9175,1,99,WONDERFUL WONDER (TV Size),Simple Heart
4867909,41.0362,2,"60,91",Libera (Part I) - Saturnine Spheres,Fluttering Wings
1790044,220.1063,4,"61,94,29,83",Haruka Mirai (TV Size),Extra
5181225,20.907,1,69,Marguerite,Tragic Love
4881959,17.7332,1,72,klik klak brazil strelyayet,ERFANIUS' EXTRA
5410822,11.0002,1,81,Chronomia,<STAR.IX>Sagittarius#SparkNights
5223287,24.5857,2,"91,72",Galaxy in Toybox (DC Update Ver.),Arles
2088910,6.1721,1,92,Akaito,Goodbye
746471,14.0817,2,"93,86",Songs Compilation I,Daybreak
1630100,158.5454,4,"95,54,55,46",Kimi ni Pierrot,Extreme
2124108,252.4224,2,"38,33",Haikei Doppelganger,Who Are You?
5078432,64.5135,1,48,Morozoboy,"Your Corpse, Lifeless and Numb, will lie under all that Cold Snow."
5284284,57.9711,2,"52,92",Radiant Dawn,Golden Embers
5761471,17.2554,1,73,Inferno City,Deception
4093739,16.3903,1,74,Songs Compilation,Lunatic
2932491,17.2534,2,"78,99",Mikasa,Collab Bestowed
2097124,19.969,3,"83,98,94",Flames Within These Black Feathers,Tearing Apart The Despair Entangled Within My Hands
3764598,8.7764,1,86,Wisps of Nifl,Ethereal.
4147967,98.6245,3,"87,43,88",Touhou 7 Nonstop Medley,Perfect Cherry Blossom
5593879,5.2052,1,96,cheatreal,921206025887's Extra
1617484,4.679,1,98,Lithosphere (Original Mix),Seafloor Spreading
3877905,380.7313,7,"99,68,24,60,54,85,56",A Songs Compilation Reflected Cold & Cruel,Brittle - It Shattered in an Instant From Her Serene Embrace
4666984,260.1437,4,"35,55,44,87",Die,Bloody Rain
2137200,141.2362,7,"64,70,47,99,92,76,96",Generations,Legacy
5076832,160.3632,4,"75,62,36,91",Kamisabita Kosenjou ~ Suwa Foughten Field,Extra Stage
5230161,13.943,1,77,On the Edge of Paradise,Heavenly Encounter
5042421,54.7921,2,"88,54",Kamisabita Kosenjou ~ Suwa Foughten Field,sstari's Extra
4178730,29.8171,2,"92,66",Kamui,SHD
4873749,1238.958,3,"10,10,25",Bubblegum Bitch (Nightcore & Cut Ver.),Mekadon's Extra
4890556,489.3992,1,11,Bubblegum Bitch (Nightcore & Cut Ver.),Ram's Extra
5643529,712.5862,4,"16,71,18,99",way up (nightcore & cut ver.),kumocha's legacy
5167198,268.1106,2,"22,93",from me to u (feat. Poppy) (Cut Ver.),Ram's Extra
5649460,228.6628,2,"29,52",TEEN TITANS THEME (JAPANESE VER.) (TV SIZE & NIGHTCORE MIX),Ram's Extra
4928547,1204.9866,8,"30,99,42,34,27,86,21,16",Johnny Test Theme (TV Size),Fiery's Hair
5048491,160.7715,1,31,The Glory Days (TV Size),Nymphe's Expert
4919688,287.2538,3,"34,65,35",Johnny Test Theme (TV Size),Reform's Talking Dog
5463343,222.0755,3,"46,49,40",My First Kiss (feat. Ke$ha) (Nightcore & Cut Ver.),Mimari's Extra
5517573,68.456,1,47,burbank house,bench boy
5465354,408.5307,3,"59,78,15",Cats (Cut Ver.),Maybl's Meow
5524479,276.2634,5,"60,73,33,46,81",How to Be a Heartbreaker (Nightcore & Cut Ver.),Extra
5296275,78.2483,2,"61,54",Boom Clap (kyoto Remix) (Sped Up & Cut Ver.),you're the magic in my veins
5520169,354.8731,3,"65,28,33",feeling good (nightcore & cut ver.),i was in love
5613048,28.5442,2,"68,93",made for you (nightcore & cut ver.),mimari's all your lies
5520232,40.4251,2,"71,69",feeling good (nightcore & cut ver.),kumocha's extra
5496971,22.9262,2,"72,94",Kiss Me When I'm Dead (Cut Ver.),in your head
4896270,23.9382,2,"73,90",how could you do this to me?,Parad0xa's Extra
5296362,124.9909,2,"81,37",Ukigumo,Kumocha's Expert
5519933,21.0842,2,"82,82",Thick of HiT (S8-10 Opening Mashup),how it feels when i'm about to get crushed
4912563,86.4869,4,"86,80,49,88",Start Again (Cut Ver.),Plasma's Extreme
5511442,183.3557,4,"91,97,35,52",Dream Catcher (Nightcore & Cut Ver.),geiboi77's Extra
5486311,66.9109,6,"92,80,68,88,83,81",The Best of Both Worlds (Nightcore & Cut Ver.),Kumocha's Extra
5794332,6.0142,1,93,sad child (nightcore & cut ver.),alone
5560506,12.4705,2,"96,89",GRIM (NIGHTCORE & CUT VER.),PIKA'S EXTRA
5573472,4.1373,1,100,SKELETON (NIGHTCORE & CUT VER.),NEXT TO YOU
869240,35.0078,2,"88,63",We Won't Be Alone (feat. Laura Brehm),Fort's Together
138008,32.3,2,"91,64",Supernova,DoKo
4596010,43.226,2,"60,84",Hanatachi ni Kibou o (2020 Remaster),Extra
4030039,26.3141,1,65,RE Aoharu,Millenium
2403410,17.1716,1,73,Yuima-ru * World,Colorful Happy Island
5065721,7.8408,1,88,Sakura Namiki no Kaze,Expert
369938,6.3665,1,92,China Dress,Another
2952472,5.1624,1,96,Raikou -3rd Desire-,Frey's Lunatic
176960,21.2004,2,"76,89",Yoru Naku Usagi wa Yume o Miru,Lunatic
2235465,96.7151,4,"60,53,94,81",The Prelude To Bereavement,chorus mortiferum
3473589,129.67,2,"79,36",Chronic Death,Worlds of Scales and Passages
2132119,4.7737,1,97,The Sound of a Glinting Blade / The Sound Which Has No Name,Helpless Cries
1697722,65.6703,3,"100,100,48",Mou Ii kai?,Divine's Insane
4644543,455.1681,1,12,Touhou Sweets! ~Kichiku Shimai to Junan Maid~,Professional Maid Abuse
4544137,161.9527,1,31,the executioner,extra
5085983,137.6724,1,34,End of the World,Earth
4636164,52.8222,1,52,Alice Ragnarok,Armageddon
1745554,243.5843,2,"56,27",Songs Compilation,Marathon
4018244,188.7257,4,"57,34,87,93",THE EVENING STAR,LUNATIC
4843393,32.3313,1,61,Sweets*Hearts,Super*C.Expert
172061,20.2086,1,70,Koisuru Otome,S.S
965283,16.4001,1,74,SLOTcore Is Dead,SEVEN
5157510,28.9145,2,"76,76",Rose Quartz,Imitation
4752073,14.0539,1,77,Makudo wa Taihen na Mono o Tsukutte Ikimashita,"Rei's 1,080yen Value Set"
244691,54.2168,2,"80,55",Caramel Heaven,Heaven
5029542,10.206,1,83,hallelujah,Aselia
93236,7.0559,1,90,Solar Sect of Mystic Wisdom ~ Nuclear Fusion,Radium
4962650,5.134,1,96,Love-chu * CHIREIDEN,Lunatic
1178526,834.4996,6,"81,43,24,27,56,19",yuima-ru*world,Extra
1418230,4.3984,1,98,Asymmetry,Collab Extra
1094888,14.7216,2,"99,82",Kimeta yo Hand in Hand,Akitoshi's Expert
1885374,95.5307,9,"100,92,79,68,99,94,61,94,87",Idola no Circus,Expert
3851337,928.3204,2,"7,18",Yoru no Jihanki,This Song is About Two Girls Next to a Vending Machine
181253,1302.2307,3,"8,46,5",o'er the flood,The Flood Beneath
2076261,262.9044,1,22,Overkill,Noble
4637591,172.1191,1,30,Unravel Sky,Vendetta
4844557,139.6578,1,34,Dimension tripper!!!!,Kumocha's Expert
4196798,91.0554,1,42,Usotsuki,Heanday's Lie
5000323,202.3107,2,"45,35",Bug,Liyuu's Expert
5291208,59.8335,1,50,Science (feat. Kasane Teto SV),kowari's Extra
2234657,71.6612,2,"51,76",Mold,Insane
1558638,61.6203,2,"53,81",Ginza vs Ginza,Insane
4059413,48.5713,1,54,Tsumugiboshi,aundy's Extra
5479357,37.8655,2,"62,93",Colorful. (Asterisk DnB Remix),Heroine
4885150,30.1119,1,63,Majo,Insane
741572,32.0911,2,"68,86",Great Distance,Awakened
3688590,96.605,4,"69,75,50,95",Ginsekai,Shirayuki
3657002,20.7743,1,70,Replica feat. mami,Insane feat. Enon
5173101,18.6823,1,72,Brand-new World,Expert
923244,17.7369,1,73,Sakura to Kotori,Laurier's Insane
5185765,16.8334,1,74,Kimeta yo Hand in Hand,sho's Expert
4425743,14.3793,1,77,Ibasho,Collab Insane
1422783,13.6567,1,78,Eitsukiyo,Lunatic
539394,12.9651,1,79,Seven Doors,Expert
4198575,11.6948,1,81,To The Terminus,Insane
2663395,314.9647,4,"82,71,58,22",Alice in Reitouko,Soliloquy of Broken Tears
4371625,90.6126,3,"83,50,67",KIMONO <3 PRINCESS,Extra
2238398,9.4895,1,85,Towa no Maigo,It was all a dream
4024269,8.9932,1,86,White Promise,Affection
4632860,76.9798,3,"88,57,60",Unravel Sky,Insane
3235170,7.6826,1,89,Life is beautiful,DeviousPanda's Extravaganza
4283250,7.2965,1,90,Magatsu Yami ni Utau,fnayR's Expert
3664739,152.2612,2,"91,32",Tozaseshi Kumo no Kayoiji -Stormy Extended-,Akari's Lunatic
878262,6.2286,1,93,SquarePanicSerenade,Extra
4330314,5.6121,1,95,Super Nuko World,Koori & Ame's Insane
827802,5.053,1,97,caramel heaven,pritifat's Insane
2688254,192.7608,2,"99,28",PARADOX,DREAMING
2456779,54.505,1,51,Tinnitus (Schwank's PTSD Remix),Otalgia
775365,51.7084,1,52,Wadatsumi,Snaggle's Insane
3924754,41.5119,1,56,Nacreous Snowmelt,Iridescence
4827015,89.011,2,"76,45",promise (Cut Ver.),mizto's extra
3352257,9.529,1,84,Madoi no Tsuki / RAYTO MIX,Mind Reader
1438946,33.4118,2,"96,63",Colossus,"Colossus, the Wrath of the Ocean"
1398848,17.715,2,"98,77",Altros,Taeyang's Extra
1572058,4.3272,1,99,Yumeshoushitsu ~ Lost Dream,Nightmare
1720423,105.0068,3,"41,87,89",You Suck At Love (Speed Up Ver.),shardex' Extra
1307291,66.8729,1,47,Now Loading!!!!,New Game!!!!
1468473,156.6387,3,"65,82,36",70cm Shihou no Madobe,Super Saiyan Blue
1893432,345.1109,9,"78,82,64,46,46,35,93,97,69",Guess Who Is Back (TV Size),Reform's Extreme
2628159,235.8489,5,"79,39,46,91,52",Colorful (Cut Ver.),Colorful Heaven
1968445,6.7122,1,90,Chikatto Chika Chika,Extra
4170721,78.5611,1,44,Fly With Me,Hifumi's Extra
4452922,126.1941,3,"99,49,47",Battle! (Champion),Extra
4407657,4.0779,1,100,Crystallite Dream,Amats & Sayuka's Insane
5303173,341.0947,2,"28,30",Halcyon (Long Ver.),Extreme
1813918,351.3607,4,"55,83,51,22",Kieta Mitai,Summit
1820840,12.3166,2,"89,95",Clock Strikes,A r M i N's Extra
1031604,6.5528,1,91,Paradisus-Paradoxum,Re:Zero
2593880,261.0331,15,"81,71,87,81,48,62,91,76,84,79,74,93,65,67,73",Kako ni Torawarete Iru,Kowari's Extra
2237465,31.4059,5,"85,98,95,100,84",Yume Chizu,A r M i N's Extra
1477476,202.5146,7,"86,68,76,74,75,57,40",Yume Chizu,Expert
651744,127.4524,10,"95,94,84,97,91,51,90,64,94,82",Kimi no Shiranai Monogatari,Celestial
4794567,43.0086,1,55,Haruhi of The Sprite Tribe,Crazy
4790302,49.7853,2,"59,75",Symphonic Love (Game Ver.),Sonnyc's Extra
2168768,31.3194,1,61,Bass Slut (Original Mix),Seductive Extra
3252516,27.8906,1,63,GCN Baby Park,Chaos
5166474,24.9912,1,65,Rainbow Dash Likes Girls (Stay Gay Pony Girl),Holy Shit! It's Rainbow Dash... Again!!
2722655,311.8548,2,"68,19",Lagtrain,Repetition
2184680,14.6093,1,75,Nai Mono Nedari,EXTRA
2109559,13.171,1,77,Kowareta Unmei o Tsumuide,Koume's Extra
4757454,9.5911,1,83,Ringo Uri no Utakata Shoujo,Farewell
294387,9.0829,1,84,World's End Dancehall (ROCKETMAN Remix),Insane
1918015,47.5259,3,"86,61,85",Sakura Mirage (STARLiGHT Mix),Illusion
928677,44.9344,3,"89,66,77",Okaerinasai (tomatomerde Remix),Departure
3885164,28.199,2,"95,67","Soliste (Drama ""Saikou no Obahan Nakajima Haruko"" ver.)",Drawing the Future
2118443,3.8679,1,100,Bass Slut (Original Mix),Reform's Filthy Expert
4412935,8.4672,1,86,Arcadia,Extra
5468476,1176.0811,4,"27,33,22,7",Cats (Cut Ver.),Ram's Extra
4895337,142.3861,1,33,Rebel Heart,Fuflart's Expert
5046239,337.0683,3,"51,56,22",Up From The Bottom,Nymphe's Extra
5107131,154.6692,2,"65,34",Adventure Starts Here (Sped Up Ver.),Maaadbot's Oak
5313778,22.6278,1,67,No title -10 Years Later Edition- (Cut Ver.),kowari's Extra
4894897,12.0245,1,79,LOVE <3 SHINE,Let's Go!
2228184,492.908,2,"11,99",More-more LOVERS!!,SS!
1474576,71.1571,1,46,CHEER UP (Inst.),EHHH?
3746332,63.8631,1,48,Deneb to Spica,LiyuuMyMommy's Expert
2108789,54.5324,1,51,Tomin,Collab Extra
322416,51.7713,1,52,Dimension tripper!!!!,Laurier's Insane
674188,43.6834,2,"59,87",Hana ni Natta Shounen no Shinwa,Calendula
3208293,33.3929,1,60,Pinky Jones,Insane
318975,42.2015,2,"61,82",MORE&MORE,Insane
1259280,50.4792,2,"64,67",Marigold (feat. Guriri),Despair
281778,25.54,1,65,INSIDE IDENTITY,Insane
696225,38.3076,3,"66,83,98",Miraizu feat.Aida Miou(CV:Toyosaki Aki),Special
3896322,42.5857,2,"67,70",Airplane,Shining Star
4167895,100.3954,4,"68,54,80,65",Yuki wa Naniiro,"S-Senpai, there's only one way I can show my love for you..."
1522330,19.4399,1,70,confusion,Mir's Insane
1806803,231.867,11,"72,82,69,72,95,82,58,77,96,100,39",Heart Shaker,Shaker Shaker!
1107674,17.4322,2,"77,100",Soundscape,Settia's Extra
1898986,10.2881,1,82,RESISTER (TV Size),Fragrant Olive
2594991,43.2697,7,"87,95,99,99,85,88,90",DICE,INSANE.
1174117,7.5063,1,88,Wagamama MIRROR HEART,Insane
1475010,6.0714,1,92,CHEER UP (Inst.),Extra
4419768,3.9486,1,100,Renatus,jixxi's Insane
4796274,41.9396,1,53,Ragnarok,Relentlessness
5664168,463.1386,2,"19,31",Dance in the Light,S2G's Waltz
4978077,70.8091,1,46,Phantasm Brigade,Collab Lunatic
4494938,60.4522,1,49,new moon illusion,STAR!!!!
4982128,53.8197,2,"53,91",Cinderella Avatar,Satellite
4344475,22.427,1,67,Bamboo Dance,Lunatic
4794601,17.2825,1,72,Reikon Mythology,Destiny
5616935,10.2045,1,82,Yowamushi Vampire,Satellite
3875572,9.1541,1,84,Ena,Insane
116938,8.2281,1,86,Silent Voyage to Eternity,Extra
3533093,9.7974,2,"95,96",Identity Series Nonstop Play (part. 1~5),Marathon
4838687,4.6108,1,97,Sakuretsu Irony,Satellite
3844593,4.3795,1,98,Touhou 10 Nonstop Medley,Mountain of Faith
57405,3.9492,1,100,Gensou Kidan (Kaguyahime+Mikotonori Ver.),Lunatic
1746034,487.2539,1,11,State Of Mind,Rise
2509953,31.7506,1,61,The Devourer of Gods (Nonstop Mix),Cosmic terrors are watching...
3754404,28.2245,1,63,Love the Subhuman Self,JOUNZAN'S LUST SHAKER
3788957,25.7489,2,"72,85",Hikariiro no Uta,Delight
3237678,16.5944,1,73,THE WORLD REVOLVING (Camellia Remix),I CAN DO ANYTHING!
2171935,12.6929,1,78,StaRt,Dreamy Tomorrow
3491545,10.8512,1,81,Duplicity Shade (feat. Sennzai),Salvation
4266525,7.4872,1,88,Rebirth the edge,Brute Attack
1165959,6.0651,1,92,Sakebe,Pon
1801586,4.2031,1,99,My Days,Down
5517480,326.294,1,18,Blame Brett (Sped Up Ver.),Mita's Expert
5508773,403.3809,3,"21,84,37",Dream Catcher (Nightcore & Cut Ver.),Kuki's Extra
5522934,219.7676,1,25,Mr. Brightside (Nightcore & Cut Ver.),Mita's Extra
4796160,349.8987,2,"26,33",Aitoki*Cherishing (Game Ver.),Expert
2222070,169.245,4,"32,100,86,90",PADORU / PADORU,Christmas Drift
5759046,336.2732,2,"34,27",HandClap (Nightcore & Cut Ver.),My Angel Reform's Extra
5634100,411.2373,2,"36,20",GRIM (NIGHTCORE MIX),KUMOCHA'S EXTRA
5394222,99.6663,1,40,Maniac (Nightcore & Cut Ver.),Nymphe's Expert
5329378,93.9489,1,41,You Suck At Love (Nightcore & Cut Ver.),Mita's Extra
5669538,58.3293,1,50,la la for you (Short Ver.),Expert
5464554,137.8135,3,"61,70,41",My First Kiss (feat. Ke$ha) (Nightcore & Cut Ver.),PikA's Extra
5518249,16.9728,2,"79,96",Die A Million Times (Nightcore & Cut Ver.),Story of My Life
4866662,11.1243,1,81,The Slumbernana Song (Japanese Ver.),Golden Banana
4884623,7.7027,1,88,Chikatto Chika Chika,PikA's Extra
5524684,12.6528,2,"90,92",Die A Million Times (Nightcore & Cut Ver.),Alice's Extra
5638904,5.6239,1,94,Ryuu to Shoujo to Decoherence,Zero
5328092,9.343,2,"97,97",You Suck At Love (Nightcore & Cut Ver.),Ram's Extra
5306933,101.7041,5,"81,92,91,49,65",Campanella,FrenZ's Extreme
1700408,439.6531,4,"51,65,38,22",I pray,Saigo no Inori
1270000,84.7024,7,"90,79,66,93,82,81,72",I Bet You'll Forget That Even If You Noticed That,Each And Every Word Leaves Me Here Alone
1918734,151.5215,3,"93,100,32",So What?,Extra Stage
4985491,143.178,3,"35,85,89",Lein,...ja mullaks pead sa saama
3897504,98.2977,1,40,Paraselene,False Moon
5074780,261.5664,5,"52,40,39,90,90",Thine King Weeps for Mercy,me2u's Extreme
5331139,13.2414,1,78,Enneagrammatos,Orkay's VIII
4858051,48.0798,2,"88,56",The Left Hand Path,Cruel Mentality
5573783,84.0045,2,"99,42",Hyakki Yakou -Pandemonic Night Parade-,Tsukumogami
4849841,12.1109,1,79,Wolf & Raven (Cut Ver.),AdeAAa's Extra
5083913,5.3849,1,94,Xepher,Astronic's Black Another
1015113,733.3216,2,"4,74",Kokoro ga Odoru Herb Tea yoo,Friendship Is Like A Diamond
4864640,640.3091,1,6,as x sist ~Amae Beta na Watashi Nari ni~,<3
5313984,25.3334,1,66,EARTH DAY,Extra
738679,21.6947,1,69,You Know What They Do To Guys Like Us In Prison,Extra
3906650,57.1168,2,"77,55",Bruises,Bellicose
3364238,12.8413,1,79,Pyramid Daigyakuten,Amagi's Secret
457448,108.1945,2,"83,40",The Agony & the Ecstasy (feat. Selah Corbin),Ecstasy
1649108,85.212,4,"88,68,96,52",Amy,Reflection
825243,305.3275,2,"92,19",Flashes (Extended),N/A's Insane
2139060,21.5035,2,"96,73",Miss Tail,Airin's Extra
4752116,4.5358,1,99,Blouse,Skirt
3981393,4.3088,1,100,RE Aoharu,GlazeE's Extra
1987383,24.1587,1,66,NEVER SAY NEVER (TV Size),Dorsalplum's Expert
2107123,4.474,1,98,Chikyuu Saigo no Kokuhaku o,Narcissu's Insane
4065924,420.8726,2,"22,31",Alice in Reitouko,"Swaying around Wonderland, we danced to our hearts' content."
3425143,275.5904,2,"28,43",Kuu ni Naru,Kaze
1055190,180.4904,1,29,Gokuraku Jodo,Saika's Another
1250145,106.9092,1,39,Sankitousen!,AKIBA
4059925,250.4434,4,"45,64,41,48",Kimiiro Subliminal,Mo's Lunatic
3026635,43.4914,1,56,"Dakara, Hitori Janai",Together
1580160,274.0254,2,"63,23",Parodia Sonatina -Grande-,Finale
4462150,18.7181,1,72,Baddie,Expert
1919402,11.6441,1,81,Way Too Deep,Ultra Hard
2960180,11.0358,1,82,Hashire Uma Musume,Insane
1701711,10.4802,1,83,It Has Begun,Extra
4000935,157.699,2,"91,31","Dakara, Hitori Janai",Everything's Gonna Be Alright
4483726,6.5573,1,92,platonic colors,Utopia
1979344,29.3323,3,"96,77,83",ya zhenyus' na devochke iz anime,her cute eyes
2736744,73.9213,3,"97,48,97",NOiSE,Collab Extra
4034811,4.3182,1,100,Livin' The Suite Life (TV Size),Extra
3072869,51.803,1,52,The Disaster of Passion,Extra
4119149,25.9343,1,65,Temptation (Cut Ver.),Fantasy
4000639,138.2258,2,"66,37",Kiss no Hitotsu de,No Dap's Extra
1186089,19.9332,1,70,Ideal -tRuE blooD-,Enlever
431512,77.4763,3,"54,72,78",Rave-up Tonight,Jemmy's Insane
3967125,35.5264,1,59,A Lasting Promise,Zelq & Panda's HEAVENLY
2270137,39.2033,2,"63,80",Dienos Advento,Medzio Diena
3520227,20.8564,1,69,God-ish,"""Death""-ish"
4724781,16.0652,1,74,reach for your victory!!!,astronomic!!!
800249,11.1084,1,81,Invisible,Expert
4118231,8.5519,1,86,northern_limit [feat. Sennzai],Ultra
5602828,6.2495,1,92,Extricate,Eternal Suffering
1972715,5.9298,1,93,Uragirimono no Requiem (TV Size),celerih's Expert
3758374,94.846,1,40,Zangeki yo! Unare! Houkou no Gotoku!,Insane
4424404,40.0749,1,56,Arrival of Tears,cRyo's Insane
5116864,30.2256,2,"64,99",Nyarlathotep's Dreamland,Collab Insane
4887761,23.566,1,66,FREEDOM DiVE,FrenZ's Insane
4825803,51.4673,2,"68,62",BAKENOHANA,Expert
4551997,13.8822,1,76,RESOLVE,Akitoshi's INSANE
4815684,6.3199,1,91,Shiroi Yuki no Princess wa -Re:incarnation-,Expert
1646801,4.379,1,98,gemini,Insane
4867578,24.6283,2,"76,80",For The Love Of The Game (Nightcore & Cut Ver.),Extra
1949536,37.4112,2,"84,62",Sakura Mitsutsuki (TV Size),Aurora
3387818,537.7892,1,9,Drastic Melody (Game Ver.),rollpan's MASTER+
3229766,224.8575,1,25,Congrathalations! (Cut Ver.),browiec's Expert
2522352,22.5481,1,68,ANIMA (TV Size),browiec's EXPERT
2609733,72.3594,2,"69,52",Simarik,Uzman
2227344,14.6977,1,76,PADORU / PADORU,AF's Extreme
2488852,7.7818,1,88,HAPPY PARTY TRAIN,browiec's Expert
1710712,7.3921,1,89,Kanadeai,Nevo's Extra
3279599,6.3258,1,92,Re:Call (TV Size),browiec's Extra
1000684,425.6784,1,13,Back to Marie,Catharsis
3364972,295.4152,2,"20,96",Sakura no Uta,Blossom
2682758,169.3098,1,30,Million Litmus,Showering Palettes
3775251,136.7585,1,34,Oboetete Ii yo,Resolve
3568143,94.3013,1,41,Start Again (Lexurus & Dualistic Remix),Collab Extra
827984,89.4037,1,42,MONSTER,FORT'S EXTRA
4903207,384.1596,2,"45,18",Oh No! (Nightcore Mix),P A N's Extra
1532546,68.5118,1,47,Duel Alternatives,Duel Kaizer
2276355,64.9841,1,48,No title,Kowari's Expert
3361679,55.4911,1,51,Pastel Subliminal & Synesthesia,_Epreus & Cellina's Another
1924025,52.6776,1,52,Tsukinami,Onlybiscuit's Extra
1097476,50.0341,1,53,Youkakushi -Ayakashi Kakushi-,Extra Stage
2197839,47.4459,1,54,Clover Day's,Misure's Extra
3399720,42.5917,1,56,Zurukute Sugoi,Kuse's Extra
1506556,40.4525,1,57,The Party of Seven Witches,Dereliction
587105,282.7268,2,"60,22",Blue Liner,Liner
2653301,31.1276,1,62,I believe what you said (TV Size),Yudragen's Expert
2199185,29.562,1,63,If You Can't Hang,Extreme
418725,34.8371,2,"67,82",Kung-fu Empire,Backdrop
807482,14.9418,1,76,MONSTER,-KEVINCELA-'S EXTRA
4939037,14.1928,1,77,K.O.K.O.R.O & S.A.T.O.R.A.R.E,H.E.A.R.T
1749734,12.7731,1,79,Bouningen,Hollow
703997,138.275,2,"81,35",PLAZMA,Nightmare
1937747,8.3901,1,87,Deichuu ni Saku,Blooming in the Mud
4070159,7.9513,1,88,Tentai Kansoku (2022 Rerecording Version),Cosmonaut
3700217,7.544,1,89,Shinsaku no Shiawase wa Kochira!,Tsukinyuni's Extra
2455119,6.8003,1,91,Necro Fantasia,In the Illusion
661705,6.4442,1,92,Asymmetry,P A N's Extra
2559123,199.7062,6,"94,88,75,47,63,44",FaV (Short Ver.),Corinn's Ex
1593083,4.7196,1,98,Primitive emotion,Kaliboy's Insane
2700151,161.869,1,31,over and over,Natsume
2002055,81.5493,1,44,EXTRA MAGIC HOUR,Steinberger
1155619,529.6706,2,"57,10",Walkuere Attack!,Sigrdrifa
3837111,23.2526,1,68,Salvage,Expert
1785133,16.2027,1,75,Arcadia,Rage Quit's Expert
4887792,14.6145,1,77,Next Life,Alter Ego
2854097,13.174,1,79,Yoake no Bell ga Naru,Extra
4383835,9.6619,1,85,Yoyuyoku,Extra
1324772,367.2492,8,"99,49,68,47,49,69,57,39",Senpuu no Mai [Ten],Cyclone
4900465,305.0129,1,19,"Reach for the Moon, Immortal Smoke",TD's Extra Stage
880206,295.2615,3,"66,35,32",End of an Empire,Immortal
3716285,32.465,2,"78,69",Everything Goes On (Star Guardian Version) (Sped Up Ver.),Top Diff
974422,7.4244,1,88,We Love,Expert
3049255,6.6772,1,90,Scar/let,Extra
1864177,23.4535,3,"92,94,78",Tokyo's Starlight,Collab Insane
812157,4.8752,1,96,Starscapes (Rameses B Remix),Extra
4704550,3.9621,1,100,Sassou to Hashiru Tonegawa-kun,Expert
4980793,62.6404,2,"49,97",Kickin' It With You (TV Size),Smoke's Extra
5615847,16.2915,2,"91,80",Beneath the Vortex,Resonance
4599327,104.3831,1,39,Train of Thought,Tautology
3626627,30.941,1,62,Circus Galop (Cut Ver.),Down's Extra
4885057,21.3425,1,69,Fuujin Shoujo (Short Ver.),Yokes' Lunatic
3142477,16.392,1,74,Illegal Paradise (Grimoire rmx),Nuvolina & Chaos' Expert
4376788,14.7124,1,76,break through the night,Stage 6  ~ Tenkyuu Chimata
2113851,30.1997,2,"88,67",furioso melodia (2017 VIP),Bashe's Expert
3845728,5.9899,1,93,The Adults Are Talking,Don't go there
4663291,4.3645,1,99,Evreka,Equilibrium
495776,141.288,5,"57,87,66,77,49",Rokujuu Nenme no Shinsoku Saiban ~ Rapidity is a justice,Justice
4571943,32.0036,2,"70,78",Get Your Wish (Sewerslvt Remix),floating
333675,53.8588,3,"78,91,58",Achromat,Insane
877564,8.1668,1,86,L.L. Infinite Beating.ver,MAX
3271290,13.8308,2,"87,93",Aimai Attitude (feat. Nakamura Sanso),Girlish Extra ft. Regou
4679393,6.6247,1,90,Herald of Aegir,Nymphe's Desecrated Torrent
1245365,5.3451,1,94,Glorious Crown,NiNo's Extra
2602090,41.9516,3,"98,77,64",HELL! or HELL?,RAS
2658514,26.1359,1,65,Youkakushi -Ayakashi Kakushi-,cocona's Extra Stage
5662644,17.1266,1,73,Tarot,beaver's Extreme
4573584,13.1557,1,78,Connect,Extra
5628865,399.1774,4,"79,16,76,79",Oak,Numinous Reprieve
5135158,9.1297,1,85,Wanna Be My Dream,KK's Lunatic
5694733,7.791,1,88,Sousei (Driving style),Fatfan style
5045144,6.6688,1,91,Monosugoi Ikioi de Keine ga Monosugoi Uta,Bloxi's Extra Stage
5271742,164.2493,1,30,Of Our Time (osu! Edit),Kowari's Extreme+
4213933,35.5756,1,58,sodium ethyl xanthate,tekito midori
1177094,33.6682,1,59,Yuudachi no Ribbon,Extreme
4861014,7.7054,1,86,Courtesy Call (Nightcore & Cut Ver.),Art of War
1650442,97.9513,2,"43,74",Honto da yo,Truly
4370691,24.3898,1,66,Hakai,Destruction
1063410,56.0983,3,"67,89,65",Aozora Jumping Heart,hvick225's Extra
4724370,17.8311,1,72,Mother Drug,Exalted
5086364,14.4192,1,76,Koi wa Milk Tea (TV Size),Fantasy
4755346,12.3002,1,79,FREEDOM DiVE,IOException's TWO DIMENSIONS
5466477,11.6797,1,80,cheatreal,Extra
633519,12.5352,2,"87,99",Ai no Scenario,jieusieu's Solution
4133726,93.3933,3,"89,74,44",Summer Fever,Shimmering Sky
2522580,26.5426,2,"92,69",Hakkensha wa Watashi (TV Size),Magic
2428357,16.1194,3,"96,98,90",Yubi Bouenkyou,Extreme
2932023,4.5535,1,98,"Yes, my master my lord",Pure loyalty
1861781,396.4798,1,14,Cry Thunder,In the Eyes of Broken Dreams
1968674,111.59,2,"40,74",Einherjar,Valkyrja
306683,96.7022,2,"42,80",Elemental Creation -GITADO ROCK ver.-,Extra
172662,78.035,2,"45,96",Rainbow Dash Likes Girls (Stay Gay Pony Girl),Holy Shit! It's Rainbow Dash!!
1567645,32.9542,1,60,Kegare Naki Yume,Marathon
112922,23.843,1,66,Because Maybe! pt. 3,Marathon
779179,43.8035,2,"74,63",Kuuchuu ni Shizumu Kishinjou ~ Counter-Clock World,Extra Stage
1206528,14.6925,1,75,A Voice Within,Deity
1714350,13.9438,1,76,Lost My Way,Journey's End
1524103,12.5266,1,78,Teo,Motto!
1955867,46.072,2,"82,58",Unknown Mother-Goose,Unrequited EX (Classic ver.)
790048,46.9251,2,"84,57",Toumei Elegy,Skystar's Tragic Love Extra
679131,8.1386,1,86,Crack Traxxxx,xxxxTREME
680394,14.5157,2,"89,87",The Last Journey Home,Legend
736215,5.9135,1,92,Highscore,Game Over
939618,233.6873,2,"96,24",Kakushigoto,Distant Memory
1208673,4.0729,1,99,Road of Resistance,The Path of Tomorrow
3798824,17.774,3,"86,89,96",LOVE BOMB,Heart
5186703,6.4618,1,88,Jashin e no Chinkonka,Requiem
4108775,5.5169,1,91,Millarca,Insane
3623164,14.9545,3,"92,96,94",Trio Cup,Lunatic
2705665,255.9913,1,22,Date in Utopia,Desire
3834738,62.9861,1,48,Universe,Unfulfilled Dreams
1330828,59.6812,1,49,Help,Virtuosu!
3744526,21.9843,1,68,Brand New Theater!,We are MILLIONSTARS!
4882745,19.8206,1,70,Storytellers,Wentarks' Nightmare
1073964,18.815,1,71,Sweet Dreams (11t dnb mix),Smoothie World's Extra
2962071,17.869,1,72,INFINITE SKY,Eternity
5253961,12.9914,1,78,Campus mode!! (Game Ver.),Finale
4528075,9.9986,1,83,Only you!,Omurice
4638517,8.5439,1,86,Paradisus-Paradoxum (TV Size),Labyrinth of Sanity
4390260,4.7827,1,97,Naki Oujo no Tame no Septette,Empress
4014382,4.089,1,100,See Tinh (Sped Up & Cut Ver.),<3
1268973,7.9808,1,87,Nodo ni Yoi Ocha o Nonda ato no Toki no Uta RMX,Friends
4463726,167.2501,1,30,WE ARE THE PEOPLE,MEMOIR
3493106,243.3055,3,"55,70,28",Ghost Assassin (feat. Veela),Expert
876708,39.9931,1,57,Junshin Always,Extra
4024847,65.2574,2,"60,61",She's Taken By The Devil,Petrifying Thought
558509,21.2126,1,69,nightbird lost wing,Another
502414,16.321,1,74,Redstar,Glory
816221,9.6405,1,84,My Pace de Ikimashou,Mirakuru
361687,128.1834,2,"91,35",Mermaid girl -Akiba Koubou MIX-,Black Another
1637380,20.5134,2,"93,75",Hakkensha wa Watashi (TV Size),Sotarks' Fantasy
889319,63.2822,2,"96,49",Junshin Always,Lami's Extra
5463339,337.9416,1,17,How to Be a Heartbreaker (Nightcore & Cut Ver.),Kuki's Extra
5152112,409.0012,5,"30,99,53,33,52",Fatima (TV Size),Cause and Effect
5476054,98.8366,2,"53,52",Mr. Brightside (Nightcore & Cut Ver.),Sick Lullabies
4794238,32.0718,1,61,El Sonidito x Athletic Theme (DitzyFlama Mashup),-AzuMi's EXPERT
5525529,20.3977,2,"86,80",HandClap (Nightcore & Cut Ver.),Kumocha's Expert
5829180,7.7864,1,88,Everything Sucks (Cut Ver.),Misery
5476056,4.3782,1,99,Mr. Brightside (Nightcore & Cut Ver.),Kumocha's Extra
2947395,70.3234,1,46,"Dear, Are You Getting Sober",Illusion
3573701,39.2238,1,57,Akatsuki,Going Over a Thousand Nights and Beyond
1590496,24.3979,1,66,I pray,I pray until dying in the dark
4667149,19.7451,1,70,Black Berserker,The End of Love and Hate
2811014,21.8454,2,"73,95",Hikariiro no Uta,Color of Love
3353695,284.4038,6,"80,97,26,70,60,77",Abadon,Take Me into Hell the Place Where I Belong
3441410,37.1909,2,"89,61",DRAGON FORCE,Shanghai Alice
4496879,12.7397,2,"92,91",Hitoku Sareta Four Seasons,Extra Stage
1351956,5.8839,1,93,Junpaku*study time,Semi Little Girl!
4317467,4.0597,1,100,Hollow,Beware of the Path of the Men They Follow
4933637,29.2367,2,"72,76",This Will Be the Day (TV Size),Retribution
1803401,10.2009,1,80,FREEDOM (TV Size),Nightmare
4921970,5.9258,1,90,Title Screen,Extra
4906012,103.6063,3,"93,42,84",Unstoppable,Parad0xa's Expert
5214953,45.2757,1,54,Black Rover (TV Size),Desperation
5358702,249.2723,4,"81,26,100,59",HIKARI (TV Size),Wisdom
5380387,5.6104,1,92,* Crow Solace *,Consolation
5463342,16.1455,1,72,My First Kiss (feat. Ke$ha) (Nightcore & Cut Ver.),Kumocha's Expert
5677382,12.972,1,76,cara de modelo (nightcore mix),experto de tatan
4670010,148.0545,1,32,Still Sleepless (Ekko & Sidetrack Remix) (Cut Ver.),Extra
5637560,35.3962,1,59,Berry Go!!,Laurier's Expert
3866704,20.8986,1,69,Grief & Malice,Share's Expert
5421628,10.5407,1,82,Aimai Elegy (Reloaded) feat. Hatsune Miku,Omekyu's Expert
494798,36.9268,2,"86,64",Chikyuu Saigo no Kokuhaku o,Insane
5538801,14.4698,2,"88,90",Ao to Natsu,Leomine & Nilou's Extra
1990497,12.0929,1,78,Butterfly Effect,Buried Treasure
2518845,5.8078,1,92,Today is Gonna be a Great Day (TV Size),Kuki's Extra
3451313,27.624,1,62,Cinderella Maker,Shining
5426223,24.6051,1,64,PANAGIA,Effulgence
3852943,32.4201,2,"69,75",Yami no Mahou Shoujo,rollpan's Extreme
5585835,12.1612,1,77,Veil of Ash,Doomed Yuri Love Extra
1368115,10.153,2,"90,99",Wake up,Deep Night
4552002,4.9646,1,94,Flight of the Bumblebee (RST Classic),Skymin's CRAZY
5406153,206.7323,3,"43,92,36",Sakura no Zenya,A Broken Promise
4276946,32.3974,1,60,Veil of Elysium,Expert
5237825,114.5156,3,"84,40,78",Yakimochi no Kotae,Kumocha's Expert
2012300,296.8488,6,"40,86,39,65,76,50",Of Gods Bereft of Grace,Neverending
3168656,35.8989,1,58,MariannE,Labyrinth
1682424,41.3174,2,"68,69",What You Do (Fullmix),Coldblooded
4549233,14.3833,1,75,Ascension - Dream State Armageddon,DESTINY
1530797,9.4405,1,83,Houmous,Chickpea
1704984,24.1674,2,"91,71",5150,0212
955737,4.2497,1,98,Tetrastructural Minds,Dissonant Existence
1412813,97.2799,1,40,Compass,Syph's Extra
2530928,77.9285,1,44,All The Small Things,Extra
1981688,59.3082,1,49,Kimi no Shiranai Monogatari,Story in the Starlight
894189,108.4181,4,"81,95,50,57",Torikago,Extra
890467,16.2135,2,"88,85",Miraizu,Forever
769389,234.3563,2,"90,24",My Spirit Will Go On,Legend
2204379,69.3567,2,"72,50",Tsugihagi Chimera,Execution
4783651,18.8533,2,"76,96",Glitter (Starving Trancer Remix) feat. Another Infinity,Lunatic
5491486,125.8096,5,"84,97,57,98,45",Red Anthem -separate-,Lunatic
1593298,47.8403,2,"82,57",Flicker,fufufu
5273344,51.5036,1,52,Black Widow (Whippa Hardstyle Remix) (Sped Up & Cut Ver.),Tylerderp's Crazy Ex
5651839,28.783,1,63,feeling good (nightcore & cut ver.),mita's extra
5589761,27.3163,1,64,Kiss Me When I'm Dead (Cut Ver.),Kumocha's Extra
5474444,9.0494,1,85,ESSE CARA!,EXPERT!
5556336,6.2735,1,92,GRIM (NIGHTCORE & CUT VER.),KUMOCHA'S EXTRA
1303587,59.7997,1,49,sweets parade,Walao's Extra
3965013,14.9015,1,75,Sakura no Uta,Bloom
2365443,219.13,2,"97,25",Colors Power ni Omakasero!,browiec & Kuki's Extra
4857995,361.0216,5,"32,63,31,64,83",Zetsubou plantation (Cut Ver.),Collab Extra
1235037,24.736,2,"79,77",Azurite no Hitsugi,Fate
209576,9.8635,1,81,End Time,Another
1971488,13.153,2,"97,83",Lune,Extra
893696,413.7699,1,13,Sendan Life,Extra
613671,466.2883,2,"19,30",EGOiSTiC SHOOTER,Kyshiro's Extra
5112014,284.0518,1,20,Adventure Starts Here (Sped Up Ver.),Share's Extra
4264599,269.6047,1,21,Kakumei Dualism (TV Size),Skystar's Extra
1777497,256.0942,1,22,Presenter*,Lasse's Extra
1351722,196.0421,1,27,Sora ni Utaeba -TV edit.-,Plus Ultra
1900359,151.0888,1,32,Kawaki o Ameku (TV Size),captin's Extra
965543,50.1963,1,53,Brand-new World,Extra
457590,38.7707,1,58,HEY FUCKER,EXTRA
2352543,24.2658,1,67,FREEDOM DiVE,Insane
677907,37.2226,2,"70,74",King For A Day (feat Kellin Quinn),Expert
1582824,17.7043,1,73,Sora ni Utaeba (TV Size),Plus Ultra
1613507,16.8187,1,74,Hana Saku Iro wa Koi no Gotoshi,Destiny
2587026,12.2653,1,80,Realize,Reform's Expert
827015,5.6148,1,95,EXTREME FUCKING SOCA PARTY,Extra
928868,4.7933,1,98,Sendan Life,Pho's Insane
784977,4.5505,1,99,Kuusou Mesorogiwi,Survival Game
4585353,4.3223,1,100,Kan Kan Nyan Nyan (TV Size),Sekai's Suuankou
3568572,225.6839,3,"27,68,78",Eu Li Na Biblia (Sped Up & Cut Ver.),Akitoshi's Extra
1699366,104.9794,1,38,Kanadeai,Sotarks' Endless Journey
4978361,76.2842,1,44,Yotsuya-san ni Yoroshiku (Cut Ver.),KPMY's Expert
2557665,64.9384,1,47,Vivid,Henceforth
1100327,61.6718,1,48,Endless Starlight ~Inochi no Kirameki~ (OP ver.),Star Guardian
290799,49.5068,1,52,Kunoichi demo Koi ga Shitai,Insane
2527391,46.8936,1,53,KIRIFUDA,Extra
4631643,40.0761,1,56,Song of the Dead (TV Size),Sotarks' Dystopia
2461847,27.498,1,63,Futari Nara (TV Size),Reform's Extra
951053,25.9801,1,64,High Free Spirits -TV.Ver-,StarR's Extra
4436621,24.6444,1,65,fantastic dreamer (TV Size),Grateful
4677581,20.9498,1,68,Decided (TV Size),Paradoxa's Extra
2598933,23.7896,2,"71,92",Acchi Muite,Kowari's Extra
2512375,15.2274,1,74,SPARK-AGAIN (TV Size),Sotarks' Sacred Blaze
2108925,14.4536,1,75,Brightest Melody (MOVIE SIZE),Sunshine
5305605,13.7305,1,76,My Sweet Maiden,Cafe's Extra
1836354,17.4758,2,"77,94",Yuriyurarararayuruyuri Daijiken (TV Size),Sotarks' Peace of Mind
1893431,11.6862,1,79,Guess Who Is Back (TV Size),Onlybiscuit's Extra
1752315,59.2277,3,"83,68,62",CHEER UP,SHY SHY SHY!
1599393,18.0009,3,"86,93,97",Presenter*,Gift
2096054,7.6209,1,87,oyasumi,Extra
1572868,36.6306,4,"88,71,84,94",Blade Dance,Akitoshi's Extra
1898913,6.5121,1,90,99.9 (TV Size),DS' Expert
1609741,5.2593,1,94,Dead To Me (Instrumental),A r M i N's Extra
4774206,4.2742,1,98,My Mother Wants Me Dead,These Jumps Are Fucking With My Head
1863289,81.9274,2,"46,77",Illusion of Inflict,Expert
2899197,49.5217,1,52,Hanatachi ni Kibou o (2020 Remaster),mnyui's Extra
1535107,40.5354,3,"63,94,88",Heroes,Heavensward
2731466,47.7608,2,"71,61",Noise,Insane
2255707,21.3,2,"76,87",ito,Insane
2476857,107.6826,6,"78,83,84,84,82,49",sabotage,Perspective
1509460,18.3437,2,"98,75",More One Night (Assertive Hardcore Bootleg) [short ver.],One More Time
5094813,8.985,1,84,Below Sun & Soil,Humanity's Legacy
5588707,5.5833,1,93,Apparitions in Candlelight / Dissever,Remnants
5270861,58.4787,1,49,Cherry Pop,Che~
3239170,36.3789,1,58,Sakura no Uta,Extra
1981142,674.5953,1,5,Packet Hero,Deppy's Extra
822553,595.814,1,7,THE HERO!!~Ikareru Kobushi ni Hi o Tsukero~ (TV Size),HLW's ONE PUNCH
664851,295.9386,1,19,Cynics & Critics,Extreme
1489207,252.978,1,22,Immortal Flame (feat. Anna Yvette),Eternal Blaze
2485487,203.959,1,26,Ranbu no Melody (TV Size),Sotarks & mnyui's Dawn of Awakening
2328342,156.6835,1,31,Relive,Dorsalplum's Extra
2480927,120.4438,1,36,Realize (TV Size),To The Future
514597,59.7534,1,49,Hall of the Mountain King,Extra
1945555,380.7175,3,"50,19,65",Colorful,SMOKELIND's Extreme
1431582,50.8626,1,52,oyasumi,ex
933875,25.7428,1,65,Ghost Rule,N a s y a's Extra
1611276,24.4454,1,66,Make a Move (Speed Up Ver.),Riven's Extreme
2480902,22.6039,2,"71,100",Realize (TV Size),Grasp of the Undying
1656000,17.7781,1,72,Black Rover (TV Size),Doormat's Extra
1829925,12.9847,1,78,quaver,A r M i N's Extra
2351578,12.3286,1,79,Eclipse (TV Size),Ex
2687022,6.6315,1,91,Bull's Eye (TV Size),Scarlet
1290536,5.1092,1,96,Something Just Like This,Master
1700344,119.6189,2,"60,41",Unbreakable,Resolve
5274462,26.5904,1,64,Twinkle Twinkle,Aniccata
2719411,22.5432,1,67,Eternal Star,Eternity
5437364,10.2834,1,82,CARPE DIEM,Pound the ground!
5546614,9.7503,1,83,Enka,Satellite
5126318,9.2532,1,84,Weight of the World Kowaretasekainouta,Meaningless [D]ifficulty
326660,6.409,1,91,Bloodthirsty Nightmare Lullaby,Bleeding
3609961,5.4583,1,94,Sons of Winter and Stars,Lost in the Pathways of Time
5214680,5.184,1,95,Dolls,Eden Collab
2513530,215.7844,2,"34,40",Redo (TV Size),Glaceon's Extreme
4952943,59.4506,4,"94,74,72,69",Kani*Do-Luck! (TV Size),gwb's Crab Stew
4921686,4.9613,1,93,R U 4 Me? (Cut Ver.),extra
4861174,10.9082,1,80,The Creator,Death
2075268,8.4212,1,85,Space Battle,Intense
2467744,20.8174,3,"87,98,84",Doki-Doki,Rhythmic Pulse
966177,6.8384,1,89,Boogie,Edge
5495542,366.3526,2,"51,17",Sky of Twilight,Ascend
5711613,16.1803,1,73,March of War / Axe of Judgement,Slain Warrior
4336505,10.4551,1,81,Fata Morgana,Valhalla
5603904,8.8793,1,84,Kuina,Cruel
5236542,8.4049,1,85,GIRLS' LEGEND U,Almond Eye
2621030,6.7216,1,89,Kuusou Mesorogiwi,Prophecy
4376042,4.4042,1,97,"Fusyoku ressentiment, fushiyoku no sarugakuza.",Zangyaku
5012648,46.5674,1,53,Endless Starlight ~Inochi no Kirameki~ (OP Ver.),Fates Fall
2196749,30.3182,2,"67,86",Polaris (TV Size),byd's Extra
3158090,275.9809,6,"27,85,72,60,73,75","Dancing so madly, I'm reaching for the scarlet moon.",Fatal Contamination Collab
4635746,166.6456,4,"57,42,76,57",Koko Soko (AKIBA KOUBOU Eurobeat Remix),Another
1617731,83.8669,3,"67,61,60",Exile of the Floating World,Drifting Path
5059698,19.1868,1,70,Inferno (9mm Parabellum Bullet Cover),Hellfire
4724998,17.0771,1,72,The Arrogance of Agony,Forgotten War
3907769,11.1635,1,80,Non-breath oblige,allein's no slider extra
3571675,7.6972,1,87,One Hollow Word,Your Amaranthine Vigor will Forever be Inscribed Within our Hearts
2421848,16.734,2,"88,83",One Hollow Word,Spirit of Adventure
1016169,5.3055,1,94,Lachryma<Re:Queen'M>,<REQUIEM>
3167668,4.0294,1,99,MERMAiD,Satellite
5440869,201.8705,1,26,hate the way you love me (nightcore & cut ver.),ram's extra
5497463,67.4107,1,46,Still Into You (Nightcore & Cut Ver.),Mimari's Extra
1612453,35.9835,2,"73,69",Make a Move (Speed Up Ver.),Chromoxx's Extra
4796007,13.4805,1,76,El Sonidito x Athletic Theme (DitzyFlama Mashup),Laydau's CRISPY NACHOS
2616981,5.1398,1,94,killy killy JOKER (TV Size),Tangled Emotions
5747526,151.0876,2,"40,49",Killer Headache (feat. Pierce Jordan),OMNI'S EXTRA
5384443,6.192,1,90,Double Shuffle (TV Size),Final Bet
5358249,335.347,1,17,Thousandth Sky (END of SUMMER Mix),Everlasting Summer
5020109,87.8187,1,42,Ghost Rule,kowari's Extreme
4633305,49.4454,1,53,Fuujin Shoujo,Marathon
1506910,43.971,2,"58,93",Fortuna Redux,Revival
4572480,36.252,1,59,Believer,Karcher's Extreme
4301731,29.3886,1,63,MOMENT RING,EVERLASTING MEMORIES
4436406,37.4356,2,"64,83",Summer Lights,"Summer, You and Me"
5627086,98.0786,2,"69,42",Glory Eyes,Shining Star
5469379,16.5397,1,74,Kake Nukeru Anime Song Medley IV,Euphoria
3902542,15.6892,1,75,Sing Alive,"I sing, Alive"
5181475,27.7018,2,"81,71",Ukigumo,Hope Amidst Despair
3981579,9.2529,1,85,I,Colorless
3891786,8.7784,1,86,Kirameki Inokori Daisensou,Athletics? Cultural Section? Which one?
4539390,7.8967,1,88,RESOLVE,DETERMINED
5576896,6.7511,1,91,12^2x3.14-13,Memories
4834210,320.1675,4,"92,38,26,88",Path to glory (Game Ver.),Scarlet Vision
3988377,5.7863,1,94,Sky color memory,Memories Engraved into the Sky
4872576,5.4966,1,95,Horobi o Inorishi Mono,Prayer of the Midnight Maiden
1812392,5.219,1,96,Colorful (tamame's apostate remix),Akuma
4003754,4.9571,1,97,Scarlet Rose,Limerence
3040670,4.707,1,98,Lost Word Chronicle,Gensokyo
4956947,231.9545,1,23,Tetoris,Sekai's Challenge
3007185,75.5294,1,43,Plastic Smile,Together
557821,76.5239,2,"45,85",Renatus,Insane
1717844,60.9992,1,47,Party in the HOLLOWood feat. Nanahira,INSane
5424868,32.3978,1,59,DIVINE,CLAIRVOYANCE
4764260,26.0497,1,63,"Endless, Sleepless Night",Lunatic
5184980,21.1029,1,67,A-TYPE,Mo's BasS-TYPE
231257,16.2605,2,"78,97",Light up My Love,Another
4682102,9.0451,1,83,Sokubaku Anemonation,Satellite
5503312,6.9514,1,88,Imademo...,Insane
5187736,59.5949,4,"93,81,71,65",UNION!!,UNITY!!
4704143,3.6689,1,100,TWEEKER (Cut Ver.),Koyomi's Another
1406420,142.1585,1,33,Noise,Twilight
3793450,174.2021,5,"37,84,96,59,83",Minimum,Sweetest Dreams
1884781,59.1629,1,49,Acchu~ma Seishun! (TV Size),Alex's Extra
2100003,81.2421,2,"65,51",Q&A Recital!,Taeyang's Special
4467075,14.0886,1,77,Full Moon Full Life -Opening Movie version-,Sotarks' Persona
2149821,162.1136,2,"79,32",JUSTadICE (TV Size),Ren's Black Meteorite
86324,88.6535,3,"85,96,44",Taketori Hishou,Extra
4117087,8.3634,1,87,Yorimichi Little Star (TV Size),Extra
2120669,16.6065,2,"90,83",Merry Merry Go Round,Extra
4637979,46.9737,3,"61,81,93",Say Goodbye (Nightcore & Cut Ver.),Nymphe's Extra
4634775,19.0197,2,"88,76",Say Goodbye (Nightcore & Cut Ver.),Kuki's Extra
2421211,49.3201,2,"83,56",Angel Lamp,Twilight
5092807,154.3051,1,31,Fist Bump,boys kissing's Ultimate Revolution
1546350,44.6734,1,54,Marionetki,Puppeteer
4764141,38.0769,1,57,Another Chapter,VIVID
4956406,120.8855,3,"74,86,39",Sherbet,Not Classic Extra
2840740,14.597,1,75,Owaranai Marionette,Destiny
4954674,393.3203,2,"79,14",Ao to Natsu (katagiri Bootleg) (Sped Up Ver.),quantumvortex's Extreme
3613771,96.1815,2,"86,41",Packet Hero,Extreme
4775621,7.7996,1,87,REVIVER,Retribution
4861945,6.0069,1,92,Reach For The Stars (Short Ver.),Extreme
1799638,113.4124,2,"38,90",Natsuzora Yell (TV Size),Imouto
2054965,36.8609,1,58,"Koise yo Minna, Hai! (TV Size)",Hai!
1519160,25.4762,1,65,Crystalia,Luminosity
116169,24.1625,1,66,Mystic Oriental Love Consultation,Lunatic
2846620,26.8133,2,"67,100",Oshama Scramble! (IOException Edit),Keitaro's Expert
121836,16.7488,1,73,Discord (EuroChaos Mix) ft. Odyssey,Utter Chaos
1989448,12.9156,1,78,Natsuzora Yell (TV Size),Nameless' Extra
58064,10.9896,1,81,Night of Knights,TAG4
5197604,9.8936,1,83,Future Coaster,Plasma
1177545,8.4564,1,86,Gabriel Drop Kick,Insane
2150740,8.0153,1,87,Natsuzora Yell (TV Size),Taeyang's Expert
847946,6.4825,1,91,Horang Pungryuga,Insane
3108140,12.0288,2,"92,92",Cecilie,Your fair skin is being marred by the gashing wounds
1893461,5.537,1,94,Harumachi Clover (Swing Arrangement),Fiery's Extreme
4877624,87.0918,1,42,You Suck At Love (Nightcore & Cut Ver.),Andrea's Tragic Love
4839413,66.6105,1,47,Midnight Theater with Nagi Nemoto,Extra
1659421,25.2417,2,"70,90",Take me to the top,Extra
5394823,12.8985,1,78,Cherry Pop (Cut Ver.),Kumocha's Expert
5300175,11.0396,1,81,Miko Miko Nurse Ai no Thema,Love
5392527,8.9542,1,85,Tokuiten no Kaibutsuteki Kanjou,Extra Stage
367175,6.5327,1,91,Magnolia,AngelHoney's ExtrA
4577927,577.4779,1,7,Koiseyo Otome! (Game Ver.),A New Start
4834215,464.7725,1,11,Path to glory (Game Ver.),Kyuukai & Mimiliaa's Dark Resonance
221950,298.9777,1,19,Hoshizora no Ima,S.S
1980173,649.396,2,"20,15",Rinne,Terminus
4834211,217.1517,1,25,Path to glory (Game Ver.),Expert
1532490,206.0844,1,26,Opening Ceremony,Parade
766938,195.2618,1,27,Clover Day's,Anzu
2612098,132.889,1,34,DEAR MY WAKER,PRHYTHM VISION
4581448,119.6626,1,36,Blooming Kiss! (Game Ver.),Expert
2301522,74.1861,1,45,Have a live day,Sakura Gram
1746869,53.6787,1,51,Dear You (DJ Genericname DnB Remix),Dear Spkz (Extra)
3364202,316.939,2,"52,21",W:Wonder tale,Ai
1098658,39.2034,1,57,Natsukoi,Vivid
4834218,74.5793,2,"58,57",Path to glory (Game Ver.),No. 999
4577919,33.4118,1,60,Koiseyo Otome! (Game Ver.),Expert
1538271,28.6277,1,63,Opening Ceremony,Bariton's Expert
4570744,24.4333,1,66,Koi Kou Enishi,Insane
2167694,50.7353,2,"70,62",Yoake no Bell ga Naru,Beloved
4889657,18.853,1,71,Never Gonna Give You Up (Cut Ver.),Froskya & killian's Promises
813198,17.9067,1,72,I'M A BELIEVER,Expert
4855367,69.1822,2,"74,51",Addict of justice (Game Ver.),"VII. A Dawnless Night, Crimson Lustrous Eyes, and a Will of Diamond"
5012526,10.02,1,83,Addict of justice (Game Ver.),V. Interweaving Butterfly Pledge
5059692,8.1109,1,87,Ima o Wasurenai (Short Ver.),Blossom
3110832,6.5883,1,91,astral ability (Game Ver.),Will you be my Astral Joker?
4339545,50.7567,3,"98,66,67",Day to Story (TV Size),Savior
2262967,4.3091,1,99,Kiseki Melody,Extra Miracle
3555230,4.0894,1,100,Colorful Dreams! Colorful Smiles! (TV Size),Shine!
4952940,188.2573,2,"28,87",Ao to Natsu (katagiri Bootleg) (Sped Up Ver.),Ultra
1843610,160.388,1,30,Tenshi ni Fureta yo! (Asterisk DnB Remix),Onlybiscuit's Extra
3975650,501.2683,2,"40,13",Final Boss,Lvl. 99
1267222,46.627,1,53,tiny lamp,Melancholy
2744109,44.2591,1,54,Kuukirikigaku Shoujo to Shounen no Uta,PandaHero & Luscent's Collab Another
4881687,39.7542,1,56,Believe in yourself,Never Give Up
804683,32.1118,1,60,Manic,Extra
553854,24.6235,1,65,Third Eye ya!,tetetete den den den den
443270,16.9658,1,72,Sakura Nagashi (el poco maro Remix),Eternity
5329379,16.0274,1,73,You Suck At Love (Nightcore & Cut Ver.),Parad0xa's Extra
2441441,14.4496,1,75,Nothing More,Dreaming
875761,12.9808,1,77,CLICK(Soleily Remix),Niseclick
5479147,11.6976,1,79,Timeless (feat. Veela),Another
2742338,9.9808,1,82,STIGMA,EX
3922788,9.4813,1,83,Time Bomb (feat. Veela),Ram's Expert
4894595,7.6646,1,87,RS Neutralaiza II,CRAZY TRIO COLLAB
1693862,7.2771,1,88,Hitorigoto,Soliloquium
5297804,6.2225,1,91,Eternicle,Promises in the Wind
3209999,5.9059,1,92,Shuumatsu no Bishou,Collab Insane
5360596,5.0519,1,95,Asylum Seeker,Mental Breakdown
736729,411.3351,1,13,Akatsuki Zukuyo,Twilight
3594058,32.2879,1,60,Alone in the chaos,Regret & Retaliation
5405933,30.644,1,61,Hexen Noir,Crimson Goddess
4667626,24.7176,1,65,Sad Machine (Lexurus Remix),Trust
2991144,21.1757,1,68,"Massacre, The New American Dream",Nowa's Extra
1314212,13.0331,1,77,Rock 'n' Roll Nandesu no,apple's Expert
3943405,12.3681,1,78,seisou bakuretsu - Boy,Maximum Insert NAU
2399207,8.0765,1,86,Seisou Shoujo no Chuuyuu Gensoukyoku,Illusion
3318054,7.6667,1,87,ECHO,COLORFUL AND... free?
285549,6.2278,1,91,Crazy nighT,Crazy
2533037,16.6173,2,"93,81",Hametsu no Junjou,Extra
3921753,4.3148,1,98,Matsuri,Extra
2798374,27.5566,2,"100,67",Guilty All The Same (feat. Rakim),Humiliation
2467910,6.793,1,90,INNOCENCE (TV Size),FAIRY DANCE
2587891,19.127,1,68,Natsukoi Hanabi (Sped Up Ver.),browiec's Extra
4693087,11.5336,1,80,Moon Atomizer,Junko's Vendetta
4368472,36.0417,2,"89,62",Wandered,Sidetracked
376703,148.2565,2,"100,32","Piano Concerto No.1 ""Scream""",woof's Extra
5092540,444.5196,3,"34,93,18",Easter Pink,Extra
4872411,76.7474,1,44,Aoiro Step (Short Ver.),Extra
5215549,37.5153,1,57,Tsukinami (Cut Ver.),Fate
4510148,27.3811,1,63,SquarePanicSerenade (TV Size),Delight
5462386,26.002,1,64,Grizzly ni Osowaretara <3 (Cut Ver.),Pajamas
1179870,12.4906,1,78,Uso no Hibana,Extra
1010850,60.7094,3,"97,56,70",PIZZZZZZZZ,Extra
5296547,70.2296,1,46,hopeless quiet,daycore's extreme
4655971,9.3692,1,84,Hana no Tou (TV Size),Extra: Takina
1960329,133.6304,1,34,Gotoubun no Kimochi,Meg's Extra: Ichika
1855207,102.8616,1,39,Find the way,Lunatic
633375,51.1039,1,52,Clock Strikes,Moway's Extra
3860843,48.5362,1,53,Good Time,Naaa nanana na na na naaa
599863,41.6922,2,"62,81",Let Me Hear,Guy's Parasyte
4367114,18.8605,1,71,Itazura na Tenshi to * Christmas Eve,Gift
4130854,11.0951,1,81,Fuwari,Pepekcz's Expert
729986,10.5337,1,82,The Pink Fields,Divine
4520948,10.0031,1,83,Triple Sweetness,Melody of Sweetness
239037,14.5356,2,"85,93",Arc,Nsane
550605,8.5668,1,86,Subarashiki FUN!TASY,Awaken's Insane
544136,5.9033,1,93,Sound In Motion vs. AH,Extra
4572661,5.3256,1,95,On the Frontline (TV Size),nemi's Expert
5455861,531.7288,1,9,Danca do Creu (Cut Ver.),Excepcional do Seto
3542457,502.7525,1,10,dorchadas,Keqing's expert
4519240,236.8528,1,23,Kefka2006.Dekishi2.7 (Sped Up Ver.),drown
4508158,224.9889,1,24,Replica (Live Ver.),YaMaDarknesss' Extra
4779013,178.612,1,28,THE SHINING POLARIS -kors k mix-,LEGGENDARIA
4960361,56.308,1,49,Trust Nothing but Love,ponbot's Extra
381798,47.6469,1,52,Miss You,Selentia
5856023,27.5634,1,62,stresstest,fortheworthy
4881763,14.426,1,74,Kono Hoshi de.... (20th Anniversary Remake),ploem
2785676,13.7014,1,75,Muma Cauchemar,Nightmare
5426162,162.575,5,"77,73,54,42,100",R.I.P.,M.E.M.O.R.I.A.M.
4746103,9.4497,1,82,gigadelic (m3rkAb4# R3m!x),k!ll3r
3269529,8.0338,1,85,Koiiro Recipe,Mille-feuille
541990,14.1829,2,"90,86",Neuronecia,Ethereal
1469136,4.0566,1,98,Railgun Roulette (VIP),"Neil x Sharu, Syzygy"
1807424,11.9035,1,77,Re: Usatei (Short Ver.),-PC's Lunatic
2369402,10.1285,1,80,Resurrection Spell,Lunatic
4284866,15.4612,2,"88,85",Kuina,When They Cry
2277700,4.1383,1,96,Midorigo Queen Bee,Dada's Insane
131009,385.1336,3,"63,16,80",squartatrice,Another
406247,47.0197,2,"78,59",Highlander,Extra
230967,10.4102,1,81,Dynasty,EXHAUST
358273,8.91,1,84,Far east nightbird (kors k Remix),RLC's Extra
241578,70.2155,4,"86,82,60,66",croiX,EXHAUST
306669,5.5029,1,93,Adularescence,Extra
4364975,6.8523,1,89,Daijobu,banter's Expert
4669101,10.6769,1,78,Montage Girl (Cut Ver.),Tylerderp's Extra
5212628,40.3428,2,"96,58",GIRLS' LEGEND U (Game Ver.),Extra
3706110,759.053,1,3,Hana no Tou,A Future With You
4956646,617.372,1,6,Kaleidoscope,believer_i's Mirror Image
2991861,463.1661,1,11,my little wish,Over Clocking!
3643796,414.6188,1,13,Euphorium,Maot's Extra
3962298,280.5462,1,20,Blizzard,kyomii's Expert
2762060,236.9592,1,23,Overdrive,Addy's Extra
5136969,117.9293,1,36,Last Night (Original Mix),Empty//
2310702,100.5849,1,39,Hajimari no Sokudo,Shizuku's Expert
2556428,114.5646,2,"40,71",Asymmetry,PandaHero's Extra
2276220,178.2473,3,"43,40,99",The Unicorn Invasion of Dundee,Black Xenon's Insane
3503193,166.5274,2,"46,39",Rinne,Share & Kuki's Extra
3069278,59.2701,1,49,Black Pentagram,Expert
1672408,56.2968,1,50,Sakura Meikyuu,Light up the sky
4004203,50.3464,1,52,CHASE!,NEWYUU'S EXTRA!
783850,34.9836,1,59,Pistols at Dawn (Culture Shock Remix),Dawn
2377851,31.5629,1,61,Rinne,Satellite's Extra
3948057,17.6856,1,72,Distortion!!,KoldNoodl's Expert
2204846,16.7699,1,73,Nisemono no Koi ni Sayounara with Wakeshima Kanon,Insane
2545340,250.119,3,"74,65,25",Melt 10th ANNIVERSARY MIX,"I won't fall for love, not me"
1652253,11.6159,1,80,Million Futures,Million Dreams
3501914,9.3943,1,84,Secret UFO,Collab EXTRA
3566528,8.9196,1,85,Million Smile,kotachi's Expert
1624360,6.8787,1,90,Last Desire,Extra
1869428,6.5344,1,91,own phrases,Narcissu's Insane
3740673,65.2905,3,"92,70,55",25-ji 76-pun Hatsu <<Ryouiki Gai>> Iki Saishuu Ressha,Expert
360736,4.7836,1,97,Jet Rocket,RUN!!!
5071902,4.3131,1,99,Epitaph,Insane
1555717,30.8697,1,60,Wings of Freedom,Victoria
4508141,23.6006,1,65,Kegarenaki Euphoria,Satellite's Lunatic
2602087,17.8074,2,"80,87",China Dress,Insane
2348878,9.7491,2,"93,96","Hachigatsu, Bou, Tsukiakari",Elma
4428473,529.8785,1,9,KAGUTSUCHI,Expert
2606065,66.0507,1,46,LIKE IT! LOVE IT!,Expert
5691581,45.1338,1,53,Twintail Dreamer!,bolo's Expert
3029817,40.375,1,55,Eclipse (TV Size),Extra
5142227,29.4169,1,61,Harumodoki (TV Size),Genuine
1778086,26.5456,1,63,Saiaku na Hi demo Anata ga Suki.,Solitude
2964171,17.3314,1,71,DEEP BLUE SONG,G11K's Expert
4791872,14.0749,1,75,Sentou! Gym Leader,Tylerderp's Expert
722525,10.7838,1,80,MIIRO vs. Ai no Scenario,Smoothie World's Extra
1404304,10.2424,1,81,Haruoto*Veil,_83's Expert
2469254,9.2028,1,83,Doki-Doki,Another
4607114,6.698,1,89,Lonely Go! (TV Size),Fuxi's Extra
5579061,5.4458,1,93,color,Sorrow
1017374,4.411,1,97,Kakushigoto,Hathz's Insane
5534859,275.1862,1,20,The Beginning,Before the End
5091768,55.8092,1,50,American Girls (Juztan Remix),Mekadon's American Girl Fantasy
5436610,13.1242,1,77,Kira Kira Days (Cut Ver.),Radiance!!
446378,32.1109,1,60,China Dress,cheesiest's Expert
2120088,22.0212,1,67,Rivals,Extra
81136,7.6424,1,87,Keyboard Cat ZONE,Party Time
834639,6.1734,1,91,Shissou Suru Kanashimi no Naka de,Catharsis
3184241,78.0099,1,44,The Dead Sea,Nomadic
3548983,6.4976,1,91,Long Live Our Lifeless King,Neverending
224514,149.8431,2,"32,97",Kasoku Suru Koi wa Dare mo Tomerarenai,Lunatic
1461560,109.0084,2,"42,66",Marionette,Extra
1570142,72.4391,2,"47,90",The Everlasting Guilty Crown (TV Size),Evanescent-'s Extra
1010375,50.2512,1,52,Warp Drive,Special
1124583,29.6495,1,62,Sweet Dreams (11t dnb mix),Gero's Insane
368261,25.3359,1,65,China Dress,Yoeri's Insane
2653460,18.4519,1,71,IT Is The End,TheMefisto's Insane
2042846,14.9387,1,75,Saikousoku Fall in Love (TV Size),Extra
2257469,18.5711,2,"87,81","Yuuga ni Sakase, Sumizome no Sakura ~ The Harm of Coming into Existence",Trustlfj's Lunatic
656386,6.8305,1,90,Furuki Yuanxian ~ Death Echo,Lunatic
244117,9.826,2,"96,96",Reon,Insane
4156030,77.0055,1,44,Rokujuu-nen Me no Shinsoku Saiban ~ Rapidity is a justice,Extra Stage
2146365,47.3777,1,53,Tenkai e no Kippu,After the Finale
4290894,22.533,1,67,Judgement Day,Masters of the Universe
3927309,18.2994,1,71,Mikansei no Tsubasa,Fluegel
2964430,15.6345,1,74,Stillborn // Isolate,Abomination
4869857,6.6792,1,90,All Out Life,WE ARE NOT YOUR KIND
1093691,115.4325,2,"41,67",Alice in Blue,Fly!
645847,10.5841,1,82,LANA - Kiroku no Kakera (sasakure.UK Framework Remix) -,Another
4263552,34.4716,2,"89,63",Hachigatsu no Yoru,Another
3066431,24.8186,1,65,lonely pirouette,twilight doll
3481587,13.9493,1,76,OVERPROTECTION,RESURRECTION
4276014,12.5542,1,78,Solitary Industrial Revolution,Execution
2483555,8.2385,1,86,Sorochinskaya Yarmarka,Kupala Night
3890723,5.9918,1,92,EXXTRA JUDGEMENT,GRAND FINALE
2142341,3.952,1,100,Arche,Regou's Paroxysm
4315459,649.8891,2,"5,96",BEACON,Light in the Dark
2223303,38.0422,1,58,Highway to Oblivion,Legend
4186299,199.808,2,"60,29",Endless Tewi-ma Park,Crazy Rabbit
4804751,26.336,1,65,Lost / Lies in Reality,Forsaken
4424145,19.1507,1,71,Valley of the Vale,Sh4rq_'s Extreme
1635388,34.6871,2,"75,69",First Storm -Japanese Version-,Arigatou
1822966,542.745,1,8,7/8,Expert
1070620,332.8828,1,17,Genshi no Yoru ~ Ghostly Eyes,Extra Stage
860047,254.421,1,22,FLAGS,Conqueror
1213586,708.6551,2,"25,10",Boku ga Namae o Yobu Hi feat.Mochizuki Souta (CV:Kaji Yuki),Confession
574187,191.849,2,"31,59",snow storm -euphoria-,INFINITE
1939534,121.1527,1,36,Prologue,Beginning
1430147,98.1922,1,40,Otsukimi Recital,Expert
1688332,146.1483,2,"44,46",Utaeba Soko ni Kimi ga Iru kara (TV Size),For You
2026988,64.1468,1,48,Gotoubun no Kimochi,Little's Extra: Yotsuba
703657,52.1979,1,52,Stella-rium,<3
3121000,49.5311,1,53,Konpeitou Retrotica,Mayu's Expert
903667,47.0508,1,54,Dear Jewel,Jewelry Box
2320302,38.1082,1,58,Palette,Isomir's Expert
1093352,27.6996,2,"74,80",Kimiiro Hanabi -album version-,Special
70052,20.3885,3,"84,98,89",Touhou Judgment in the Sixtieth Year ~ Fate of Sixty Years,Judgment
2474302,9.2659,1,85,Kiss no Hitotsu de,Expert
411280,8.8024,1,86,7 Girls War,Wake Up
497467,7.9333,1,88,A Genesis,Rakuen's Extra
901234,7.5351,1,89,The Glory Days,momoko's Extra
2899195,6.4554,1,92,FEVER DREAM (feat. yzzyx),INFINITY
412306,6.1117,1,93,Hysteria,Collab
740692,4.471,1,99,Rally Go Round,Extra
4937482,585.3853,1,7,Monochrome Butterfly,Expert
3610410,203.7751,1,26,Sakurako Introduce,Uwaah
4669914,12.2931,1,79,"Help me, ERINNNNNN!!",Tasukete
2162263,20.6939,2,"88,77","Yuuga ni Sakase, Sumizome no Sakura ~ The Harm of Coming into Existence",Extra Stage
2357806,68.8585,1,46,"Truths, Ironies, The Secret Lyrics",Akitoshi's Expert
1827558,8.3116,1,86,quaver,Reform's Extra
1828339,11.3591,2,"97,90",Kimi no Bouken (TV Size),A r M i N's Extra
3960374,260.6227,2,"48,26","1,000,000 TIMES",A MILLION FLAKES
3797862,50.3958,1,52,kaleidoscope,Meg's starlog
2200064,18.6551,1,71,Phantom Joke (TV Size),Expert
4503715,12.2122,1,79,Hanatachi ni Kibou o (2020 Remaster),Star Stream's Expert
656385,5.7782,1,93,Furuki Yuanxian ~ Death Echo,Extra Stage Collab
801158,413.9747,1,13,Bull's eye,Skystar's Extra
1395942,57.714,1,50,Interlude,Drama
1068383,70.9609,2,"65,54",Granat,Expert
1287292,25.0161,1,66,Hitokoto no Kyori,A Single Word Apart
5761017,13.3617,1,78,V (TV SIZE),New Horizons
1165064,10.8341,1,82,Zettai Tokken Shuchou Shimasu! Hoshi Syoko Solo Remix,Karia's Extra
1623892,4.7095,1,98,Granat,Ezreal's Serenity
4982029,928.4968,3,"3,31,79",Kani*Do-Luck! (TV Size),Fuxi's Crab
1993380,115.6093,1,36,Gokujo. no Jouken (TV Size),Azunyan's Extra
3121360,47.0704,2,"55,97",Heart Realize (TV Size),Happiness
2409644,19.0397,1,70,The Guinea Pig Is In Your Mind,A r M i N's Extra
4425089,59.2164,2,"86,51",Brazil,midwest's Expert
2774812,8.1478,2,"96,99",ne uchi (Cut Ver.),Reform's Expert
244224,10.1635,1,81,Cinderella Cage -Trancecore Mix-,Another
812590,24.0495,3,"97,72,99",My Dearest (TV Edit),Guilt
261705,3.8548,1,99,Just Awake (TV Size),Saten
2200923,16.0153,1,74,D.A.N.C.E.,Showcase
126229,30.6257,1,61,Dispel,Insane
137296,24.8114,1,65,The Creator,Saten
1813910,22.296,1,67,The Big Black,"Riddle me this, riddle me that..."
2586420,20.05,1,69,Voyage,Astronomical Entombing
5465089,11.2517,1,80,D Gang,Andrei MiX
1131424,8.1571,1,86,Tales of The Destinies,Predator
185443,6.2928,1,91,Omoide Kakera,Insane
1405981,4.1162,1,99,Gravity Falls Theme Song- 16 Bit Mix,Expert
3889361,71.7656,1,45,The Grimoire of Alice ~ Fushigi no Kuni no Alice,Ooedo Explosive Marionette
3796617,28.4123,1,62,The Epic Rage of Furious Thunder,For the Eternal Glory of Dundee
5488384,14.0759,1,75,MY FAITH,DETERMINATION
2158783,9.1847,1,83,Heart Demolition,Victim of Love
4888279,7.8525,1,86,Shinsou Sekai no Eve,Forbidden
3707345,182.0427,1,28,Toki to Uta,Euphoria
204536,298.626,2,"44,24",Prism Magical (DJ SHARPNEL hardrave remix),Extra Magical
2461017,40.8029,1,56,"Dreams come true -Hana Sakihokoru, Chikyuu no Moto de-",Collab Expert
726336,14.9197,1,75,Chase the Light! <TV size>,Insane
3047597,10.3255,1,82,Kuukirikigaku Shoujo to Shounen no Uta,lfj's Extra
4454452,8.8122,1,85,Easy? Hard? Shikashite Susume! (TV Size),Top Tier!
5093795,10.9887,1,81,Yubi Bouenkyou (TV Size),Wisdom
4848925,6.5143,1,91,Hajimete no Kakumei! (TV Size),browiec's Extra!
4656077,4.077,1,100,Last Friday Night (T.G.I.F.) (Whippa Hardstyle Remix),thank god it's friday
5167192,182.1496,1,28,from me to u (feat. Poppy) (Cut Ver.),gwb's Extra
4359355,172.4414,1,29,Dai Dai Dai Dai Daisuki na Kimi e <3 (TV Size),Extra
1449416,281.8361,3,"37,49,37",MY Mai*TONIGHT,Odore
2464763,59.5516,1,49,one,Expert
5101909,39.0289,1,57,Happy Birthday to You,nebuwua's Extra
1890080,19.8058,1,70,Chiisana Lion feat. Minami (CV: Toyonaga Toshiyuki),Allegiance
2980578,17.8448,1,72,220 - Kumano,Edgy's Extra
1725624,16.1033,1,74,Niji no Sora (TV Size),Sotarks no Jutsu
1367152,10.6224,1,82,Anime o Katare! ~Animegatari Doukoukai no Thema~,Kalibe's Extra
5141620,6.6263,1,91,Humiliation Supreme,tacoyaki's Expert
3010227,212.2127,1,25,SARABA ITOSHIKI KANASHIMI TACHIYO,Down's Insane
4436256,417.3462,2,"29,22",Karakasa Funtouki! ~Lactoferrin no Hate e~,Luscent's Extra Stage
4347684,131.0426,1,34,Despair Refrain,Special
3777700,23.2913,1,67,Hikousen,Our Blue Sky
898195,20.93,1,69,No Poi! (nenpulse bootleg remix),Amamiya Momoko's Collab
1824800,16.0904,1,74,Nameless Story (TV Size),Slime
39209,242.877,2,"85,23",Love Coloured Master Spark,Insane
1220498,7.7091,1,88,Gabriel Drop Kick,Angel & Devil
2113247,5.6445,1,94,No title,No difficulty name
5085570,4.8131,1,97,Madalena,Extra do Tarrasky
3585006,4.3308,1,99,apricot,Broken
4894777,8.2517,1,85,Shuumatsu no Mythologia,Insane
5556518,5.6281,1,92,From Under Cover (Caught Up In A Love Song),Insane
5319467,5.0729,1,94,My Heart Will Go On,Astronic's Insane
5680733,3.8834,1,99,ENTANGLE NIGHT,MITHEW'S ANOTHER
5583587,7.4505,1,88,Siege of Tobruk,The Rats of Tobruk
2982593,10.294,2,"97,93",Kimi no Na wo Hibikasete,Reverie
4037656,7.1009,1,89,Natsukashiki Touhou no Chi ~ Sic World,Extra Stage
3671976,5.4379,1,94,REASON,Meaning of Life
1721284,5.1565,1,95,Desire Drive ~ Desire Dream,Stage 4
3891621,190.0905,1,27,"Pain Remains I & II: Dancing Like Flames / After All I've Done, I'll Disappear",The Void I Have Become
4838452,47.1352,1,53,Moerder,Extra
3989774,34.3076,1,59,Saihate no Yuusha ni Love Song o,Twinkle's EXCEED
3917718,20.0882,1,69,Yotogibanashi no Kamikakushi,Nightmare
4364820,236.1932,2,"73,24",Equus,Pandemonium
2906357,221.4574,1,24,Coma,osu!ph Collab Expert
4864081,153.6118,2,"49,39",today is the day,november 17
3992816,57.2568,2,"58,66",Kizuitara Shunkashuutou (Cut Ver.),Ultra
3666952,22.5648,1,66,Highlight Highlight,Bloom
5116800,21.3598,1,67,Chocooo,Challenge
1514842,7.7496,1,86,Baton Road,-EXTRA-
4900492,5.5994,1,92,For You the Bellz Toll,Omekyu's Ultra
1008232,64.0817,1,47,Towa yori Towa ni,NiNo's Extra
1400912,25.9266,1,64,Catch the Moment -Radio Edit ver.-,Sotarks' Ultimate
2599455,11.8406,1,79,"Hello,world! (TV Size)",browiec's Extra
2282063,5.0935,1,95,"""Tenohira"" (TV Size)",browiec's Extreme
2120935,4.8377,1,96,"Fairytale,",Torment
772293,583.1469,1,7,Sewing Machine,Extreme
854824,366.7594,1,15,Cirno no Perfect Sansuu Kyoushitsu,N a s y a's Extra
400564,403.0626,2,"17,44",Gekiretsu de Kareinaru Hibi,Ba Ba Ba
91215,209.3926,1,25,Power of Dream (Night Fever Refix),Power of Stream
186599,136.4802,1,33,COME BACK TO MY HEART (Ryu* Remix),Extreme
254370,116.3941,1,36,Higurashi Moratorium,Frobe's Extra
1751873,98.5152,1,39,Kurayami no Kazaana,Extra
137303,63.6207,1,47,Toukasa Funtouki!~ Rakutoferin no Hate e ~,Lunatic
1946518,57.1317,1,49,Quinine -A2D SIDE-,ExtrA
1989147,53.9801,1,50,Happy Synthesizer,Expert
315260,48.3487,1,52,Kakushigoto,Insane
363662,33.4708,1,59,I Bet You'll Forget That Even If You Noticed That,Lunatic
50658,31.7796,1,60,I think we can go to the moon,Another
48096,28.558,1,62,Yakumo ~ JOINT STRUGGLE,Lunatic
93947,23.0898,1,66,God Speed,Insane
226279,150.0268,2,"70,33",Gigantic O.T.N,Guy's Extra
384718,16.7798,1,72,From Under Cover (Caught Up In A Love Song),Insane
2955953,15.8624,1,73,Lunatic Tears...,Collab
4425512,9.4265,1,83,Arrival of Tears,Insane
1463054,6.8505,1,89,Yakumo >>JOINT STRUGGLE,Another
1402367,7.6904,2,"100,100",MONSTER,DAVIDED'S EXTRA
1618799,344.2569,1,16,BUBBLE TEA (feat. juu & cinders),Battle's Insane
1956122,307.8026,1,18,Gold Dust,MiracleE's Extra
1361650,93.1357,1,40,Steklovata,Mismagius' Extra
989017,64.3134,1,47,STYX HELIX,Celsius' Death
1444708,64.235,3,"59,67,87",Secret Sister Complex,Flandre
979155,32.2573,1,60,(can you) understand me?,uhh?
724360,15.4074,1,74,Marble Soda,Noz's Extra
1528842,14.6062,1,75,Alternator Compilation,Marathon
585311,12.3707,1,78,Touch (Original Mix),Touching
2555552,11.7446,1,79,Hero In Me,Save The Day
1605059,6.1669,1,91,Megalovania Dual Mix,Insane
560453,5.5608,1,93,licca,Special
1820920,4.521,1,97,SHIORI (TV Size),Alphabet's Extra
2097119,4.0768,1,99,Kill The Beat,Extra
1827323,35.2119,1,57,quaver,Extra
4883674,39.2531,1,56,Crystalia,Special
5282140,7.3324,1,87,A Line In The Sand,Betrayal
5445633,6.5955,1,89,Nyan Cat,Myon
3755042,5.3102,1,93,Mother,Bereavement Reverie
333074,204.1879,1,26,Monosugoi Ikioide Keine ga Monosugoi Uta,Lunatic
1188549,66.0469,2,"53,70","Shounen yo, Tokkou no Sakigake to Nare",Catharsis
92426,35.0554,2,"61,99",Raijin no Migiude,Insane
682074,13.1751,1,77,Bakunana*Testroyer,Kami's Another
2282512,9.6234,1,83,Hollow,Disillusion Incarnate
733550,253.173,2,"27,45",Collapse,Extra
1405971,118.2029,1,36,NEVER SAY NEVER,Akitachi's Eternity
672494,77.2374,1,44,Haru Modoki,Springtime of Life
760894,58.6977,1,49,Ai no Scenario,Extra
1981269,47.5901,1,53,ODOREmotion,GAME OVER? NO!
995407,38.5307,1,57,Kimi ni Pierrot,HB's Expert
889322,32.854,1,60,Junshin Always,StarR's Extra
1200619,30.8382,1,61,Nagareboshi,Daybreak
577517,114.4727,2,"63,41",Genryuu Kaiko,Melody of Sanzu
889634,13.8666,1,76,(can you) understand me?,huh?
734910,8.152,1,86,Element of SPADA,Valor
2242526,7.3458,1,88,"Kono Hoshi de, Tada Hitotsu dake",Akitoshi's Insane
3781018,6.6108,1,90,My Hero! Up to you!,Lumine
4095167,5.3647,1,94,border (TV Size),Yotsugi
1541907,4.5921,1,97,Ai Wo Utae,Sincerity
4372620,84.313,1,42,Colorful,Resplendent
4462973,9.0578,1,84,by my side (feat. bixby),beside you
4840402,19.9753,1,69,Raison d'etre,Insane
818597,4.5305,1,97,Kuuchuu ni Shizumu Kishinjou ~ Counter-Clock World,Lunatic Collab
3000284,7.863,1,87,Imagination (Cut Ver.),amb1 & Xenon's Expert
1582674,4.6277,1,97,Asymmetry (TV Size),Sotarks' Kiss
2267377,20.8828,1,68,GET BACK,Expert
1720964,11.7034,1,79,UNION!!,Lobelia's MILLION MIX
2352087,159.8379,1,30,Kirameki Rider*,Shining Stars
4266638,40.3765,1,56,Koi Sekai,My Angel Cecilia <3
972626,19.1569,1,70,Yakimochi no Kotae -another story-,Insane
4230630,17.2387,1,72,Koi Sekai,Blessing
3962891,13.2395,1,77,Hikari no Hou e (feat. Such),Towards the Light (ft. dahkjdas)
1961963,9.0918,1,84,R,Insane
1807735,6.9284,1,89,Gravitation (TV Size),Imagine Breaker
4931910,21.8168,2,"76,86",Start Again (Cut Ver.),Extra
5166304,4.8359,1,95,From Under Cover (Caught Up In A Love Song),Time Freeze
1969005,290.3545,1,19,Rockefeller Street (Nightcore Mix),"1-2, 7 3."
1869619,35.2981,2,"79,65",Bison Charge,Extreme
2394642,10.5327,1,81,Megumi no Ame (TV Size),heavy rain
3214886,6.2275,1,91,Seimeisen,Lifeline
1473299,12.6782,2,"99,85",SANTA SAN,Akitoshi's Extra
4777711,312.6098,1,18,The Emptiness Machine (Cut Ver.),Fiery's Extreme
4911314,25.6843,1,63,Fuwa Fuwa Time (TV Size),Fluffy
4776778,10.5433,1,79,The Emptiness Machine (Cut Ver.),Nymphe's Extra
2709097,8.9267,1,82,Raison D'etre,EXist
4863124,7.8296,1,84,Fake Ass Friends (Cut Ver.),Social Camouflage
2173002,7.4111,1,85,Chikatto Chika Chika,General Secretary of the CPSU Central Committee
1831842,5.8261,1,89,Credo Revolution (Zardonic Remix),Another
2586235,3.7163,1,97,Natsukoi Hanabi (Sped Up Ver.),Paintings of the Night
1800218,8.2442,1,86,WARNING x WARNING x WARNING,Noble
475364,28.2754,2,"64,97",Polygon (feat. Reija Lee),Asphyxia's Insane
149388,17.4151,1,70,The Island (MaxNRG Remix),Insane
1780941,8.2145,1,84,A Man With A Plan,Yuii-'s Insane
56337,7.3477,1,86,Hina Choco Dark Matter,Lunatic
791029,6.9701,1,87,ALiVE,Just two of us <3
637477,5.6277,1,91,BLACK or WHITE?,INFINITE
1557814,5.0692,1,93,Gekkakou,Saten's Spiral Chaos
358272,4.3336,1,96,Far east nightbird (kors k Remix),Another
252003,3.9044,1,98,High-Priestess,Roxas' Another
2017555,436.653,1,12,Shoukei to Shikabane no Michi (TV Size),Doormat's Extra
1073071,411.0968,1,13,MERRY MERRY MERRY MENU... Ne!,Lami's Extra
4916014,130.6249,1,34,Tetoris,Expert
4544732,42.2984,1,55,Knock Knock,Daycore's Extra
2541332,33.9367,1,59,Painkiller,Expert
830250,27.4917,1,63,Sakura no Uta,litoluna's Extra
1316822,19.0533,1,70,Cynthia No Hikari,Nagori
4750683,16.2903,1,73,Usubeni,Nostalgia
2368575,10.6564,1,81,Magic people,Priest's Another
3470475,8.1779,1,86,Q,Zekk's Tragic Love Extra
3651552,6.2948,1,91,Feeling Stronger (feat. Charlotte Colley) (High Maintenance Remix),Expert
2021506,5.1102,1,95,Shoukei to Shikabane no Michi (TV Size),Musty's Insane
5518710,952.25,1,1,GARANDO,Aschente
2621468,392.8073,1,14,Fake,Promise
2559209,187.3517,1,26,JUSTadICE,Aspiration
1056207,140.7116,1,31,Aozora Jumping Heart,Sunshine
1974604,99.6758,1,37,THE APPLE IS CAST!,Resolve
2117268,79.0838,1,41,ODDS & ENDS,Resonating Voices of Absolution
1296925,58.9019,1,46,Aozora Jumping Heart,Akitoshi's Extreme!!
1114132,32.8923,1,57,Mousou Kajitsu,Climax
2367231,23.7096,1,63,impulse,Emotions
4996742,19.9377,1,66,Dokuryuu no Cobra,Extreme
5356993,14.4603,1,72,mint tears,fleeting adoration
2503284,4.0061,1,96,Voyage,Brain of the Moon
4547028,296.5636,1,18,Dr. Fondoom,me2u's Extra
4534858,171.5363,1,28,I.F.,Grand Finale
973824,94.0676,1,39,Hatsukoi no Ehon,Vert's Extra
2336375,84.7872,1,41,Dirty Air,Gens' Blaze
5484412,72.4165,1,44,B no Revenge (TV Size),Expert
4653776,68.7043,1,45,Symbol I : Fire,I : Burn Everything
153857,52.1952,1,50,Talent Shredder,Lesjuh style
5286436,57.0022,2,"55,70",Reality Check Through The Skull,You feel like you're going to have a bad time.
4722606,34.0411,1,58,Gott der Apokalypse,Enthullungen
5700757,30.5918,1,60,Seeing Lights,spy_ro's expert~
4054229,27.4411,1,62,Natsukashiki Touhou no Chi ~ Sic World,Sebas' Another
5432919,15.1501,1,73,Countdown,Liyuu's Extreme
4501741,8.3604,1,84,Gurenge (TV Size),Karen's Expert
3333745,7.9405,1,85,RPG,Divinity
5202229,7.1514,1,87,EXTINCTION,EVENT HORIZON
2247825,4.445,1,96,King For A Day (feat. Kellin Quinn),Ultra
2651771,4.2199,1,97,Put curse on you,Malediction
4867292,94.8774,2,"98,41",Humanoid,Broken Program
2825148,3.5888,1,100,You Need To Calm Down,Chill
5153810,12.9911,1,75,Dreamin' attraction!! (Extended Ver.),Astronic's Extreme!!
50845,453.4367,1,11,Kanojo Ga Ichiban Shoujo Nanoka?,KIRBY Mix
5295852,428.9475,1,12,Keikan no Senritsu,Crown
5152689,325.7351,1,17,Midorigo Queen Bee,Secret
5005763,277.4213,1,20,MENDES,One More Extra
4489979,53.4588,1,51,Kimi no Kioku -Reload-,Last Promise
4563463,45.5239,1,54,Hatsukoi Shoujo,your name
4469976,36.9276,1,58,first death,raijodo's extreme
5355995,31.5751,1,61,Niwashi KING,Windswept
4524272,29.9766,1,62,Minor Piece,Melancholy
5045056,14.4079,1,76,Colours (feat. Diamond Eyes),Impalpability
5201210,12.9546,1,78,Golden,Extra
2595770,9.9007,1,83,Tsukuri Kake no Shinshou,| |
3934531,8.0213,1,87,Rainbow Dash Likes Girls (Stay Gay Pony Girl),Blue Dragon & Mismagius' Collab Extreme
1329559,7.2184,1,89,Infinity of Our Love,Extra
4186354,6.1576,1,92,Endless Tewi-ma Park,Insane Bunny
4925296,4.7434,1,97,Record one's Dream,Re:Re:Start
5600296,23.8387,1,64,Konba Poison Reverse,Indolence
5505641,482.1307,1,10,Kiss Me When I'm Dead (Cut Ver.),Mita's Extra
5498886,82.2002,1,43,Kiss Me When I'm Dead (Cut Ver.),Mimari's Extra
5589418,28.21,1,63,I Can't Fit In,In Search of Meaning
4873751,18.5069,1,71,Bubblegum Bitch (Nightcore & Cut Ver.),Tylerderp's Extra
4908212,9.3294,1,84,Cold Green Eyes feat. Roos Denayer (Nightcore & Cut Ver.),Ram's Extra
4956752,7.9736,1,87,Kokou no Sousei (Cut Ver.),Plasma's Extra
3802256,165.3277,1,29,Shipwrecked,CAMO'S KEELHAULED
2462350,80.4267,1,42,Ray,Resonance
2168419,67.5719,1,45,Ghost Rule,CRN's Extra
4338756,60.4979,1,47,Cherry Bomb,Scarlet
3801848,57.3602,1,48,Fon Tok Mai,Rainfall
2462356,44.0595,1,53,Yubi Bouenkyou,Nevo's Expert
3629942,45.8754,2,"57,82",Break your desire,"Devote Your Heart and Soul, Unleash Your Innermost Ambition, Break Your Desire!"
4048251,17.7966,1,70,Ruedu,Seasons
4225699,6.5243,1,89,REGGAETON BUT IT HAS AMEN BREAKS,PRENDELO
4116304,6.1861,1,90,Under Heroine,Not Classic Extra
4423384,814.3837,1,2,No.39,kowari's Expert
4570451,726.411,1,4,Shoujo A,eNVy's Extra
3619116,383.5841,1,14,The Last War of Us,Calvaria's Extra
3626223,174.9259,1,28,Millennia,Frey's Extra
2027615,133.7721,1,33,Radiate,INSANE
2084629,77.217,1,43,ONIGIRI FREEWAY,EXTREME RICE
2146132,61.7193,1,47,Levitate,Vulture
1641637,42.1547,1,54,Densetsu no Matsuri,Oni
3182641,37.933,1,56,edamame,flakesjan's extra
4330411,23.7148,1,65,"Yuune Zekka, Ryouran no Sai",Collab Lunatic
712525,22.519,1,66,Helena,Extra
2098034,22.0069,2,"71,96",Yume wa Jikuu o Koete,Phantasmagoria
2929650,14.8086,1,74,Zetsu,LMT's Extra
3813999,11.9188,1,78,Cemetery Drive,Florescence's Gloom
4339979,9.16,1,83,Wa Yoderi,?
3902023,7.066,1,88,Kurenaikakei,Repent
1532314,6.6851,1,89,The Distance feat. Nakamura Maiko,Apart
1613687,4.8765,1,95,Sidetracked Day (Short Ver.),Distracted
3784712,33.8793,1,58,Insert Coin,Insane
4458052,27.503,1,62,Ki ga Kurutta Noise,Uri's Expert
4806931,16.1515,1,72,Wolf & Raven (Cut Ver.),mithew's Extra
1819782,36.9859,2,"77,64",Sakura Mirage (STARLiGHT Mix),Zizou's Insane
2845190,23.305,2,"85,73",Tokyo Teddy Bear,Insane
529358,6.2035,1,90,Aragami,Another
2071921,5.3024,1,93,"Truths, Ironies, The Secret Lyrics",Lunatic
4443610,4.3052,1,97,Muzyka nas svyazala (Dance Remix),Ilya Erokhov
2278502,12.0397,1,78,Toono Gensou Monogatari (MRM REMIX),Insane
4985693,6.2796,1,90,Just Leave Me Alone,It Means Everything
1410776,29.9034,1,61,Like A Man,Freestyle
1675830,111.628,1,37,Despacito ft. R3 Music Box,A r M i N's Extra
1972480,5.8279,1,93,MIND CONDUCTOR (TV Size),Sotarks' Magical Instinct
4246897,69.4542,2,"47,95",Shounen Ripples,Dream
2988775,36.1375,1,58,Ringo Ribbon,Kowari's Confession
2685697,45.5703,2,"67,66",STARTRAiN,spoken's Expert
2719431,20.8069,1,68,Hijitsuzaikei Joshitachi wa Dou Surya Ii Desu ka?,Insane
3724825,5.1887,1,94,caring is punk,extra?
4462888,150.201,1,31,EXISTENCE,SKIBIDI KOISHI
5090529,103.7524,1,38,World Lampshade [reunion],Heartbeats
3508931,51.9012,1,51,FREEDOM DiVE,UberFazz's ViViD
4446601,20.0964,1,69,Lavie,Dependence
4086545,11.8881,1,79,Kimiiro Subliminal,Luscent's Lunatic
5542524,6.295,1,91,Looping the Rooms feat. Hatsune Miku,Kuru! Kuru! Kuru! Kuru!
3266457,42.7341,1,53,AO-Infinity,Timeless
1626300,27.7955,1,61,Tenohira de odoru,Dancer
1634984,12.3714,1,76,Ring of Fire,Love is a Burning Thing
1860767,7.6435,1,85,A Word To The Wise,Punishment
1054400,9.3986,2,"90,100",Zouka de Arou to Shita Mono,Ancients
2006543,3.7936,1,98,Running Out Of Time,Timepieces
1922262,58.8841,1,48,Within (TV Size),New Beginning
5416763,7.948,1,86,Christmas Slop,Kuki's Expert+
4818662,11.5259,2,"92,89",God is a Girl (Nightcore & Cut Ver.),Reform's Extra
3039531,60.9002,1,48,Haikei Doppelganger,Who am I?
2976168,37.6805,1,57,ROZA DE ANDALUCIA,AdveNt's Crimson Extreme
1222063,30.4426,1,61,Chronostasis,Illusions
1441081,22.1632,1,67,Fury of the Storm,Kyshiro's Firestorm
2609903,11.6815,1,79,Trail of Dust,Stardust
1414762,7.2691,1,88,Hidra Heteromycin,Hymn
2974083,6.1865,1,91,ROZA DE ANDALUCIA,Bloody Burst
665787,9.8442,2,"94,97",MOON LIGHT WAVE,Effulgence
2962588,4.7786,1,96,Blacker Than,Greeted with Purrs of Remorse and Endless Gloom
2816023,4.0917,1,99,Knight of Sword,This light is hope of stars. A sign of life that illuminates earth-Excalibur-
2648402,120.0458,1,35,STRIKE THE BLOOD,"NO SENPAI, IT IS OUR BATTLE"
1768797,77.8872,1,43,Wakare no Namida wa Mata Au Hi made,Apologetic
1846898,27.7631,1,62,Rebellio,OUTRAGE
1961046,15.4341,1,73,Kimi no Na wo Hibikasete,a promise beyond the sky
2581271,14.6427,1,74,Dorothea,Shoujo -D-
3291179,12.5297,1,77,Fake.Fake.Fake,X
2153557,8.694,1,84,"Yuunagi, Bou, Hana Madoi",Collab Extra
266778,5.6515,1,92,The Venerable Ancient Battlefield ~ Suwa Foughten Field,Extra
5312748,152.3927,1,31,No title -10 Years Later Edition- (Cut Ver.),Extra
4841211,19.1645,1,70,LIES & TIES,Deception
4831782,16.3511,1,73,Fake out,Frustration
3813938,13.9811,1,76,Like the gale (Game Ver.),Escape
5081246,6.6828,1,90,Byoushin Zenkai Girl,Extreme
5206273,5.7102,1,93,masterpiece,Chaos
4687010,4.635,1,97,M,Let me Listen to your Voices
5420289,364.8404,1,15,Puppet in the Dark (Part I & II),Distant Horizon
5485473,82.9294,1,42,Masshiro na Kutsu,Pristine
3699768,67.2731,1,46,forever we can make it!,Cocomelon
2532278,41.7966,1,55,Backstabber (Sped Up & Cut Ver.),cRaZy
5714026,27.2095,1,63,Wheel of Fate,Unlucky
1701160,17.7727,1,71,Arcadia,Illusory
5142952,16.8245,1,72,You Goddamn Fish,Nogard
5229942,12.9107,1,77,Noble,Affection
4845178,10.9621,1,80,in the Garden (Cut Ver.),Blossom
4978375,10.414,1,81,Yotsuya-san ni Yoroshiku (Cut Ver.),Slough of Despond
3793937,8.8986,1,84,No Time to Explain,Slingshot
2988272,7.9837,1,86,Foul Play ni Kurari,First Love
4375269,65.3801,1,45,Hyakki Yakou -Pandemonic Night Parade-,Ritual
4849326,32.3932,1,58,Rainbow Rush Story,Festive Shining Melody
5541582,9.0213,1,82,Bass Slut (Original Mix) (Sped Up & Cut Ver.),Expert
85550,206.3936,1,25,Deep Space,Another
1731136,75.7145,1,44,Turii ~Panta rhei~,Muya's Another
1602267,32.0341,1,60,Mugen Mirai,Future
95795,28.8241,1,62,Maihime ~buki~,Another
173383,10.0531,1,82,AXION,Endgame
1610933,8.1417,1,86,Where Owls Know My Name,Emptiness
4692204,48.8677,1,52,Bullets,Polychromatic
2106818,33.7105,1,59,HAPPY HAPPY,YOU YOU YOU!
4682426,11.7737,1,79,Skyfall (Cut Ver.),Sotarks' Extra
4966451,11.1798,1,80,Blue Youth,extra
4577921,5.0101,1,95,Koiseyo Otome! (Game Ver.),Extreme
1505345,24.357,1,65,Shinde Shimau towa Nasakenai!,Insane
959091,14.2715,1,75,Lunatic Sky,-kevincela-'s Extra
4494314,4.0554,1,99,Sara,Nymphe's Expert
2010006,149.3643,1,31,Idola no Circus,Pierrot
3794275,127.405,1,34,Now Loading!!!! (TV Size),Azunyan's DLC!
2750752,79.5085,1,43,Happy End no Intro ga Kikoeru feat. Panaman,Everlasting
3399091,52.3908,1,51,worthless,Resolve
3641173,10.2744,1,82,Good-bye sengen,Bad Time
2509215,4.6929,1,97,STAY ONE,Betrayal
4440910,102.134,1,38,Bismuth,Fursum's Voyage
3758092,39.0702,1,56,New Genesis,THE ONE PIECE IS REAL
5427301,11.641,1,79,sukisukisukisukisukisukisukisukisuki feat. Hatsune Miku,obsessive
1978495,5.0331,1,95,Rockefeller Street (Nightcore Mix),Lami's Extra
5566594,167.9262,1,29,Ao to Natsu,Kirishima-'s Extra
3400285,102.538,1,38,melty love,Lustful Love
5050823,46.3929,1,53,Yotsuya-san ni Yoroshiku (Cut Ver.),Parad0xa's Expert
4850146,44.0137,1,54,Sendan Life (Cut Ver.),Extra
3419931,33.5102,1,59,Burning Soul,Desire
4807213,30.088,1,61,Reweave (TV Size),Log Off Now's Extra
4520417,24.3808,1,65,I swear,Captured Love
1032915,11.6333,1,79,Aitakatta Sora,Miracle
5426135,8.5105,1,85,petit bonheur (Game Ver.),First Kiss~
4895811,7.6726,1,87,Screaming Bloody Murder (Sped Up & Cut Ver.),Parad0xa's Extra
4582119,6.1996,1,91,"Soliste (Drama ""Saikou no Obahan Nakajima Haruko"" ver.)",Fate
5156589,4.7756,1,96,Marshmary,Share's Reflection at the Bottom of the Falling Sky
1759323,4.5311,1,97,Crystal Illusion,Dailycare's Insane
2103163,44.2509,1,53,In Due Time,Dada's Insane
4641236,39.7583,1,55,Diddy Kong Racing Theme,Ren's SIMP (Sniper Monkey)
930203,37.73,1,56,Koiiro ni Sake,Insane
5386988,21.0399,1,67,etheria,Another
3907957,12.9952,1,76,Tsuki ga Michiru,revoh's Insane
635375,11.1016,1,79,Desire,Hula's Super Insane
857431,5.2887,1,93,Brain Power,NiNo's EXHAUST
2025205,5.0205,1,94,Ankoku no Jyoukaku ni Shinkou Saru Igyou no Kyouki,Hime
4691907,3.8338,1,99,Pixel Planet,Knowledge's Extreme
4117115,3.6412,1,100,Durak i Molniya,A Way
1741498,468.0195,1,11,Hidamari no Uta,Expert
5669928,64.7256,1,45,Hidamari no Shi,Sunlit Echoes
4648021,30.7285,1,58,Skyfall (Cut Ver.),Nymphe's Extra
2150737,6.3772,1,87,Natsuzora Yell (TV Size),Reform's Expert
